2025-11-10 10:07:52,416 - INFO - auto_fusion - AutoFusion.py - 

===== Running AutoFusion =====
2025-11-10 10:07:52,483 - INFO - auto_fusion - AutoFusion.py - Patient_ID: 15613258 || CaseName: ZZZ_TESTING
2025-11-10 10:07:52,487 - INFO - auto_fusion - AutoFusion.py - Current Windows User: NYUMC\CLANCO01
2025-11-10 10:08:12,788 - INFO - auto_fusion - AutoFusion.py - 

===== Finished AutoFusion =====


2025-11-10 10:18:13,970 - INFO - auto_fusion - AutoFusion.py - 

===== Running AutoFusion =====
2025-11-10 10:18:14,041 - INFO - auto_fusion - AutoFusion.py - Patient_ID: 15613258 || CaseName: ZZZ_TESTING
2025-11-10 10:18:14,045 - INFO - auto_fusion - AutoFusion.py - Current Windows User: NYUMC\CLANCO01
2025-11-10 10:18:32,296 - INFO - auto_fusion - AutoFusion.py - 

===== Finished AutoFusion =====


2025-11-10 10:22:03,466 - INFO - auto_fusion - AutoFusion.py - 

===== Running AutoFusion =====
2025-11-10 10:22:03,535 - INFO - auto_fusion - AutoFusion.py - Patient_ID: 15613258 || CaseName: ZZZ_TESTING
2025-11-10 10:22:03,539 - INFO - auto_fusion - AutoFusion.py - Current Windows User: NYUMC\CLANCO01
2025-11-10 10:22:03,543 - ERROR - auto_fusion - main_auto_fusion.py - [FAILED] in main_eqd2.py.  Email notification sent.  Exception: No active exception to reraise
2025-11-10 10:22:10,567 - INFO - auto_fusion - AutoFusion.py - 

===== Finished AutoFusion =====


2025-11-10 10:22:41,150 - INFO - auto_fusion - AutoFusion.py - 

===== Running AutoFusion =====
2025-11-10 10:22:41,221 - INFO - auto_fusion - AutoFusion.py - Patient_ID: 15613258 || CaseName: ZZZ_TESTING
2025-11-10 10:22:41,225 - INFO - auto_fusion - AutoFusion.py - Current Windows User: NYUMC\CLANCO01
2025-11-10 10:22:41,228 - ERROR - auto_fusion - main_auto_fusion.py - [FAILED] in main_eqd2.py.  Email notification sent.  Exception: Debugging only...
2025-11-10 10:22:44,261 - INFO - auto_fusion - AutoFusion.py - 

===== Finished AutoFusion =====


2025-11-10 10:22:53,134 - INFO - auto_fusion - AutoFusion.py - 

===== Running AutoFusion =====
2025-11-10 10:22:53,204 - INFO - auto_fusion - AutoFusion.py - Patient_ID: 15613258 || CaseName: ZZZ_TESTING
2025-11-10 10:22:53,208 - INFO - auto_fusion - AutoFusion.py - Current Windows User: NYUMC\CLANCO01
2025-11-10 10:23:08,062 - INFO - auto_fusion - AutoFusion.py - 

===== Finished AutoFusion =====


2025-11-10 11:33:33,953 - INFO - auto_fusion - AutoFusion.py - 

===== Running AutoFusion =====
2025-11-10 11:33:34,054 - INFO - auto_fusion - AutoFusion.py - Patient_ID: 12303874 || CaseName: Case 1
2025-11-10 11:33:34,058 - INFO - auto_fusion - AutoFusion.py - Current Windows User: NYUMC\CHANG05
2025-11-10 11:33:41,789 - INFO - auto_fusion - AutoFusion.py - 

===== Finished AutoFusion =====


2025-11-10 11:45:22,071 - INFO - auto_fusion - AutoFusion.py - 

===== Running AutoFusion =====
2025-11-10 11:45:22,160 - INFO - auto_fusion - AutoFusion.py - Patient_ID: 13569971 || CaseName: Case 1
2025-11-10 11:45:22,164 - INFO - auto_fusion - AutoFusion.py - Current Windows User: NYUMC\CHANG05
2025-11-10 11:45:30,115 - INFO - auto_fusion - AutoFusion.py - 

===== Finished AutoFusion =====


2025-11-10 15:35:50,462 - INFO - auto_fusion - AutoFusion.py - 

===== Running AutoFusion =====
2025-11-10 15:35:50,565 - INFO - auto_fusion - AutoFusion.py - Patient_ID: 10312023 || CaseName: Case 1
2025-11-10 15:35:50,570 - INFO - auto_fusion - AutoFusion.py - Current Windows User: NYUMC\CHANG05
2025-11-10 15:35:58,848 - INFO - auto_fusion - AutoFusion.py - 

===== Finished AutoFusion =====


2025-11-10 16:03:56,214 - INFO - auto_fusion - AutoFusion.py - 

===== Running AutoFusion =====
2025-11-10 16:03:56,281 - INFO - auto_fusion - AutoFusion.py - Patient_ID: 00002024 || CaseName: Baseline
2025-11-10 16:03:56,285 - INFO - auto_fusion - AutoFusion.py - Current Windows User: NYUMC\CLANCO01
2025-11-10 16:13:13,134 - INFO - auto_fusion - AutoFusion.py - 

===== Running AutoFusion =====
2025-11-10 16:13:13,203 - INFO - auto_fusion - AutoFusion.py - Patient_ID: 00002024 || CaseName: Baseline
2025-11-10 16:13:13,207 - INFO - auto_fusion - AutoFusion.py - Current Windows User: NYUMC\CLANCO01
2025-11-10 16:20:05,998 - INFO - auto_fusion - AutoFusion.py - 

===== Running AutoFusion =====
2025-11-10 16:20:06,067 - INFO - auto_fusion - AutoFusion.py - Patient_ID: 00002024 || CaseName: Baseline
2025-11-10 16:20:06,071 - INFO - auto_fusion - AutoFusion.py - Current Windows User: NYUMC\CLANCO01
2025-11-10 16:20:26,502 - INFO - auto_fusion - AutoFusion.py - 

===== Finished AutoFusion =====


2025-11-11 07:26:37,393 - INFO - auto_fusion - AutoFusion.py - 

===== Running AutoFusion =====
2025-11-11 07:26:37,484 - INFO - auto_fusion - AutoFusion.py - Patient_ID: 00002024 || CaseName: Baseline
2025-11-11 07:26:37,488 - INFO - auto_fusion - AutoFusion.py - Current Windows User: NYUMC\CLANCO01
2025-11-11 14:31:57,300 - ERROR - auto_fusion - main_auto_fusion.py - [FAILED] in main_eqd2.py.  Email notification sent.  Exception: '>' not supported between instances of 'NoneType' and 'NoneType'
2025-11-11 14:33:37,223 - INFO - auto_fusion - AutoFusion.py - 

===== Running AutoFusion =====
2025-11-11 14:33:37,292 - INFO - auto_fusion - AutoFusion.py - Patient_ID: 00002025 || CaseName: Baseline
2025-11-11 14:33:37,296 - INFO - auto_fusion - AutoFusion.py - Current Windows User: NYUMC\CLANCO01
2025-11-11 14:33:37,841 - ERROR - auto_fusion - main_auto_fusion.py - [FAILED] in main_eqd2.py.  Email notification sent.  Exception: '>' not supported between instances of 'NoneType' and 'NoneType'
2025-11-11 14:33:59,058 - INFO - auto_fusion - AutoFusion.py - 

===== Finished AutoFusion =====


2025-11-11 14:36:29,073 - INFO - auto_fusion - AutoFusion.py - 

===== Running AutoFusion =====
2025-11-11 14:36:29,140 - INFO - auto_fusion - AutoFusion.py - Patient_ID: 00002025 || CaseName: Baseline
2025-11-11 14:36:29,144 - INFO - auto_fusion - AutoFusion.py - Current Windows User: NYUMC\CLANCO01
2025-11-11 14:36:29,694 - ERROR - auto_fusion - main_auto_fusion.py - [FAILED] in main_eqd2.py.  Email notification sent.  Exception: Cannot get managed object
2025-11-11 14:36:44,804 - INFO - auto_fusion - AutoFusion.py - 

===== Finished AutoFusion =====


2025-11-11 14:38:00,676 - INFO - auto_fusion - AutoFusion.py - 

===== Running AutoFusion =====
2025-11-11 14:38:00,744 - INFO - auto_fusion - AutoFusion.py - Patient_ID: 00002025 || CaseName: Baseline
2025-11-11 14:38:00,748 - INFO - auto_fusion - AutoFusion.py - Current Windows User: NYUMC\CLANCO01
2025-11-12 10:05:38,939 - INFO - auto_fusion - AutoFusion.py - 

===== Running AutoFusion =====
2025-11-12 10:05:39,029 - INFO - auto_fusion - AutoFusion.py - Patient_ID: 14469799 || CaseName: Case 1
2025-11-12 10:05:39,033 - INFO - auto_fusion - AutoFusion.py - Current Windows User: NYUMC\MACMEW01
2025-11-12 10:05:46,606 - INFO - auto_fusion - AutoFusion.py - 

===== Finished AutoFusion =====


2025-11-12 10:06:59,627 - INFO - auto_fusion - AutoFusion.py - 

===== Running AutoFusion =====
2025-11-12 10:06:59,695 - INFO - auto_fusion - AutoFusion.py - Patient_ID: 14469799 || CaseName: Case 1
2025-11-12 10:06:59,699 - INFO - auto_fusion - AutoFusion.py - Current Windows User: NYUMC\MACMEW01
2025-11-12 10:07:07,216 - INFO - auto_fusion - AutoFusion.py - 

===== Finished AutoFusion =====


2025-11-12 10:49:57,294 - INFO - auto_fusion - AutoFusion.py - 

===== Running AutoFusion =====
2025-11-12 10:49:57,382 - INFO - auto_fusion - AutoFusion.py - Patient_ID: 9860186 || CaseName: Case 1
2025-11-12 10:49:57,386 - INFO - auto_fusion - AutoFusion.py - Current Windows User: NYUMC\WESTJ05
2025-11-12 10:50:05,265 - INFO - auto_fusion - AutoFusion.py - 

===== Finished AutoFusion =====


2025-11-12 11:43:58,226 - INFO - auto_fusion - AutoFusion.py - 

===== Running AutoFusion =====
2025-11-12 11:43:58,293 - INFO - auto_fusion - AutoFusion.py - Patient_ID: 12426536 || CaseName: Case 1
2025-11-12 11:43:58,296 - INFO - auto_fusion - AutoFusion.py - Current Windows User: NYUMC\WESTJ05
2025-11-12 11:44:06,483 - INFO - auto_fusion - AutoFusion.py - 

===== Finished AutoFusion =====


2025-11-12 13:46:55,207 - INFO - auto_fusion - AutoFusion.py - 

===== Running AutoFusion =====
2025-11-12 13:46:55,298 - INFO - auto_fusion - AutoFusion.py - Patient_ID: 12654341 || CaseName: Case 3
2025-11-12 13:46:55,302 - INFO - auto_fusion - AutoFusion.py - Current Windows User: NYUMC\CHANG05
2025-11-12 13:47:03,503 - INFO - auto_fusion - AutoFusion.py - 

===== Finished AutoFusion =====


2025-11-13 14:12:40,621 - INFO - auto_fusion - AutoFusionTesting.py - 

===== Running AutoFusion =====
2025-11-13 14:12:40,727 - INFO - auto_fusion - AutoFusionTesting.py - Patient_ID: 9823461111 || CaseName: EmptyCase
2025-11-13 14:12:40,732 - INFO - auto_fusion - AutoFusionTesting.py - Current Windows User: NYUMC\CLANCO01
2025-11-13 14:12:40,733 - INFO - auto_fusion - main_auto_fusionV2.py - Intializaing AutoFusion...
2025-11-13 14:12:41,004 - ERROR - auto_fusion - main_auto_fusionV2.py - [FAILED] in main_eqd2.py.  Email notification sent.  Exception: argument of type 'NoneType' is not iterable
2025-11-14 11:25:16,330 - INFO - auto_fusion - AutoFusion.py - 

===== Running AutoFusion =====
2025-11-14 11:25:16,449 - INFO - auto_fusion - AutoFusion.py - Patient_ID: 12351564 || CaseName: Case 1
2025-11-14 11:25:16,455 - INFO - auto_fusion - AutoFusion.py - Current Windows User: NYUMC\MACMEW01
2025-11-14 11:25:24,818 - INFO - auto_fusion - AutoFusion.py - 

===== Finished AutoFusion =====


2025-11-14 12:57:34,668 - INFO - auto_fusion - AutoFusion.py - 

===== Running AutoFusion =====
2025-11-14 12:57:34,759 - INFO - auto_fusion - AutoFusion.py - Patient_ID: 5255696 || CaseName: Case 1
2025-11-14 12:57:34,762 - INFO - auto_fusion - AutoFusion.py - Current Windows User: NYUMC\MACMEW01
2025-11-14 12:57:43,327 - INFO - auto_fusion - AutoFusion.py - 

===== Finished AutoFusion =====


2025-11-14 13:32:49,566 - INFO - auto_fusion - AutoFusion.py - 

===== Running AutoFusion =====
2025-11-14 13:32:49,635 - INFO - auto_fusion - AutoFusion.py - Patient_ID: 11168801 || CaseName: Case 1
2025-11-14 13:32:49,639 - INFO - auto_fusion - AutoFusion.py - Current Windows User: NYUMC\MACMEW01
2025-11-14 13:32:58,054 - INFO - auto_fusion - AutoFusion.py - 

===== Finished AutoFusion =====


2025-11-14 15:12:54,936 - INFO - auto_fusion - AutoFusion.py - 

===== Running AutoFusion =====
2025-11-14 15:12:55,040 - INFO - auto_fusion - AutoFusion.py - Patient_ID: 17673432 || CaseName: Case 1
2025-11-14 15:12:55,044 - INFO - auto_fusion - AutoFusion.py - Current Windows User: NYUMC\CHANG05
2025-11-14 15:13:03,494 - INFO - auto_fusion - AutoFusion.py - 

===== Finished AutoFusion =====


2025-11-17 07:49:10,333 - INFO - auto_fusion - AutoFusion.py - 

===== Running AutoFusion =====
2025-11-17 07:49:10,438 - INFO - auto_fusion - AutoFusion.py - Patient_ID: 17568116 || CaseName: Case 1
2025-11-17 07:49:10,445 - INFO - auto_fusion - AutoFusion.py - Current Windows User: NYUMC\DIBARD04
2025-11-17 07:49:17,198 - INFO - auto_fusion - AutoFusion.py - 

===== Finished AutoFusion =====


2025-11-17 10:41:51,533 - INFO - auto_fusion - AutoFusion.py - 

===== Running AutoFusion =====
2025-11-17 10:41:51,625 - INFO - auto_fusion - AutoFusion.py - Patient_ID: 11478080 || CaseName: Case 1
2025-11-17 10:41:51,633 - INFO - auto_fusion - AutoFusion.py - Current Windows User: NYUMC\CHANG05
2025-11-17 10:41:59,598 - INFO - auto_fusion - AutoFusion.py - 

===== Finished AutoFusion =====


2025-11-17 10:48:50,401 - INFO - auto_fusion - AutoFusion.py - 

===== Running AutoFusion =====
2025-11-17 10:48:50,508 - INFO - auto_fusion - AutoFusion.py - Patient_ID: 15830932 || CaseName: Case 1
2025-11-17 10:48:50,512 - INFO - auto_fusion - AutoFusion.py - Current Windows User: NYUMC\CHANG05
2025-11-17 10:48:57,842 - INFO - auto_fusion - AutoFusion.py - 

===== Finished AutoFusion =====


2025-11-17 11:01:36,601 - INFO - auto_fusion - AutoFusion.py - 

===== Running AutoFusion =====
2025-11-17 11:01:36,693 - INFO - auto_fusion - AutoFusion.py - Patient_ID: 17496255 || CaseName: Case 2
2025-11-17 11:01:36,697 - INFO - auto_fusion - AutoFusion.py - Current Windows User: NYUMC\CHANG05
2025-11-17 11:01:45,450 - INFO - auto_fusion - AutoFusion.py - 

===== Finished AutoFusion =====


2025-11-17 12:48:22,632 - INFO - auto_fusion - AutoFusion.py - 

===== Running AutoFusion =====
2025-11-17 12:48:22,736 - INFO - auto_fusion - AutoFusion.py - Patient_ID: 17312577 || CaseName: Case 1
2025-11-17 12:48:22,740 - INFO - auto_fusion - AutoFusion.py - Current Windows User: NYUMC\CHANG05
2025-11-17 12:48:31,303 - INFO - auto_fusion - AutoFusion.py - 

===== Finished AutoFusion =====


2025-11-19 09:39:16,137 - INFO - auto_fusion - AutoFusion.py - 

===== Running AutoFusion =====
2025-11-19 09:39:16,226 - INFO - auto_fusion - AutoFusion.py - Patient_ID: 15210295 || CaseName: Case 2
2025-11-19 09:39:16,230 - INFO - auto_fusion - AutoFusion.py - Current Windows User: NYUMC\DIBARD04
2025-11-19 09:39:24,700 - INFO - auto_fusion - AutoFusion.py - 

===== Finished AutoFusion =====


2025-11-19 10:28:18,223 - INFO - auto_fusion - AutoFusion.py - 

===== Running AutoFusion =====
2025-11-19 10:28:18,314 - INFO - auto_fusion - AutoFusion.py - Patient_ID: 17635379 || CaseName: Case 1
2025-11-19 10:28:18,318 - INFO - auto_fusion - AutoFusion.py - Current Windows User: NYUMC\CHANG05
2025-11-19 10:28:27,080 - INFO - auto_fusion - AutoFusion.py - 

===== Finished AutoFusion =====


2025-11-19 10:44:50,302 - INFO - auto_fusion - AutoFusion.py - 

===== Running AutoFusion =====
2025-11-19 10:44:50,371 - INFO - auto_fusion - AutoFusion.py - Patient_ID: 11225711 || CaseName: Case 1
2025-11-19 10:44:50,375 - INFO - auto_fusion - AutoFusion.py - Current Windows User: NYUMC\CHANG05
2025-11-19 10:45:23,469 - INFO - auto_fusion - AutoFusion.py - 

===== Running AutoFusion =====
2025-11-19 10:45:23,536 - INFO - auto_fusion - AutoFusion.py - Patient_ID: 11225711 || CaseName: Case 1
2025-11-19 10:45:23,540 - INFO - auto_fusion - AutoFusion.py - Current Windows User: NYUMC\CHANG05
2025-11-19 10:46:02,430 - ERROR - auto_fusion - main_auto_fusion.py - [FAILED] in main_eqd2.py.  Email notification sent.  Exception: RaySearch.CorePlatform.Framework.PreConditionViolationException: There is no geometry set for ROI Bone_Mandible.
   at RaySearch.CorePlatform.Presentation.PatientModeling.ScriptMethods.Rois.GetCenterOfRoi.Call(RoiGeometry context, NoScriptMethodArgs args)
   at RaySearch.CorePlatform.Framework.Scripting.ScriptMethod`3.RaySearch.CorePlatform.Framework.Scripting.IScriptMethod.Call(ICompositeObject context, Object args)
   at RaySearch.Scripting.ScriptService.ScriptService.InvokeScriptMethod_(DataEntity& returnData, DataEntity[] arguments, IScriptMethod method, ICompositeObject context, String methodName)
   at ScriptClient.CPythonScriptMethod.Invoke(String[] argNames, Object[] argValues)
2025-11-19 10:47:23,583 - INFO - auto_fusion - AutoFusion.py - 

===== Running AutoFusion =====
2025-11-19 10:47:23,649 - INFO - auto_fusion - AutoFusion.py - Patient_ID: 11225711 || CaseName: Case 1
2025-11-19 10:47:23,653 - INFO - auto_fusion - AutoFusion.py - Current Windows User: NYUMC\CHANG05
2025-11-19 10:48:15,854 - INFO - auto_fusion - AutoFusion.py - 

===== Finished AutoFusion =====


2025-11-19 13:06:56,125 - INFO - auto_fusion - AutoFusion.py - 

===== Running AutoFusion =====
2025-11-19 13:06:56,214 - INFO - auto_fusion - AutoFusion.py - Patient_ID: 12707306 || CaseName: Case 1
2025-11-19 13:06:56,217 - INFO - auto_fusion - AutoFusion.py - Current Windows User: NYUMC\CHANG05
2025-11-19 13:08:38,943 - INFO - auto_fusion - AutoFusion.py - 

===== Finished AutoFusion =====


2025-11-19 13:14:09,941 - INFO - auto_fusion - AutoFusion.py - 

===== Running AutoFusion =====
2025-11-19 13:14:10,009 - INFO - auto_fusion - AutoFusion.py - Patient_ID: 12707306 || CaseName: Case 1
2025-11-19 13:14:10,013 - INFO - auto_fusion - AutoFusion.py - Current Windows User: NYUMC\CHANG05
2025-11-19 13:14:54,955 - INFO - auto_fusion - AutoFusion.py - 

===== Finished AutoFusion =====


2025-11-19 13:31:05,351 - INFO - auto_fusion - AutoFusion.py - 

===== Running AutoFusion =====
2025-11-19 13:31:05,442 - INFO - auto_fusion - AutoFusion.py - Patient_ID: 10377705 || CaseName: Case 1
2025-11-19 13:31:05,446 - INFO - auto_fusion - AutoFusion.py - Current Windows User: NYUMC\CHANG05
2025-11-19 13:31:14,165 - INFO - auto_fusion - AutoFusion.py - 

===== Finished AutoFusion =====


2025-11-19 14:40:42,423 - INFO - auto_fusion - AutoFusion.py - 

===== Running AutoFusion =====
2025-11-19 14:40:42,510 - INFO - auto_fusion - AutoFusion.py - Patient_ID: 17670989 || CaseName: Case 1
2025-11-19 14:40:42,514 - INFO - auto_fusion - AutoFusion.py - Current Windows User: NYUMC\CHANG05
2025-11-19 14:42:05,801 - INFO - auto_fusion - AutoFusion.py - 

===== Finished AutoFusion =====


2025-11-19 14:53:26,816 - INFO - auto_fusion - AutoFusion.py - 

===== Running AutoFusion =====
2025-11-19 14:53:26,883 - INFO - auto_fusion - AutoFusion.py - Patient_ID: 12315118 || CaseName: Case 2
2025-11-19 14:53:26,888 - INFO - auto_fusion - AutoFusion.py - Current Windows User: NYUMC\MACMEW01
2025-11-19 14:53:39,759 - INFO - auto_fusion - AutoFusion.py - 

===== Finished AutoFusion =====


2025-11-20 14:45:38,765 - INFO - auto_fusion - AutoFusion.py - 

===== Running AutoFusion =====
2025-11-20 14:45:38,853 - INFO - auto_fusion - AutoFusion.py - Patient_ID: 11645206 || CaseName: Case 1
2025-11-20 14:45:38,857 - INFO - auto_fusion - AutoFusion.py - Current Windows User: NYUMC\TAYLOM20
2025-11-20 14:45:45,562 - INFO - auto_fusion - AutoFusion.py - 

===== Finished AutoFusion =====


2025-11-20 14:53:01,639 - INFO - auto_fusion - AutoFusion.py - 

===== Running AutoFusion =====
2025-11-20 14:53:01,709 - INFO - auto_fusion - AutoFusion.py - Patient_ID: 8889812 || CaseName: Case 1
2025-11-20 14:53:01,713 - INFO - auto_fusion - AutoFusion.py - Current Windows User: NYUMC\CHANG05
2025-11-20 14:54:03,305 - INFO - auto_fusion - AutoFusion.py - 

===== Finished AutoFusion =====


2025-11-21 10:18:10,316 - INFO - auto_fusion - AutoFusion.py - 

===== Running AutoFusion =====
2025-11-21 10:18:10,387 - INFO - auto_fusion - AutoFusion.py - Patient_ID: 13695898 || CaseName: Case 1
2025-11-21 10:18:10,393 - INFO - auto_fusion - AutoFusion.py - Current Windows User: NYUMC\MACMEW01
2025-11-21 10:18:24,293 - INFO - auto_fusion - AutoFusion.py - 

===== Finished AutoFusion =====


2025-11-21 10:33:15,845 - INFO - auto_fusion - AutoFusion.py - 

===== Running AutoFusion =====
2025-11-21 10:33:15,934 - INFO - auto_fusion - AutoFusion.py - Patient_ID: 12315118 || CaseName: Case 2
2025-11-21 10:33:15,938 - INFO - auto_fusion - AutoFusion.py - Current Windows User: NYUMC\CHANG05
2025-11-21 10:34:25,319 - INFO - auto_fusion - AutoFusion.py - 

===== Finished AutoFusion =====


2025-11-21 11:47:13,728 - INFO - auto_fusion - AutoFusion.py - 

===== Running AutoFusion =====
2025-11-21 11:47:13,797 - INFO - auto_fusion - AutoFusion.py - Patient_ID: 12387087 || CaseName: Case 1
2025-11-21 11:47:13,801 - INFO - auto_fusion - AutoFusion.py - Current Windows User: NYUMC\MACMEW01
2025-11-21 11:47:29,004 - INFO - auto_fusion - AutoFusion.py - 

===== Finished AutoFusion =====


2025-11-21 13:03:52,058 - INFO - auto_fusion - AutoFusion.py - 

===== Running AutoFusion =====
2025-11-21 13:03:52,144 - INFO - auto_fusion - AutoFusion.py - Patient_ID: 12562005 || CaseName: Case 1
2025-11-21 13:03:52,149 - INFO - auto_fusion - AutoFusion.py - Current Windows User: NYUMC\MACMEW01
2025-11-21 13:04:05,134 - INFO - auto_fusion - AutoFusion.py - 

===== Finished AutoFusion =====


2025-11-21 14:14:35,718 - INFO - auto_fusion - AutoFusion.py - 

===== Running AutoFusion =====
2025-11-21 14:14:35,787 - INFO - auto_fusion - AutoFusion.py - Patient_ID: 11174045 || CaseName: Case 2
2025-11-21 14:14:35,791 - INFO - auto_fusion - AutoFusion.py - Current Windows User: NYUMC\MACMEW01
2025-11-21 14:14:52,551 - INFO - auto_fusion - AutoFusion.py - 

===== Finished AutoFusion =====


2025-11-24 09:13:15,084 - INFO - auto_fusion - AutoFusion.py - 

===== Running AutoFusion =====
2025-11-24 09:13:15,153 - INFO - auto_fusion - AutoFusion.py - Patient_ID: 12276225 || CaseName: Case 1
2025-11-24 09:13:15,158 - INFO - auto_fusion - AutoFusion.py - Current Windows User: NYUMC\WESTJ05
2025-11-24 09:13:47,142 - INFO - auto_fusion - AutoFusion.py - 

===== Running AutoFusion =====
2025-11-24 09:13:47,208 - INFO - auto_fusion - AutoFusion.py - Patient_ID: 12276225 || CaseName: Case 1
2025-11-24 09:13:47,212 - INFO - auto_fusion - AutoFusion.py - Current Windows User: NYUMC\WESTJ05
2025-11-24 09:14:35,057 - INFO - auto_fusion - AutoFusion.py - 

===== Finished AutoFusion =====


2025-11-24 10:32:36,387 - INFO - auto_fusion - AutoFusion.py - 

===== Running AutoFusion =====
2025-11-24 10:32:36,479 - INFO - auto_fusion - AutoFusion.py - Patient_ID: 0641743 || CaseName: Case 1
2025-11-24 10:32:36,484 - INFO - auto_fusion - AutoFusion.py - Current Windows User: NYUMC\CHANG05
2025-11-24 10:32:43,787 - INFO - auto_fusion - AutoFusion.py - 

===== Finished AutoFusion =====


2025-11-24 10:37:56,936 - INFO - auto_fusion - AutoFusion.py - 

===== Running AutoFusion =====
2025-11-24 10:37:57,027 - INFO - auto_fusion - AutoFusion.py - Patient_ID: 9026878 || CaseName: Case 2
2025-11-24 10:37:57,031 - INFO - auto_fusion - AutoFusion.py - Current Windows User: NYUMC\CHANG05
2025-11-24 10:38:04,542 - INFO - auto_fusion - AutoFusion.py - 

===== Finished AutoFusion =====


2025-11-24 10:58:39,009 - INFO - auto_fusion - AutoFusion.py - 

===== Running AutoFusion =====
2025-11-24 10:58:39,126 - INFO - auto_fusion - AutoFusion.py - Patient_ID: 9120031 || CaseName: Case 1
2025-11-24 10:58:39,131 - INFO - auto_fusion - AutoFusion.py - Current Windows User: NYUMC\MACMEW01
2025-11-24 10:58:47,864 - INFO - auto_fusion - AutoFusion.py - 

===== Finished AutoFusion =====


2025-11-24 14:22:49,699 - INFO - auto_fusion - AutoFusion.py - 

===== Running AutoFusion =====
2025-11-24 14:22:49,769 - INFO - auto_fusion - AutoFusion.py - Patient_ID: 16066508 || CaseName: Case 2
2025-11-24 14:22:49,773 - INFO - auto_fusion - AutoFusion.py - Current Windows User: NYUMC\MACMEW01
2025-11-24 14:23:53,977 - INFO - auto_fusion - AutoFusion.py - 

===== Finished AutoFusion =====


2025-11-24 16:19:46,671 - INFO - auto_fusion - AutoFusion.py - 

===== Running AutoFusion =====
2025-11-24 16:19:46,760 - INFO - auto_fusion - AutoFusion.py - Patient_ID: 11168801 || CaseName: Case 1
2025-11-24 16:19:46,764 - INFO - auto_fusion - AutoFusion.py - Current Windows User: NYUMC\CHANG05
2025-11-24 16:20:30,391 - INFO - auto_fusion - AutoFusion.py - 

===== Finished AutoFusion =====


2025-11-26 14:00:59,071 - INFO - auto_fusion - AutoFusion.py - 

===== Running AutoFusion =====
2025-11-26 14:00:59,161 - INFO - auto_fusion - AutoFusion.py - Patient_ID: 17431182 || CaseName: Case 1
2025-11-26 14:00:59,165 - INFO - auto_fusion - AutoFusion.py - Current Windows User: NYUMC\CHANG05
2025-11-26 14:01:08,229 - INFO - auto_fusion - AutoFusion.py - 

===== Finished AutoFusion =====


2025-12-01 10:04:10,279 - INFO - auto_fusion - AutoFusion.py - 

===== Running AutoFusion =====
2025-12-01 10:04:10,363 - INFO - auto_fusion - AutoFusion.py - Patient_ID: 15285065 || CaseName: Case 1
2025-12-01 10:04:10,367 - INFO - auto_fusion - AutoFusion.py - Current Windows User: NYUMC\WESTJ05
2025-12-01 10:04:18,478 - INFO - auto_fusion - AutoFusion.py - 

===== Finished AutoFusion =====


2025-12-01 10:26:44,240 - INFO - auto_fusion - AutoFusion.py - 

===== Running AutoFusion =====
2025-12-01 10:26:44,364 - INFO - auto_fusion - AutoFusion.py - Patient_ID: 12572656 || CaseName: Case 3
2025-12-01 10:26:44,370 - INFO - auto_fusion - AutoFusion.py - Current Windows User: NYUMC\DIBARD04
2025-12-01 10:26:54,242 - INFO - auto_fusion - AutoFusion.py - 

===== Finished AutoFusion =====


2025-12-01 13:26:11,485 - INFO - auto_fusion - AutoFusion.py - 

===== Running AutoFusion =====
2025-12-01 13:26:11,552 - INFO - auto_fusion - AutoFusion.py - Patient_ID: 12429410 || CaseName: Case 1
2025-12-01 13:26:11,556 - INFO - auto_fusion - AutoFusion.py - Current Windows User: NYUMC\WESTJ05
2025-12-01 13:26:20,242 - INFO - auto_fusion - AutoFusion.py - 

===== Finished AutoFusion =====


2025-12-01 14:39:40,818 - INFO - auto_fusion - AutoFusion.py - 

===== Running AutoFusion =====
2025-12-01 14:39:40,909 - INFO - auto_fusion - AutoFusion.py - Patient_ID: 12737576 || CaseName: Case 2
2025-12-01 14:39:40,917 - INFO - auto_fusion - AutoFusion.py - Current Windows User: NYUMC\CHANG05
2025-12-01 14:39:49,344 - INFO - auto_fusion - AutoFusion.py - 

===== Finished AutoFusion =====


2025-12-03 09:33:00,576 - INFO - auto_fusion - AutoFusion.py - 

===== Running AutoFusion =====
2025-12-03 09:33:00,646 - INFO - auto_fusion - AutoFusion.py - Patient_ID: 17644161 || CaseName: Case 1
2025-12-03 09:33:00,650 - INFO - auto_fusion - AutoFusion.py - Current Windows User: NYUMC\WESTJ05
2025-12-03 10:34:18,305 - INFO - auto_fusion - AutoFusion.py - 

===== Running AutoFusion =====
2025-12-03 10:34:18,393 - INFO - auto_fusion - AutoFusion.py - Patient_ID: 13212514 || CaseName: Case 1
2025-12-03 10:34:18,397 - INFO - auto_fusion - AutoFusion.py - Current Windows User: NYUMC\CHANG05
2025-12-03 10:34:35,495 - INFO - auto_fusion - AutoFusion.py - 

===== Finished AutoFusion =====


2025-12-03 13:23:49,212 - INFO - auto_fusion - AutoFusion.py - 

===== Running AutoFusion =====
2025-12-03 13:23:49,300 - INFO - auto_fusion - AutoFusion.py - Patient_ID: 15239363 || CaseName: Case 1
2025-12-03 13:23:49,304 - INFO - auto_fusion - AutoFusion.py - Current Windows User: NYUMC\CHANG05
2025-12-03 13:23:58,235 - INFO - auto_fusion - AutoFusion.py - 

===== Finished AutoFusion =====


2025-12-03 13:34:06,762 - INFO - auto_fusion - AutoFusion.py - 

===== Running AutoFusion =====
2025-12-03 13:34:06,865 - INFO - auto_fusion - AutoFusion.py - Patient_ID: 10257387 || CaseName: Case 1
2025-12-03 13:34:06,869 - INFO - auto_fusion - AutoFusion.py - Current Windows User: NYUMC\CHANG05
2025-12-03 13:34:14,735 - INFO - auto_fusion - AutoFusion.py - 

===== Finished AutoFusion =====


2025-12-03 13:49:00,053 - INFO - auto_fusion - AutoFusion.py - 

===== Running AutoFusion =====
2025-12-03 13:49:00,154 - INFO - auto_fusion - AutoFusion.py - Patient_ID: 9840409 || CaseName: Case 1
2025-12-03 13:49:00,159 - INFO - auto_fusion - AutoFusion.py - Current Windows User: NYUMC\DIBARD04
2025-12-03 13:49:55,369 - INFO - auto_fusion - AutoFusion.py - 

===== Finished AutoFusion =====


2025-12-03 15:49:50,100 - INFO - auto_fusion - AutoFusion.py - 

===== Running AutoFusion =====
2025-12-03 15:49:50,170 - INFO - auto_fusion - AutoFusion.py - Patient_ID: 9216577 || CaseName: Case 1
2025-12-03 15:49:50,174 - INFO - auto_fusion - AutoFusion.py - Current Windows User: NYUMC\MACMEW01
2025-12-03 15:50:04,640 - INFO - auto_fusion - AutoFusion.py - 

===== Finished AutoFusion =====


2025-12-04 10:02:09,504 - INFO - auto_fusion - AutoFusion.py - 

===== Running AutoFusion =====
2025-12-04 10:02:09,590 - INFO - auto_fusion - AutoFusion.py - Patient_ID: 16259755 || CaseName: Case 2
2025-12-04 10:02:09,595 - INFO - auto_fusion - AutoFusion.py - Current Windows User: NYUMC\MACMEW01
2025-12-04 10:02:25,521 - INFO - auto_fusion - AutoFusion.py - 

===== Finished AutoFusion =====


2025-12-04 14:03:49,765 - INFO - auto_fusion - AutoFusion.py - 

===== Running AutoFusion =====
2025-12-04 14:03:49,854 - INFO - auto_fusion - AutoFusion.py - Patient_ID: 9825937 || CaseName: Case 2
2025-12-04 14:03:49,858 - INFO - auto_fusion - AutoFusion.py - Current Windows User: NYUMC\CHANG05
2025-12-04 14:04:48,611 - INFO - auto_fusion - AutoFusion.py - 

===== Finished AutoFusion =====


2025-12-04 14:44:08,530 - INFO - auto_fusion - AutoFusion.py - 

===== Running AutoFusion =====
2025-12-04 14:44:08,617 - INFO - auto_fusion - AutoFusion.py - Patient_ID: 9113608 || CaseName: Case 1
2025-12-04 14:44:08,621 - INFO - auto_fusion - AutoFusion.py - Current Windows User: NYUMC\CHANG05
2025-12-04 14:45:38,164 - INFO - auto_fusion - AutoFusion.py - 

===== Finished AutoFusion =====


2025-12-04 16:23:00,184 - INFO - auto_fusion - AutoFusion.py - 

===== Running AutoFusion =====
2025-12-04 16:23:00,252 - INFO - auto_fusion - AutoFusion.py - Patient_ID: 0948195 || CaseName: Case 1
2025-12-04 16:23:00,256 - INFO - auto_fusion - AutoFusion.py - Current Windows User: NYUMC\MACMEW01
2025-12-04 16:23:32,082 - INFO - auto_fusion - AutoFusion.py - 

===== Finished AutoFusion =====


2025-12-04 16:26:50,882 - INFO - auto_fusion - AutoFusion.py - 

===== Running AutoFusion =====
2025-12-04 16:26:50,951 - INFO - auto_fusion - AutoFusion.py - Patient_ID: 0948195 || CaseName: Case 1
2025-12-04 16:26:50,955 - INFO - auto_fusion - AutoFusion.py - Current Windows User: NYUMC\MACMEW01
2025-12-04 16:27:41,131 - INFO - auto_fusion - AutoFusion.py - 

===== Finished AutoFusion =====


2025-12-07 13:23:43,646 - INFO - auto_fusion - AutoFusion.py - 

===== Running AutoFusion =====
2025-12-07 13:23:43,738 - INFO - auto_fusion - AutoFusion.py - Patient_ID: 17639573 || CaseName: Case 1
2025-12-07 13:23:43,744 - INFO - auto_fusion - AutoFusion.py - Current Windows User: NYUMC\CLANCO01
2025-12-07 13:23:52,136 - INFO - auto_fusion - AutoFusion.py - 

===== Finished AutoFusion =====


2025-12-08 09:41:18,043 - INFO - auto_fusion - AutoFusion.py - 

===== Running AutoFusion =====
2025-12-08 09:41:18,120 - INFO - auto_fusion - AutoFusion.py - Patient_ID: 14296691 || CaseName: Case 1
2025-12-08 09:41:18,125 - INFO - auto_fusion - AutoFusion.py - Current Windows User: NYUMC\WESTJ05
2025-12-08 09:41:26,651 - INFO - auto_fusion - AutoFusion.py - 

===== Finished AutoFusion =====


2025-12-08 10:24:30,817 - INFO - auto_fusion - AutoFusion.py - 

===== Running AutoFusion =====
2025-12-08 10:24:30,921 - INFO - auto_fusion - AutoFusion.py - Patient_ID: 12391953 || CaseName: Case 2
2025-12-08 10:24:30,926 - INFO - auto_fusion - AutoFusion.py - Current Windows User: NYUMC\CHANG05
2025-12-08 10:24:39,177 - INFO - auto_fusion - AutoFusion.py - 

===== Finished AutoFusion =====


2025-12-08 10:34:10,686 - INFO - auto_fusion - AutoFusion.py - 

===== Running AutoFusion =====
2025-12-08 10:34:10,754 - INFO - auto_fusion - AutoFusion.py - Patient_ID: 17633505 || CaseName: Case 1
2025-12-08 10:34:10,758 - INFO - auto_fusion - AutoFusion.py - Current Windows User: NYUMC\WESTJ05
2025-12-08 10:34:19,576 - INFO - auto_fusion - AutoFusion.py - 

===== Finished AutoFusion =====


2025-12-08 14:12:45,175 - INFO - auto_fusion - AutoFusion.py - 

===== Running AutoFusion =====
2025-12-08 14:12:45,263 - INFO - auto_fusion - AutoFusion.py - Patient_ID: 12779018 || CaseName: Case 1
2025-12-08 14:12:45,267 - INFO - auto_fusion - AutoFusion.py - Current Windows User: NYUMC\CHANG05
2025-12-08 14:12:52,959 - INFO - auto_fusion - AutoFusion.py - 

===== Finished AutoFusion =====


2025-12-09 08:42:28,221 - INFO - auto_fusion - AutoFusion.py - 

===== Running AutoFusion =====
2025-12-09 08:42:28,311 - INFO - auto_fusion - AutoFusion.py - Patient_ID: 17409914 || CaseName: Case 1
2025-12-09 08:42:28,316 - INFO - auto_fusion - AutoFusion.py - Current Windows User: NYUMC\CHANG05
2025-12-09 08:42:36,690 - INFO - auto_fusion - AutoFusion.py - 

===== Finished AutoFusion =====


2025-12-09 15:11:13,152 - INFO - auto_fusion - AutoFusion.py - 

===== Running AutoFusion =====
2025-12-09 15:11:13,222 - INFO - auto_fusion - AutoFusion.py - Patient_ID: 17416129 || CaseName: Case 1
2025-12-09 15:11:13,227 - INFO - auto_fusion - AutoFusion.py - Current Windows User: NYUMC\MACMEW01
2025-12-09 15:12:16,242 - INFO - auto_fusion - AutoFusion.py - 

===== Finished AutoFusion =====


2025-12-09 15:42:54,748 - INFO - auto_fusion - AutoFusion.py - 

===== Running AutoFusion =====
2025-12-09 15:42:54,815 - INFO - auto_fusion - AutoFusion.py - Patient_ID: 17416129 || CaseName: Case 1
2025-12-09 15:42:54,819 - INFO - auto_fusion - AutoFusion.py - Current Windows User: NYUMC\MACMEW01
2025-12-09 15:43:56,565 - INFO - auto_fusion - AutoFusion.py - 

===== Finished AutoFusion =====


2025-12-10 11:03:33,010 - INFO - auto_fusion - AutoFusion.py - 

===== Running AutoFusion =====
2025-12-10 11:03:33,102 - INFO - auto_fusion - AutoFusion.py - Patient_ID: 10375426 || CaseName: Case 2
2025-12-10 11:03:33,108 - INFO - auto_fusion - AutoFusion.py - Current Windows User: NYUMC\CHANG05
2025-12-10 11:03:41,079 - INFO - auto_fusion - AutoFusion.py - 

===== Finished AutoFusion =====


2025-12-10 11:16:07,333 - INFO - auto_fusion - AutoFusion.py - 

===== Running AutoFusion =====
2025-12-10 11:16:07,423 - INFO - auto_fusion - AutoFusion.py - Patient_ID: 14978905 || CaseName: Case 1
2025-12-10 11:16:07,427 - INFO - auto_fusion - AutoFusion.py - Current Windows User: NYUMC\CHANG05
2025-12-10 11:16:14,967 - INFO - auto_fusion - AutoFusion.py - 

===== Finished AutoFusion =====


2025-12-10 13:03:33,575 - INFO - auto_fusion - AutoFusion.py - 

===== Running AutoFusion =====
2025-12-10 13:03:33,646 - INFO - auto_fusion - AutoFusion.py - Patient_ID: 9069614 || CaseName: Case 1
2025-12-10 13:03:33,651 - INFO - auto_fusion - AutoFusion.py - Current Windows User: NYUMC\WESTJ05
2025-12-10 13:03:42,500 - INFO - auto_fusion - AutoFusion.py - 

===== Finished AutoFusion =====


2025-12-10 13:38:25,640 - INFO - auto_fusion - AutoFusion.py - 

===== Running AutoFusion =====
2025-12-10 13:38:25,737 - INFO - auto_fusion - AutoFusion.py - Patient_ID: 2115637 || CaseName: Case 2
2025-12-10 13:38:25,740 - INFO - auto_fusion - AutoFusion.py - Current Windows User: NYUMC\CHANG05
2025-12-10 13:38:34,065 - INFO - auto_fusion - AutoFusion.py - 

===== Finished AutoFusion =====


2025-12-10 17:06:12,910 - INFO - auto_fusion - AutoFusion.py - 

===== Running AutoFusion =====
2025-12-10 17:06:12,980 - INFO - auto_fusion - AutoFusion.py - Patient_ID: 0471460 || CaseName: Case 1
2025-12-10 17:06:12,984 - INFO - auto_fusion - AutoFusion.py - Current Windows User: NYUMC\CLANCO01
2025-12-10 17:07:28,968 - INFO - auto_fusion - AutoFusion.py - 

===== Finished AutoFusion =====


2025-12-11 10:36:03,024 - INFO - auto_fusion - AutoFusion.py - 

===== Running AutoFusion =====
2025-12-11 10:36:03,114 - INFO - auto_fusion - AutoFusion.py - Patient_ID: 8816112 || CaseName: Case 3
2025-12-11 10:36:03,118 - INFO - auto_fusion - AutoFusion.py - Current Windows User: NYUMC\MACMEW01
2025-12-11 10:36:18,438 - INFO - auto_fusion - AutoFusion.py - 

===== Finished AutoFusion =====


2025-12-12 09:01:45,049 - INFO - auto_fusion - AutoFusion.py - 

===== Running AutoFusion =====
2025-12-12 09:01:45,141 - INFO - auto_fusion - AutoFusion.py - Patient_ID: 13665774 || CaseName: Case 1
2025-12-12 09:01:45,145 - INFO - auto_fusion - AutoFusion.py - Current Windows User: NYUMC\CHANG05
2025-12-12 09:26:23,487 - INFO - auto_fusion - AutoFusion.py - 

===== Running AutoFusion =====
2025-12-12 09:26:23,557 - INFO - auto_fusion - AutoFusion.py - Patient_ID: 9914587 || CaseName: Case 1
2025-12-12 09:26:23,561 - INFO - auto_fusion - AutoFusion.py - Current Windows User: NYUMC\CHANG05
2025-12-12 09:28:12,801 - INFO - auto_fusion - AutoFusion.py - 

===== Finished AutoFusion =====


2025-12-12 09:37:28,970 - INFO - auto_fusion - AutoFusion.py - 

===== Running AutoFusion =====
2025-12-12 09:37:29,039 - INFO - auto_fusion - AutoFusion.py - Patient_ID: 9914587 || CaseName: Case 1
2025-12-12 09:37:29,043 - INFO - auto_fusion - AutoFusion.py - Current Windows User: NYUMC\CHANG05
2025-12-12 09:38:29,447 - INFO - auto_fusion - AutoFusion.py - 

===== Finished AutoFusion =====


2025-12-12 14:34:14,049 - INFO - auto_fusion - AutoFusion.py - 

===== Running AutoFusion =====
2025-12-12 14:34:14,187 - INFO - auto_fusion - AutoFusion.py - Patient_ID: 0967006 || CaseName: Case 1
2025-12-12 14:34:14,192 - INFO - auto_fusion - AutoFusion.py - Current Windows User: NYUMC\MACMEW01
2025-12-12 14:34:23,611 - INFO - auto_fusion - AutoFusion.py - 

===== Finished AutoFusion =====


2025-12-15 09:29:25,524 - INFO - auto_fusion - AutoFusion.py - 

===== Running AutoFusion =====
2025-12-15 09:29:25,592 - INFO - auto_fusion - AutoFusion.py - Patient_ID: 10296781 || CaseName: Case 3
2025-12-15 09:29:25,597 - INFO - auto_fusion - AutoFusion.py - Current Windows User: NYUMC\CLANCO01
2025-12-15 09:29:55,835 - INFO - auto_fusion - AutoFusion.py - 

===== Running AutoFusion =====
2025-12-15 09:29:55,903 - INFO - auto_fusion - AutoFusion.py - Patient_ID: 10296781 || CaseName: Case 3
2025-12-15 09:29:55,907 - INFO - auto_fusion - AutoFusion.py - Current Windows User: NYUMC\CLANCO01
2025-12-15 09:31:31,310 - INFO - auto_fusion - AutoFusion.py - 

===== Finished AutoFusion =====


2025-12-15 10:19:12,904 - INFO - auto_fusion - AutoFusion.py - 

===== Running AutoFusion =====
2025-12-15 10:19:12,994 - INFO - auto_fusion - AutoFusion.py - Patient_ID: 11190858 || CaseName: Case 1
2025-12-15 10:19:12,998 - INFO - auto_fusion - AutoFusion.py - Current Windows User: NYUMC\WESTJ05
2025-12-15 10:19:20,779 - INFO - auto_fusion - AutoFusion.py - 

===== Finished AutoFusion =====


2025-12-15 10:57:26,653 - INFO - auto_fusion - AutoFusion.py - 

===== Running AutoFusion =====
2025-12-15 10:57:26,722 - INFO - auto_fusion - AutoFusion.py - Patient_ID: 17483780 || CaseName: Case 1
2025-12-15 10:57:26,726 - INFO - auto_fusion - AutoFusion.py - Current Windows User: NYUMC\WESTJ05
2025-12-15 10:57:34,666 - INFO - auto_fusion - AutoFusion.py - 

===== Finished AutoFusion =====


2025-12-15 11:48:48,271 - INFO - auto_fusion - AutoFusion.py - 

===== Running AutoFusion =====
2025-12-15 11:48:48,341 - INFO - auto_fusion - AutoFusion.py - Patient_ID: 17601728 || CaseName: Case 1
2025-12-15 11:48:48,345 - INFO - auto_fusion - AutoFusion.py - Current Windows User: NYUMC\WESTJ05
2025-12-15 11:48:57,010 - INFO - auto_fusion - AutoFusion.py - 

===== Finished AutoFusion =====


2025-12-15 12:44:42,030 - INFO - auto_fusion - AutoFusion.py - 

===== Running AutoFusion =====
2025-12-15 12:44:42,120 - INFO - auto_fusion - AutoFusion.py - Patient_ID: 11357712 || CaseName: Case 1
2025-12-15 12:44:42,125 - INFO - auto_fusion - AutoFusion.py - Current Windows User: NYUMC\MACMEW01
2025-12-15 12:44:50,323 - INFO - auto_fusion - AutoFusion.py - 

===== Finished AutoFusion =====


2025-12-17 10:30:08,615 - INFO - auto_fusion - AutoFusion.py - 

===== Running AutoFusion =====
2025-12-17 10:30:08,737 - INFO - auto_fusion - AutoFusion.py - Patient_ID: 17559956 || CaseName: Case 1
2025-12-17 10:30:08,743 - INFO - auto_fusion - AutoFusion.py - Current Windows User: NYUMC\DIBARD04
2025-12-17 10:30:17,225 - INFO - auto_fusion - AutoFusion.py - 

===== Finished AutoFusion =====


2025-12-17 11:54:03,353 - INFO - auto_fusion - AutoFusion.py - 

===== Running AutoFusion =====
2025-12-17 11:54:03,422 - INFO - auto_fusion - AutoFusion.py - Patient_ID: 17548019 || CaseName: Case 2
2025-12-17 11:54:03,426 - INFO - auto_fusion - AutoFusion.py - Current Windows User: NYUMC\WESTJ05
2025-12-17 11:54:12,068 - INFO - auto_fusion - AutoFusion.py - 

===== Finished AutoFusion =====


2025-12-17 13:24:41,509 - INFO - auto_fusion - AutoFusion.py - 

===== Running AutoFusion =====
2025-12-17 13:24:41,600 - INFO - auto_fusion - AutoFusion.py - Patient_ID: 17635661 || CaseName: Case 1
2025-12-17 13:24:41,604 - INFO - auto_fusion - AutoFusion.py - Current Windows User: NYUMC\DIBARD04
2025-12-17 13:24:49,573 - INFO - auto_fusion - AutoFusion.py - 

===== Finished AutoFusion =====


2025-12-17 13:33:25,233 - INFO - auto_fusion - AutoFusion.py - 

===== Running AutoFusion =====
2025-12-17 13:33:25,299 - INFO - auto_fusion - AutoFusion.py - Patient_ID: 12418366 || CaseName: Case 1
2025-12-17 13:33:25,303 - INFO - auto_fusion - AutoFusion.py - Current Windows User: NYUMC\WESTJ05
2025-12-17 13:33:33,788 - INFO - auto_fusion - AutoFusion.py - 

===== Finished AutoFusion =====


2025-12-17 13:51:48,205 - INFO - auto_fusion - AutoFusion.py - 

===== Running AutoFusion =====
2025-12-17 13:51:48,295 - INFO - auto_fusion - AutoFusion.py - Patient_ID: 16333837 || CaseName: Case 2
2025-12-17 13:51:48,299 - INFO - auto_fusion - AutoFusion.py - Current Windows User: NYUMC\DIBARD04
2025-12-17 13:51:56,147 - INFO - auto_fusion - AutoFusion.py - 

===== Finished AutoFusion =====


2025-12-18 09:22:24,959 - INFO - auto_fusion - AutoFusion.py - 

===== Running AutoFusion =====
2025-12-18 09:22:25,028 - INFO - auto_fusion - AutoFusion.py - Patient_ID: 9381014 || CaseName: Case 1
2025-12-18 09:22:25,032 - INFO - auto_fusion - AutoFusion.py - Current Windows User: NYUMC\WESTJ05
2025-12-22 09:47:34,436 - INFO - auto_fusion - AutoFusion.py - 

===== Running AutoFusion =====
2025-12-22 09:47:34,504 - INFO - auto_fusion - AutoFusion.py - Patient_ID: 17712347 || CaseName: Case 1
2025-12-22 09:47:34,508 - INFO - auto_fusion - AutoFusion.py - Current Windows User: NYUMC\WESTJ05
2025-12-22 09:47:46,488 - INFO - auto_fusion - AutoFusion.py - 

===== Finished AutoFusion =====


2025-12-22 12:00:41,921 - INFO - auto_fusion - AutoFusion.py - 

===== Running AutoFusion =====
2025-12-22 12:00:42,025 - INFO - auto_fusion - AutoFusion.py - Patient_ID: 12459836 || CaseName: Case 1
2025-12-22 12:00:42,030 - INFO - auto_fusion - AutoFusion.py - Current Windows User: NYUMC\MACMEW01
2025-12-22 12:01:57,841 - INFO - auto_fusion - AutoFusion.py - 

===== Finished AutoFusion =====


2025-12-23 12:15:00,350 - INFO - auto_fusion - AutoFusion.py - 

===== Running AutoFusion =====
2025-12-23 12:15:00,459 - INFO - auto_fusion - AutoFusion.py - Patient_ID: 14582045 || CaseName: Case 1
2025-12-23 12:15:00,464 - INFO - auto_fusion - AutoFusion.py - Current Windows User: NYUMC\MACMEW01
2025-12-23 12:15:10,024 - INFO - auto_fusion - AutoFusion.py - 

===== Finished AutoFusion =====


2025-12-24 11:20:51,853 - INFO - auto_fusion - AutoFusion.py - 

===== Running AutoFusion =====
2025-12-24 11:20:51,944 - INFO - auto_fusion - AutoFusion.py - Patient_ID: 9096398 || CaseName: Case 1
2025-12-24 11:20:51,949 - INFO - auto_fusion - AutoFusion.py - Current Windows User: NYUMC\CHANG05
2025-12-24 11:21:40,269 - ERROR - auto_fusion - main_auto_fusion.py - [FAILED] in main_eqd2.py.  Email notification sent.  Exception: RaySearch.CorePlatform.Framework.PreConditionViolationException: There is no geometry set for ROI Bone_Mandible.
   at RaySearch.CorePlatform.Presentation.PatientModeling.ScriptMethods.Rois.GetCenterOfRoi.Call(RoiGeometry context, NoScriptMethodArgs args)
   at RaySearch.CorePlatform.Framework.Scripting.ScriptMethod`3.RaySearch.CorePlatform.Framework.Scripting.IScriptMethod.Call(ICompositeObject context, Object args)
   at RaySearch.Scripting.ScriptService.ScriptService.InvokeScriptMethod_(DataEntity& returnData, DataEntity[] arguments, IScriptMethod method, ICompositeObject context, String methodName)
   at ScriptClient.CPythonScriptMethod.Invoke(String[] argNames, Object[] argValues)
2025-12-24 11:21:49,990 - INFO - auto_fusion - AutoFusion.py - 

===== Finished AutoFusion =====


2025-12-29 08:48:54,427 - INFO - auto_fusion - AutoFusion.py - 

===== Running AutoFusion =====
2025-12-29 08:48:54,530 - INFO - auto_fusion - AutoFusion.py - Patient_ID: 17706950 || CaseName: Case 2
2025-12-29 08:48:54,534 - INFO - auto_fusion - AutoFusion.py - Current Windows User: NYUMC\CLANCO01
2025-12-29 08:50:20,849 - INFO - auto_fusion - AutoFusion.py - 

===== Finished AutoFusion =====


2025-12-30 11:38:17,777 - INFO - auto_fusion - AutoFusion.py - 

===== Running AutoFusion =====
2025-12-30 11:38:17,881 - INFO - auto_fusion - AutoFusion.py - Patient_ID: 13147776 || CaseName: Prostate
2025-12-30 11:38:17,885 - INFO - auto_fusion - AutoFusion.py - Current Windows User: NYUMC\CLANCO01
2025-12-30 11:38:24,290 - INFO - auto_fusion - AutoFusion.py - 

===== Finished AutoFusion =====


2025-12-30 12:51:21,872 - INFO - auto_fusion - AutoFusion.py - 

===== Running AutoFusion =====
2025-12-30 12:51:21,940 - INFO - auto_fusion - AutoFusion.py - Patient_ID: 12528901 || CaseName: Case 1
2025-12-30 12:51:21,944 - INFO - auto_fusion - AutoFusion.py - Current Windows User: NYUMC\CLANCO01
2025-12-30 12:51:28,841 - INFO - auto_fusion - AutoFusion.py - 

===== Finished AutoFusion =====


2025-12-30 15:43:34,768 - INFO - auto_fusion - AutoFusion.py - 

===== Running AutoFusion =====
2025-12-30 15:43:34,839 - INFO - auto_fusion - AutoFusion.py - Patient_ID: 12170719 || CaseName: Case 1
2025-12-30 15:43:34,848 - INFO - auto_fusion - AutoFusion.py - Current Windows User: NYUMC\MACMEW01
2025-12-30 15:44:32,327 - INFO - auto_fusion - AutoFusion.py - 

===== Finished AutoFusion =====


2026-01-05 09:55:55,631 - INFO - auto_fusion - AutoFusion.py - 

===== Running AutoFusion =====
2026-01-05 09:55:55,700 - INFO - auto_fusion - AutoFusion.py - Patient_ID: 17522362 || CaseName: Case 1
2026-01-05 09:55:55,705 - INFO - auto_fusion - AutoFusion.py - Current Windows User: NYUMC\WESTJ05
2026-01-05 09:56:04,973 - INFO - auto_fusion - AutoFusion.py - 

===== Finished AutoFusion =====


2026-01-05 11:32:24,426 - INFO - auto_fusion - AutoFusion.py - 

===== Running AutoFusion =====
2026-01-05 11:32:24,539 - INFO - auto_fusion - AutoFusion.py - Patient_ID: 12652739 || CaseName: Case 2
2026-01-05 11:32:24,544 - INFO - auto_fusion - AutoFusion.py - Current Windows User: NYUMC\MACMEW01
2026-01-05 11:32:33,126 - INFO - auto_fusion - AutoFusion.py - 

===== Finished AutoFusion =====


2026-01-05 15:47:36,155 - INFO - auto_fusion - AutoFusion.py - 

===== Running AutoFusion =====
2026-01-05 15:47:36,245 - INFO - auto_fusion - AutoFusion.py - Patient_ID: 15137858 || CaseName: Case 1
2026-01-05 15:47:36,252 - INFO - auto_fusion - AutoFusion.py - Current Windows User: NYUMC\CHANG05
2026-01-05 15:48:07,886 - INFO - auto_fusion - AutoFusion.py - 

===== Finished AutoFusion =====


2026-01-06 08:51:50,270 - INFO - auto_fusion - AutoFusion.py - 

===== Running AutoFusion =====
2026-01-06 08:51:50,345 - INFO - auto_fusion - AutoFusion.py - Patient_ID: 0002025 || CaseName: Baseline
2026-01-06 08:51:50,350 - INFO - auto_fusion - AutoFusion.py - Current Windows User: NYUMC\CLANCO01
2026-01-06 10:30:34,724 - INFO - auto_fusion - AutoFusion.py - 

===== Running AutoFusion =====
2026-01-06 10:30:34,795 - INFO - auto_fusion - AutoFusion.py - Patient_ID: 13490725 || CaseName: Case 2
2026-01-06 10:30:34,800 - INFO - auto_fusion - AutoFusion.py - Current Windows User: NYUMC\WESTJ05
2026-01-06 10:30:43,902 - INFO - auto_fusion - AutoFusion.py - 

===== Finished AutoFusion =====


2026-01-07 09:49:30,530 - INFO - auto_fusion - AutoFusion.py - 

===== Running AutoFusion =====
2026-01-07 09:49:30,600 - INFO - auto_fusion - AutoFusion.py - Patient_ID: 10237538 || CaseName: Case 1
2026-01-07 09:49:30,605 - INFO - auto_fusion - AutoFusion.py - Current Windows User: NYUMC\MACMEW01
2026-01-07 09:50:46,471 - INFO - auto_fusion - AutoFusion.py - 

===== Finished AutoFusion =====


2026-01-07 10:00:53,683 - INFO - auto_fusion - AutoFusion.py - 

===== Running AutoFusion =====
2026-01-07 10:00:53,774 - INFO - auto_fusion - AutoFusion.py - Patient_ID: 17717964 || CaseName: Case 1
2026-01-07 10:00:53,778 - INFO - auto_fusion - AutoFusion.py - Current Windows User: NYUMC\CHANG05
2026-01-07 10:01:02,216 - INFO - auto_fusion - AutoFusion.py - 

===== Finished AutoFusion =====


2026-01-07 11:26:50,700 - INFO - auto_fusion - AutoFusion.py - 

===== Running AutoFusion =====
2026-01-07 11:26:50,770 - INFO - auto_fusion - AutoFusion.py - Patient_ID: 17722824 || CaseName: Case 1
2026-01-07 11:26:50,775 - INFO - auto_fusion - AutoFusion.py - Current Windows User: NYUMC\WESTJ05
2026-01-07 11:26:58,938 - INFO - auto_fusion - AutoFusion.py - 

===== Finished AutoFusion =====


2026-01-07 13:16:14,316 - INFO - auto_fusion - AutoFusion.py - 

===== Running AutoFusion =====
2026-01-07 13:16:14,385 - INFO - auto_fusion - AutoFusion.py - Patient_ID: 1101346 || CaseName: Case 1
2026-01-07 13:16:14,390 - INFO - auto_fusion - AutoFusion.py - Current Windows User: NYUMC\MACMEW01
2026-01-07 13:16:22,594 - INFO - auto_fusion - AutoFusion.py - 

===== Finished AutoFusion =====


2026-01-08 12:35:47,606 - INFO - auto_fusion - AutoFusion.py - 

===== Running AutoFusion =====
2026-01-08 12:35:47,694 - INFO - auto_fusion - AutoFusion.py - Patient_ID: 17751799 || CaseName: Case 1
2026-01-08 12:35:47,698 - INFO - auto_fusion - AutoFusion.py - Current Windows User: NYUMC\CHANG05
2026-01-08 12:35:56,020 - INFO - auto_fusion - AutoFusion.py - 

===== Finished AutoFusion =====


2026-01-08 15:30:59,262 - INFO - auto_fusion - AutoFusion.py - 

===== Running AutoFusion =====
2026-01-08 15:30:59,349 - INFO - auto_fusion - AutoFusion.py - Patient_ID: 5307358 || CaseName: Case 1
2026-01-08 15:30:59,353 - INFO - auto_fusion - AutoFusion.py - Current Windows User: NYUMC\CHANG05
2026-01-08 15:31:42,146 - INFO - auto_fusion - AutoFusion.py - 

===== Finished AutoFusion =====


2026-01-09 09:49:43,078 - INFO - auto_fusion - AutoFusion.py - 

===== Running AutoFusion =====
2026-01-09 09:49:43,147 - INFO - auto_fusion - AutoFusion.py - Patient_ID: 17559956 || CaseName: Case 1
2026-01-09 09:49:43,151 - INFO - auto_fusion - AutoFusion.py - Current Windows User: NYUMC\SPUHLK01
2026-01-09 09:52:55,470 - INFO - auto_fusion - AutoFusion.py - 

===== Running AutoFusion =====
2026-01-09 09:52:55,542 - INFO - auto_fusion - AutoFusion.py - Patient_ID: 17559956 || CaseName: Case 1
2026-01-09 09:52:55,546 - INFO - auto_fusion - AutoFusion.py - Current Windows User: NYUMC\SPUHLK01
2026-01-09 12:19:58,556 - INFO - auto_fusion - AutoFusion.py - 

===== Running AutoFusion =====
2026-01-09 12:19:58,646 - INFO - auto_fusion - AutoFusion.py - Patient_ID: 12595689 || CaseName: Case 1
2026-01-09 12:19:58,650 - INFO - auto_fusion - AutoFusion.py - Current Windows User: NYUMC\WESTJ05
2026-01-09 12:20:06,913 - INFO - auto_fusion - AutoFusion.py - 

===== Finished AutoFusion =====


2026-01-12 12:10:32,131 - INFO - auto_fusion - AutoFusion.py - 

===== Running AutoFusion =====
2026-01-12 12:10:32,218 - INFO - auto_fusion - AutoFusion.py - Patient_ID: 9563964 || CaseName: Case 1
2026-01-12 12:10:32,224 - INFO - auto_fusion - AutoFusion.py - Current Windows User: NYUMC\CHANG05
2026-01-12 12:10:41,126 - INFO - auto_fusion - AutoFusion.py - 

===== Finished AutoFusion =====


2026-01-12 12:22:55,570 - INFO - auto_fusion - AutoFusion.py - 

===== Running AutoFusion =====
2026-01-12 12:22:55,690 - INFO - auto_fusion - AutoFusion.py - Patient_ID: 11747579 || CaseName: Case 1
2026-01-12 12:22:55,696 - INFO - auto_fusion - AutoFusion.py - Current Windows User: NYUMC\CHANG05
2026-01-12 12:23:07,218 - INFO - auto_fusion - AutoFusion.py - 

===== Finished AutoFusion =====


2026-01-12 12:31:25,155 - INFO - auto_fusion - AutoFusion.py - 

===== Running AutoFusion =====
2026-01-12 12:31:25,258 - INFO - auto_fusion - AutoFusion.py - Patient_ID: 10191324 || CaseName: Case 1
2026-01-12 12:31:25,262 - INFO - auto_fusion - AutoFusion.py - Current Windows User: NYUMC\CHANG05
2026-01-12 12:31:33,022 - INFO - auto_fusion - AutoFusion.py - 

===== Finished AutoFusion =====


2026-01-12 12:42:50,494 - INFO - auto_fusion - AutoFusion.py - 

===== Running AutoFusion =====
2026-01-12 12:42:50,585 - INFO - auto_fusion - AutoFusion.py - Patient_ID: 13529628 || CaseName: Case 1
2026-01-12 12:42:50,588 - INFO - auto_fusion - AutoFusion.py - Current Windows User: NYUMC\CHANG05
2026-01-12 12:42:58,571 - INFO - auto_fusion - AutoFusion.py - 

===== Finished AutoFusion =====


2026-01-12 12:53:03,000 - INFO - auto_fusion - AutoFusion.py - 

===== Running AutoFusion =====
2026-01-12 12:53:03,091 - INFO - auto_fusion - AutoFusion.py - Patient_ID: 12312084 || CaseName: Case 1
2026-01-12 12:53:03,095 - INFO - auto_fusion - AutoFusion.py - Current Windows User: NYUMC\CHANG05
2026-01-12 12:53:11,405 - INFO - auto_fusion - AutoFusion.py - 

===== Finished AutoFusion =====


2026-01-13 07:55:30,990 - INFO - auto_fusion - AutoFusion.py - 

===== Running AutoFusion =====
2026-01-13 07:55:31,080 - INFO - auto_fusion - AutoFusion.py - Patient_ID: 10058827 || CaseName: Case 1
2026-01-13 07:55:31,084 - INFO - auto_fusion - AutoFusion.py - Current Windows User: NYUMC\CLANCO01
2026-01-13 07:57:16,221 - ERROR - auto_fusion - main_auto_fusion.py - [FAILED] in main_eqd2.py.  Email notification sent.  Exception: RegistrationName - The maximum allowed length for RegistrationName is 64 characters.
   at ScriptClient.CPythonScriptMethod.Invoke(String[] argNames, Object[] argValues)
2026-01-13 08:00:48,386 - ERROR - auto_fusion - AutoFusion.py - [FAILED] AutoFusion: RegistrationName - The maximum allowed length for RegistrationName is 64 characters.
   at ScriptClient.CPythonScriptMethod.Invoke(String[] argNames, Object[] argValues)
2026-01-13 08:00:48,417 - INFO - auto_fusion - AutoFusion.py - 

===== Finished AutoFusion =====


2026-01-13 08:02:16,115 - INFO - auto_fusion - AutoFusion.py - 

===== Running AutoFusion =====
2026-01-13 08:02:16,201 - INFO - auto_fusion - AutoFusion.py - Patient_ID: 12808981 || CaseName: Case 1
2026-01-13 08:02:16,208 - INFO - auto_fusion - AutoFusion.py - Current Windows User: NYUMC\CHANG05
2026-01-13 08:03:34,889 - INFO - auto_fusion - AutoFusion.py - 

===== Finished AutoFusion =====


2026-01-13 08:05:04,160 - INFO - auto_fusion - AutoFusion.py - 

===== Running AutoFusion =====
2026-01-13 08:05:04,230 - INFO - auto_fusion - AutoFusion.py - Patient_ID: 10058827 || CaseName: Case 1
2026-01-13 08:05:04,234 - INFO - auto_fusion - AutoFusion.py - Current Windows User: NYUMC\CLANCO01
2026-01-13 08:05:15,145 - ERROR - auto_fusion - main_auto_fusion.py - [FAILED] in main_eqd2.py.  Email notification sent.  Exception: RegistrationName - The maximum allowed length for RegistrationName is 64 characters.
   at ScriptClient.CPythonScriptMethod.Invoke(String[] argNames, Object[] argValues)
2026-01-13 08:07:11,876 - INFO - auto_fusion - AutoFusion.py - 

===== Running AutoFusion =====
2026-01-13 08:07:11,945 - INFO - auto_fusion - AutoFusion.py - Patient_ID: 12808981 || CaseName: Case 1
2026-01-13 08:07:11,949 - INFO - auto_fusion - AutoFusion.py - Current Windows User: NYUMC\CHANG05
2026-01-13 08:08:14,641 - ERROR - auto_fusion - AutoFusion.py - [FAILED] AutoFusion: RegistrationName - The maximum allowed length for RegistrationName is 64 characters.
   at ScriptClient.CPythonScriptMethod.Invoke(String[] argNames, Object[] argValues)
2026-01-13 08:08:14,669 - INFO - auto_fusion - AutoFusion.py - 

===== Finished AutoFusion =====


2026-01-13 08:08:16,174 - INFO - auto_fusion - AutoFusion.py - 

===== Finished AutoFusion =====


2026-01-13 08:08:33,605 - INFO - auto_fusion - AutoFusion.py - 

===== Running AutoFusion =====
2026-01-13 08:08:33,671 - INFO - auto_fusion - AutoFusion.py - Patient_ID: 10058827 || CaseName: Case 1
2026-01-13 08:08:33,676 - INFO - auto_fusion - AutoFusion.py - Current Windows User: NYUMC\CLANCO01
2026-01-13 08:08:42,002 - ERROR - auto_fusion - main_auto_fusion.py - [FAILED] in main_eqd2.py.  Email notification sent.  Exception: RegistrationName - The maximum allowed length for RegistrationName is 64 characters.
   at ScriptClient.CPythonScriptMethod.Invoke(String[] argNames, Object[] argValues)
2026-01-13 08:08:48,296 - ERROR - auto_fusion - AutoFusion.py - [FAILED] AutoFusion: RegistrationName - The maximum allowed length for RegistrationName is 64 characters.
   at ScriptClient.CPythonScriptMethod.Invoke(String[] argNames, Object[] argValues)
2026-01-13 08:08:48,296 - INFO - auto_fusion - AutoFusion.py - 

===== Finished AutoFusion =====


2026-01-13 08:10:01,501 - INFO - auto_fusion - AutoFusion.py - 

===== Running AutoFusion =====
2026-01-13 08:10:01,571 - INFO - auto_fusion - AutoFusion.py - Patient_ID: 10058827 || CaseName: Case 1
2026-01-13 08:10:01,575 - INFO - auto_fusion - AutoFusion.py - Current Windows User: NYUMC\CLANCO01
2026-01-13 08:10:11,080 - ERROR - auto_fusion - main_auto_fusion.py - [FAILED] in main_eqd2.py.  Email notification sent.  Exception: RegistrationName - The maximum allowed length for RegistrationName is 64 characters.
   at ScriptClient.CPythonScriptMethod.Invoke(String[] argNames, Object[] argValues)
2026-01-13 08:10:18,020 - ERROR - auto_fusion - AutoFusion.py - [FAILED] AutoFusion: RegistrationName - The maximum allowed length for RegistrationName is 64 characters.
   at ScriptClient.CPythonScriptMethod.Invoke(String[] argNames, Object[] argValues)
2026-01-13 08:10:18,020 - INFO - auto_fusion - AutoFusion.py - 

===== Finished AutoFusion =====


2026-01-13 08:11:36,572 - INFO - auto_fusion - AutoFusion.py - 

===== Running AutoFusion =====
2026-01-13 08:11:36,640 - INFO - auto_fusion - AutoFusion.py - Patient_ID: 10058827 || CaseName: Case 1
2026-01-13 08:11:36,644 - INFO - auto_fusion - AutoFusion.py - Current Windows User: NYUMC\CLANCO01
2026-01-13 08:11:45,277 - ERROR - auto_fusion - main_auto_fusion.py - [FAILED] in main_eqd2.py.  Email notification sent.  Exception: RegistrationName - The maximum allowed length for RegistrationName is 64 characters.
   at ScriptClient.CPythonScriptMethod.Invoke(String[] argNames, Object[] argValues)
2026-01-13 08:11:52,412 - ERROR - auto_fusion - AutoFusion.py - [FAILED] AutoFusion: RegistrationName - The maximum allowed length for RegistrationName is 64 characters.
   at ScriptClient.CPythonScriptMethod.Invoke(String[] argNames, Object[] argValues)
2026-01-13 08:11:52,412 - INFO - auto_fusion - AutoFusion.py - 

===== Finished AutoFusion =====


2026-01-13 08:14:11,429 - INFO - auto_fusion - AutoFusion.py - 

===== Running AutoFusion =====
2026-01-13 08:14:11,496 - INFO - auto_fusion - AutoFusion.py - Patient_ID: 10058827 || CaseName: Case 1
2026-01-13 08:14:11,500 - INFO - auto_fusion - AutoFusion.py - Current Windows User: NYUMC\CLANCO01
2026-01-13 08:14:20,032 - ERROR - auto_fusion - main_auto_fusion.py - [FAILED] in main_eqd2.py.  Email notification sent.  Exception: RegistrationName - The maximum allowed length for RegistrationName is 64 characters.
   at ScriptClient.CPythonScriptMethod.Invoke(String[] argNames, Object[] argValues)
2026-01-13 08:14:26,514 - ERROR - auto_fusion - AutoFusion.py - [FAILED] AutoFusion: RegistrationName - The maximum allowed length for RegistrationName is 64 characters.
   at ScriptClient.CPythonScriptMethod.Invoke(String[] argNames, Object[] argValues)
2026-01-13 08:14:26,514 - INFO - auto_fusion - AutoFusion.py - 

===== Finished AutoFusion =====


2026-01-13 08:17:57,877 - INFO - auto_fusion - AutoFusion.py - 

===== Running AutoFusion =====
2026-01-13 08:17:57,946 - INFO - auto_fusion - AutoFusion.py - Patient_ID: 10058827 || CaseName: Case 1
2026-01-13 08:17:57,950 - INFO - auto_fusion - AutoFusion.py - Current Windows User: NYUMC\CLANCO01
2026-01-13 08:18:11,711 - ERROR - auto_fusion - main_auto_fusion.py - [FAILED] in auto_fusion.main_auto_fusion.  Email notification sent.  Exception: RegistrationName - The maximum allowed length for RegistrationName is 64 characters.
   at ScriptClient.CPythonScriptMethod.Invoke(String[] argNames, Object[] argValues)
2026-01-13 08:18:18,170 - ERROR - auto_fusion - AutoFusion.py - [FAILED] AutoFusion: RegistrationName - The maximum allowed length for RegistrationName is 64 characters.
   at ScriptClient.CPythonScriptMethod.Invoke(String[] argNames, Object[] argValues)
2026-01-13 08:18:18,170 - INFO - auto_fusion - AutoFusion.py - 

===== Finished AutoFusion =====


2026-01-13 08:28:49,377 - INFO - auto_fusion - AutoFusion.py - 

===== Running AutoFusion =====
2026-01-13 08:28:49,442 - INFO - auto_fusion - AutoFusion.py - Patient_ID: 10058827 || CaseName: Case 1
2026-01-13 08:28:49,445 - INFO - auto_fusion - AutoFusion.py - Current Windows User: NYUMC\CLANCO01
2026-01-13 08:29:03,848 - INFO - auto_fusion - AutoFusion.py - 

===== Finished AutoFusion =====


2026-01-13 08:57:56,561 - ERROR - auto_fusion - main_auto_fusion.py - Testing Only
NoneType: None
2026-01-13 08:57:56,561 - INFO - auto_fusion - AutoFusion.py - 

===== Running AutoFusion =====
2026-01-13 08:57:56,648 - INFO - auto_fusion - AutoFusion.py - Patient_ID: 17727272 || CaseName: Case 1
2026-01-13 08:57:56,652 - INFO - auto_fusion - AutoFusion.py - Current Windows User: NYUMC\CLANCO01
2026-01-13 08:58:47,051 - ERROR - auto_fusion - main_auto_fusion.py - Testing Exception Logger Only
NoneType: None
2026-01-13 08:58:47,051 - INFO - auto_fusion - main_auto_fusion.py - Testing Info Logger Only
2026-01-13 08:58:47,052 - INFO - auto_fusion - AutoFusion.py - 

===== Running AutoFusion =====
2026-01-13 08:58:47,117 - INFO - auto_fusion - AutoFusion.py - Patient_ID: 17727272 || CaseName: Case 1
2026-01-13 08:58:47,121 - INFO - auto_fusion - AutoFusion.py - Current Windows User: NYUMC\CLANCO01
2026-01-13 09:00:54,733 - ERROR - auto_fusion - main_auto_fusion.py - Testing Exception Logger Only
Traceback (most recent call last):
  File "\\Client\F$\SHARING\Radiation Oncology Physics\RaystationScriptingPROD\auto_fusion\main_auto_fusion.py", line 63, in <module>
    testing = PatientDataUtil(failure=0)
TypeError: __init__() got an unexpected keyword argument 'failure'
2026-01-13 09:00:54,758 - INFO - auto_fusion - main_auto_fusion.py - Testing Info Logger Only
2026-01-13 09:00:54,758 - INFO - auto_fusion - AutoFusion.py - 

===== Running AutoFusion =====
2026-01-13 09:00:54,823 - INFO - auto_fusion - AutoFusion.py - Patient_ID: 17727272 || CaseName: Case 1
2026-01-13 09:00:54,826 - INFO - auto_fusion - AutoFusion.py - Current Windows User: NYUMC\CLANCO01
2026-01-13 12:49:37,750 - INFO - auto_fusion - AutoFusion.py - 

===== Running AutoFusion =====
2026-01-13 12:49:37,837 - INFO - auto_fusion - AutoFusion.py - Patient_ID: 13688449 || CaseName: Case 1
2026-01-13 12:49:37,840 - INFO - auto_fusion - AutoFusion.py - Current Windows User: NYUMC\CHANG05
2026-01-13 12:50:57,966 - INFO - auto_fusion - AutoFusion.py - 

===== Finished AutoFusion =====


2026-01-13 16:22:00,081 - INFO - auto_fusion - AutoFusion.py - 

===== Running AutoFusion =====
2026-01-13 16:22:00,156 - INFO - auto_fusion - AutoFusion.py - Patient_ID: 12463831 || CaseName: Case 1
2026-01-13 16:22:00,160 - INFO - auto_fusion - AutoFusion.py - Current Windows User: NYUMC\MACMEW01
2026-01-13 16:22:09,258 - INFO - auto_fusion - AutoFusion.py - 

===== Finished AutoFusion =====


2026-01-14 10:47:46,956 - INFO - auto_fusion - AutoFusion.py - 

===== Running AutoFusion =====
2026-01-14 10:47:47,043 - INFO - auto_fusion - AutoFusion.py - Patient_ID: 17532178 || CaseName: Case 1
2026-01-14 10:47:47,049 - INFO - auto_fusion - AutoFusion.py - Current Windows User: NYUMC\CHANG05
2026-01-14 10:48:02,260 - INFO - auto_fusion - AutoFusion.py - 

===== Finished AutoFusion =====


2026-01-14 10:53:50,376 - INFO - auto_fusion - AutoFusion.py - 

===== Running AutoFusion =====
2026-01-14 10:53:50,477 - INFO - auto_fusion - AutoFusion.py - Patient_ID: 12483707 || CaseName: Case 2
2026-01-14 10:53:50,481 - INFO - auto_fusion - AutoFusion.py - Current Windows User: NYUMC\CHANG05
2026-01-14 10:55:31,245 - INFO - auto_fusion - AutoFusion.py - 

===== Finished AutoFusion =====


2026-01-14 11:04:00,854 - INFO - auto_fusion - AutoFusion.py - 

===== Running AutoFusion =====
2026-01-14 11:04:00,944 - INFO - auto_fusion - AutoFusion.py - Patient_ID: 15607582 || CaseName: Case 1
2026-01-14 11:04:00,948 - INFO - auto_fusion - AutoFusion.py - Current Windows User: NYUMC\CHANG05
2026-01-14 11:04:08,844 - INFO - auto_fusion - AutoFusion.py - 

===== Finished AutoFusion =====


2026-01-14 12:57:44,648 - INFO - auto_fusion - AutoFusion.py - 

===== Running AutoFusion =====
2026-01-14 12:57:44,747 - INFO - auto_fusion - AutoFusion.py - Patient_ID: 9403517 || CaseName: Case 1
2026-01-14 12:57:44,751 - INFO - auto_fusion - AutoFusion.py - Current Windows User: NYUMC\CHANG05
2026-01-14 12:57:52,890 - INFO - auto_fusion - AutoFusion.py - 

===== Finished AutoFusion =====


2026-01-14 16:04:23,343 - INFO - auto_fusion - AutoFusion.py - 

===== Running AutoFusion =====
2026-01-14 16:04:23,411 - INFO - auto_fusion - AutoFusion.py - Patient_ID: 16963752 || CaseName: Case 1
2026-01-14 16:04:23,416 - INFO - auto_fusion - AutoFusion.py - Current Windows User: NYUMC\CLANCO01
2026-01-14 16:05:22,008 - INFO - auto_fusion - AutoFusion.py - 

===== Finished AutoFusion =====


2026-01-19 09:26:21,478 - INFO - auto_fusion - AutoFusion.py - 

===== Running AutoFusion =====
2026-01-19 09:26:21,566 - INFO - auto_fusion - AutoFusion.py - Patient_ID: 1143702 || CaseName: Case 2
2026-01-19 09:26:21,571 - INFO - auto_fusion - AutoFusion.py - Current Windows User: NYUMC\CHANG05
2026-01-19 09:26:29,482 - INFO - auto_fusion - AutoFusion.py - 

===== Finished AutoFusion =====


2026-01-19 09:35:12,602 - INFO - auto_fusion - AutoFusion.py - 

===== Running AutoFusion =====
2026-01-19 09:35:12,702 - INFO - auto_fusion - AutoFusion.py - Patient_ID: 12780418 || CaseName: Case 1
2026-01-19 09:35:12,706 - INFO - auto_fusion - AutoFusion.py - Current Windows User: NYUMC\CHANG05
2026-01-19 09:35:20,307 - INFO - auto_fusion - AutoFusion.py - 

===== Finished AutoFusion =====


2026-01-19 10:48:42,313 - INFO - auto_fusion - AutoFusion.py - 

===== Running AutoFusion =====
2026-01-19 10:48:42,399 - INFO - auto_fusion - AutoFusion.py - Patient_ID: 14065197 || CaseName: Case 2
2026-01-19 10:48:42,403 - INFO - auto_fusion - AutoFusion.py - Current Windows User: NYUMC\CHANG05
2026-01-19 10:48:51,229 - INFO - auto_fusion - AutoFusion.py - 

===== Finished AutoFusion =====


2026-01-19 12:40:04,732 - INFO - auto_fusion - AutoFusion.py - 

===== Running AutoFusion =====
2026-01-19 12:40:04,820 - INFO - auto_fusion - AutoFusion.py - Patient_ID: 12795429 || CaseName: Case 1
2026-01-19 12:40:04,824 - INFO - auto_fusion - AutoFusion.py - Current Windows User: NYUMC\CHANG05
2026-01-19 12:40:12,796 - INFO - auto_fusion - AutoFusion.py - 

===== Finished AutoFusion =====


2026-01-19 15:37:41,973 - INFO - auto_fusion - AutoFusion.py - 

===== Running AutoFusion =====
2026-01-19 15:37:42,074 - INFO - auto_fusion - AutoFusion.py - Patient_ID: 17568183 || CaseName: Case 2
2026-01-19 15:37:42,078 - INFO - auto_fusion - AutoFusion.py - Current Windows User: NYUMC\CHANG05
2026-01-19 15:38:46,827 - INFO - auto_fusion - AutoFusion.py - 

===== Finished AutoFusion =====


2026-01-20 10:22:11,202 - INFO - auto_fusion - AutoFusion.py - 

===== Running AutoFusion =====
2026-01-20 10:22:11,292 - INFO - auto_fusion - AutoFusion.py - Patient_ID: 9934331 || CaseName: Case 2
2026-01-20 10:22:11,298 - INFO - auto_fusion - AutoFusion.py - Current Windows User: NYUMC\CLANCO01
2026-01-20 10:25:19,111 - INFO - auto_fusion - AutoFusion.py - 

===== Finished AutoFusion =====


2026-01-20 16:07:22,829 - INFO - auto_fusion - AutoFusion.py - 

===== Running AutoFusion =====
2026-01-20 16:07:22,922 - INFO - auto_fusion - AutoFusion.py - Patient_ID: 11643694 || CaseName: Case 1
2026-01-20 16:07:22,926 - INFO - auto_fusion - AutoFusion.py - Current Windows User: NYUMC\CLANCO01
2026-01-20 16:08:38,354 - INFO - auto_fusion - AutoFusion.py - 

===== Finished AutoFusion =====


2026-01-20 16:10:29,825 - INFO - auto_fusion - AutoFusion.py - 

===== Running AutoFusion =====
2026-01-20 16:10:29,891 - INFO - auto_fusion - AutoFusion.py - Patient_ID: 11643694 || CaseName: Case 1
2026-01-20 16:10:29,895 - INFO - auto_fusion - AutoFusion.py - Current Windows User: NYUMC\CLANCO01
2026-01-21 10:34:39,692 - INFO - auto_fusion - AutoFusion.py - 

===== Running AutoFusion =====
2026-01-21 10:34:39,780 - INFO - auto_fusion - AutoFusion.py - Patient_ID: 9705434 || CaseName: Case 1
2026-01-21 10:34:39,784 - INFO - auto_fusion - AutoFusion.py - Current Windows User: NYUMC\MACMEW01
2026-01-21 10:34:48,125 - INFO - auto_fusion - AutoFusion.py - 

===== Finished AutoFusion =====


2026-01-21 11:11:04,847 - INFO - auto_fusion - AutoFusion.py - 

===== Running AutoFusion =====
2026-01-21 11:11:04,929 - INFO - auto_fusion - AutoFusion.py - Patient_ID: 11174655 || CaseName: Case 1
2026-01-21 11:11:04,934 - INFO - auto_fusion - AutoFusion.py - Current Windows User: NYUMC\MACMEW01
2026-01-21 11:11:14,405 - INFO - auto_fusion - AutoFusion.py - 

===== Finished AutoFusion =====


2026-01-21 13:16:57,812 - INFO - auto_fusion - AutoFusion.py - 

===== Running AutoFusion =====
2026-01-21 13:16:57,898 - INFO - auto_fusion - AutoFusion.py - Patient_ID: 11303202 || CaseName: Case 2
2026-01-21 13:16:57,901 - INFO - auto_fusion - AutoFusion.py - Current Windows User: NYUMC\MACMEW01
2026-01-21 13:17:25,171 - INFO - auto_fusion - AutoFusion.py - 

===== Finished AutoFusion =====


2026-01-21 13:28:22,070 - INFO - auto_fusion - AutoFusion.py - 

===== Running AutoFusion =====
2026-01-21 13:28:22,135 - INFO - auto_fusion - AutoFusion.py - Patient_ID: 8826904 || CaseName: Case 1
2026-01-21 13:28:22,139 - INFO - auto_fusion - AutoFusion.py - Current Windows User: NYUMC\MACMEW01
2026-01-21 13:28:30,835 - INFO - auto_fusion - AutoFusion.py - 

===== Finished AutoFusion =====


2026-01-23 14:24:25,848 - INFO - auto_fusion - AutoFusion.py - 

===== Running AutoFusion =====
2026-01-23 14:24:25,914 - INFO - auto_fusion - AutoFusion.py - Patient_ID: 1574488 || CaseName: Case 1
2026-01-23 14:24:25,919 - INFO - auto_fusion - AutoFusion.py - Current Windows User: NYUMC\MACMEW01
2026-01-23 14:24:34,214 - INFO - auto_fusion - AutoFusion.py - 

===== Finished AutoFusion =====


2026-01-23 14:28:21,616 - INFO - auto_fusion - AutoFusion.py - 

===== Running AutoFusion =====
2026-01-23 14:28:21,681 - INFO - auto_fusion - AutoFusion.py - Patient_ID: 12371156 || CaseName: Case 2
2026-01-23 14:28:21,685 - INFO - auto_fusion - AutoFusion.py - Current Windows User: NYUMC\MACMEW01
2026-01-23 14:28:29,577 - INFO - auto_fusion - AutoFusion.py - 

===== Finished AutoFusion =====


2026-01-23 15:23:41,552 - INFO - auto_fusion - AutoFusion.py - 

===== Running AutoFusion =====
2026-01-23 15:23:41,638 - INFO - auto_fusion - AutoFusion.py - Patient_ID: 13472064 || CaseName: Case 1
2026-01-23 15:23:41,642 - INFO - auto_fusion - AutoFusion.py - Current Windows User: NYUMC\CHANG05
2026-01-23 15:23:50,381 - INFO - auto_fusion - AutoFusion.py - 

===== Finished AutoFusion =====


2026-01-26 09:38:54,506 - INFO - auto_fusion - AutoFusion.py - 

===== Running AutoFusion =====
2026-01-26 09:38:54,599 - INFO - auto_fusion - AutoFusion.py - Patient_ID: 11156536 || CaseName: Case 1
2026-01-26 09:38:54,603 - INFO - auto_fusion - AutoFusion.py - Current Windows User: NYUMC\DIBARD04
2026-01-26 09:39:02,892 - INFO - auto_fusion - AutoFusion.py - 

===== Finished AutoFusion =====


2026-01-26 11:15:04,785 - INFO - auto_fusion - AutoFusion.py - 

===== Running AutoFusion =====
2026-01-26 11:15:04,852 - INFO - auto_fusion - AutoFusion.py - Patient_ID: 17761840 || CaseName: Case 1
2026-01-26 11:15:04,857 - INFO - auto_fusion - AutoFusion.py - Current Windows User: NYUMC\WESTJ05
2026-01-26 11:15:13,934 - INFO - auto_fusion - AutoFusion.py - 

===== Finished AutoFusion =====


2026-01-26 11:48:01,888 - INFO - auto_fusion - AutoFusion.py - 

===== Running AutoFusion =====
2026-01-26 11:48:02,004 - INFO - auto_fusion - AutoFusion.py - Patient_ID: 11920375 || CaseName: Case 1
2026-01-26 11:48:02,008 - INFO - auto_fusion - AutoFusion.py - Current Windows User: NYUMC\MACMEW01
2026-01-26 11:48:11,277 - INFO - auto_fusion - AutoFusion.py - 

===== Finished AutoFusion =====


2026-01-26 13:38:58,183 - INFO - auto_fusion - AutoFusion.py - 

===== Running AutoFusion =====
2026-01-26 13:38:58,280 - INFO - auto_fusion - AutoFusion.py - Patient_ID: 5047122 || CaseName: Case 1
2026-01-26 13:38:58,284 - INFO - auto_fusion - AutoFusion.py - Current Windows User: NYUMC\MACMEW01
2026-01-26 13:39:07,528 - INFO - auto_fusion - AutoFusion.py - 

===== Finished AutoFusion =====


2026-01-26 14:44:30,426 - INFO - auto_fusion - AutoFusion.py - 

===== Running AutoFusion =====
2026-01-26 14:44:30,489 - INFO - auto_fusion - AutoFusion.py - Patient_ID: 13532921 || CaseName: Case 1
2026-01-26 14:44:30,493 - INFO - auto_fusion - AutoFusion.py - Current Windows User: NYUMC\MACMEW01
2026-01-26 14:44:54,074 - INFO - auto_fusion - AutoFusion.py - 

===== Finished AutoFusion =====


2026-01-27 10:28:08,321 - INFO - auto_fusion - AutoFusion.py - 

===== Running AutoFusion =====
2026-01-27 10:28:08,410 - INFO - auto_fusion - AutoFusion.py - Patient_ID: 13532921 || CaseName: Case 1
2026-01-27 10:28:08,414 - INFO - auto_fusion - AutoFusion.py - Current Windows User: NYUMC\MACMEW01
2026-01-27 10:28:29,378 - INFO - auto_fusion - AutoFusion.py - 

===== Finished AutoFusion =====


2026-01-27 11:18:30,560 - INFO - auto_fusion - AutoFusion.py - 

===== Running AutoFusion =====
2026-01-27 11:18:30,626 - INFO - auto_fusion - AutoFusion.py - Patient_ID: 17863625 || CaseName: Case 1
2026-01-27 11:18:30,630 - INFO - auto_fusion - AutoFusion.py - Current Windows User: NYUMC\MACMEW01
2026-01-27 11:19:39,483 - INFO - auto_fusion - AutoFusion.py - 

===== Finished AutoFusion =====


2026-01-28 09:26:52,174 - INFO - auto_fusion - AutoFusion.py - 

===== Running AutoFusion =====
2026-01-28 09:26:52,241 - INFO - auto_fusion - AutoFusion.py - Patient_ID: 9055093 || CaseName: ZZZ_Testing_DNU
2026-01-28 09:26:52,245 - INFO - auto_fusion - AutoFusion.py - Current Windows User: NYUMC\CLANCO01
2026-01-28 09:27:31,600 - INFO - auto_fusion - AutoFusion.py - 

===== Finished AutoFusion =====


2026-01-28 09:51:22,728 - INFO - auto_fusion - AutoFusion.py - 

===== Running AutoFusion =====
2026-01-28 09:51:22,816 - INFO - auto_fusion - AutoFusion.py - Patient_ID: 17425551 || CaseName: Case 1
2026-01-28 09:51:22,820 - INFO - auto_fusion - AutoFusion.py - Current Windows User: NYUMC\CHANG05
2026-01-28 09:51:30,424 - INFO - auto_fusion - AutoFusion.py - 

===== Finished AutoFusion =====


2026-01-28 09:59:03,114 - INFO - auto_fusion - AutoFusion.py - 

===== Running AutoFusion =====
2026-01-28 09:59:03,180 - INFO - auto_fusion - AutoFusion.py - Patient_ID: 17425551 || CaseName: Case 1
2026-01-28 09:59:03,184 - INFO - auto_fusion - AutoFusion.py - Current Windows User: NYUMC\CHANG05
2026-01-28 09:59:10,764 - INFO - auto_fusion - AutoFusion.py - 

===== Finished AutoFusion =====


2026-01-28 11:15:02,081 - INFO - auto_fusion - AutoFusion.py - 

===== Running AutoFusion =====
2026-01-28 11:15:02,172 - INFO - auto_fusion - AutoFusion.py - Patient_ID: 8957315 || CaseName: Case 2
2026-01-28 11:15:02,176 - INFO - auto_fusion - AutoFusion.py - Current Windows User: NYUMC\MACMEW01
2026-01-28 11:15:10,476 - INFO - auto_fusion - AutoFusion.py - 

===== Finished AutoFusion =====


2026-01-28 12:53:38,469 - INFO - auto_fusion - AutoFusion.py - 

===== Running AutoFusion =====
2026-01-28 12:53:38,534 - INFO - auto_fusion - AutoFusion.py - Patient_ID: 15432455 || CaseName: Case 1
2026-01-28 12:53:38,539 - INFO - auto_fusion - AutoFusion.py - Current Windows User: NYUMC\SANTOJ14
2026-01-28 12:53:46,451 - INFO - auto_fusion - AutoFusion.py - 

===== Finished AutoFusion =====


2026-01-28 13:43:19,564 - INFO - auto_fusion - AutoFusion.py - 

===== Running AutoFusion =====
2026-01-28 13:43:19,629 - INFO - auto_fusion - AutoFusion.py - Patient_ID: 16383796 || CaseName: Case 1
2026-01-28 13:43:19,633 - INFO - auto_fusion - AutoFusion.py - Current Windows User: NYUMC\SANTOJ14
2026-01-28 13:43:27,681 - INFO - auto_fusion - AutoFusion.py - 

===== Finished AutoFusion =====


2026-01-28 14:46:34,890 - INFO - auto_fusion - AutoFusion.py - 

===== Running AutoFusion =====
2026-01-28 14:46:34,958 - INFO - auto_fusion - AutoFusion.py - Patient_ID: 14950535 || CaseName: Case 1
2026-01-28 14:46:34,962 - INFO - auto_fusion - AutoFusion.py - Current Windows User: NYUMC\SANTOJ14
2026-01-29 14:43:17,626 - INFO - auto_fusion - AutoFusion.py - 

===== Running AutoFusion =====
2026-01-29 14:43:17,715 - INFO - auto_fusion - AutoFusion.py - Patient_ID: 0396241 || CaseName: Case 1
2026-01-29 14:43:17,719 - INFO - auto_fusion - AutoFusion.py - Current Windows User: NYUMC\CHANG05
2026-01-29 14:44:07,256 - ERROR - auto_fusion - main_auto_fusion.py - [FAILED] in auto_fusion.main_auto_fusion.  Email notification sent.  Exception: RaySearch.CorePlatform.Framework.PreConditionViolationException: There is no geometry set for ROI Bone_Mandible.
   at RaySearch.CorePlatform.Presentation.PatientModeling.ScriptMethods.Rois.GetCenterOfRoi.Call(RoiGeometry context, NoScriptMethodArgs args)
   at RaySearch.CorePlatform.Framework.Scripting.ScriptMethod`3.RaySearch.CorePlatform.Framework.Scripting.IScriptMethod.Call(ICompositeObject context, Object args)
   at RaySearch.Scripting.ScriptService.ScriptService.InvokeScriptMethod_(DataEntity& returnData, DataEntity[] arguments, IScriptMethod method, ICompositeObject context, String methodName)
   at ScriptClient.CPythonScriptMethod.Invoke(String[] argNames, Object[] argValues)
2026-01-30 13:47:39,086 - INFO - auto_fusion - AutoFusion.py - 

===== Running AutoFusion =====
2026-01-30 13:47:39,153 - INFO - auto_fusion - AutoFusion.py - Patient_ID: 9982168 || CaseName: Case 1
2026-01-30 13:47:39,156 - INFO - auto_fusion - AutoFusion.py - Current Windows User: NYUMC\WESTJ05
2026-01-30 13:47:48,639 - INFO - auto_fusion - AutoFusion.py - 

===== Finished AutoFusion =====


2026-01-30 13:52:34,003 - INFO - auto_fusion - AutoFusion.py - 

===== Running AutoFusion =====
2026-01-30 13:52:34,095 - INFO - auto_fusion - AutoFusion.py - Patient_ID: 12459836 || CaseName: Case 2
2026-01-30 13:52:34,099 - INFO - auto_fusion - AutoFusion.py - Current Windows User: NYUMC\CHANG05
2026-01-30 13:52:42,795 - INFO - auto_fusion - AutoFusion.py - 

===== Finished AutoFusion =====


2026-02-03 07:37:41,928 - INFO - auto_fusion - AutoFusion.py - 

===== Running AutoFusion =====
2026-02-03 07:37:42,013 - INFO - auto_fusion - AutoFusion.py - Patient_ID: 0396241 || CaseName: Case 1
2026-02-03 07:37:42,018 - INFO - auto_fusion - AutoFusion.py - Current Windows User: NYUMC\CLANCO01
2026-02-03 07:37:42,081 - ERROR - auto_fusion - main_auto_fusion.py - [FAILED] in auto_fusion.main_auto_fusion.  Email notification sent.  Exception: Temporary Debugging Only - contact Owen if you have questions
2026-02-03 07:37:56,958 - ERROR - auto_fusion - AutoFusion.py - [FAILED] AutoFusion: Temporary Debugging Only - contact Owen if you have questions
2026-02-03 07:37:56,958 - INFO - auto_fusion - AutoFusion.py - 

===== Finished AutoFusion =====


2026-02-03 07:38:11,219 - INFO - auto_fusion - AutoFusion.py - 

===== Running AutoFusion =====
2026-02-03 07:38:11,282 - INFO - auto_fusion - AutoFusion.py - Patient_ID: 0396241 || CaseName: Case 1
2026-02-03 07:38:11,286 - INFO - auto_fusion - AutoFusion.py - Current Windows User: NYUMC\CLANCO01
2026-02-03 15:14:25,201 - INFO - auto_fusion - AutoFusion.py - 

===== Running AutoFusion =====
2026-02-03 15:14:25,267 - INFO - auto_fusion - AutoFusion.py - Patient_ID: 10170944 || CaseName: Case 1
2026-02-03 15:14:25,271 - INFO - auto_fusion - AutoFusion.py - Current Windows User: NYUMC\CLANCO01
2026-02-03 15:15:59,137 - INFO - auto_fusion - AutoFusion.py - 

===== Finished AutoFusion =====


2026-02-04 10:20:53,724 - INFO - auto_fusion - AutoFusion.py - 

===== Running AutoFusion =====
2026-02-04 10:20:53,789 - INFO - auto_fusion - AutoFusion.py - Patient_ID: 11912146 || CaseName: Case 2
2026-02-04 10:20:53,793 - INFO - auto_fusion - AutoFusion.py - Current Windows User: NYUMC\WESTJ05
2026-02-04 10:21:01,995 - INFO - auto_fusion - AutoFusion.py - 

===== Finished AutoFusion =====


2026-02-04 11:00:54,496 - INFO - auto_fusion - AutoFusion.py - 

===== Running AutoFusion =====
2026-02-04 11:00:54,612 - INFO - auto_fusion - AutoFusion.py - Patient_ID: 12775370 || CaseName: Case 2
2026-02-04 11:00:54,616 - INFO - auto_fusion - AutoFusion.py - Current Windows User: NYUMC\MACMEW01
2026-02-04 11:01:03,142 - INFO - auto_fusion - AutoFusion.py - 

===== Finished AutoFusion =====


2026-02-04 13:04:54,811 - INFO - auto_fusion - AutoFusion.py - 

===== Running AutoFusion =====
2026-02-04 13:04:54,875 - INFO - auto_fusion - AutoFusion.py - Patient_ID: 0771568 || CaseName: Case 1
2026-02-04 13:04:54,878 - INFO - auto_fusion - AutoFusion.py - Current Windows User: NYUMC\MACMEW01
2026-02-04 13:05:03,440 - INFO - auto_fusion - AutoFusion.py - 

===== Finished AutoFusion =====


2026-02-04 15:37:47,036 - INFO - auto_fusion - AutoFusion.py - 

===== Running AutoFusion =====
2026-02-04 15:37:47,101 - INFO - auto_fusion - AutoFusion.py - Patient_ID: 13192166 || CaseName: Case 1
2026-02-04 15:37:47,104 - INFO - auto_fusion - AutoFusion.py - Current Windows User: NYUMC\MACMEW01
2026-02-04 15:37:56,427 - INFO - auto_fusion - AutoFusion.py - 

===== Finished AutoFusion =====


2026-02-04 15:39:58,605 - INFO - auto_fusion - AutoFusion.py - 

===== Running AutoFusion =====
2026-02-04 15:39:58,669 - INFO - auto_fusion - AutoFusion.py - Patient_ID: 13192166 || CaseName: Case 1
2026-02-04 15:39:58,673 - INFO - auto_fusion - AutoFusion.py - Current Windows User: NYUMC\MACMEW01
2026-02-04 15:40:06,969 - INFO - auto_fusion - AutoFusion.py - 

===== Finished AutoFusion =====


2026-02-09 09:19:18,437 - INFO - auto_fusion - AutoFusion.py - 

===== Running AutoFusion =====
2026-02-09 09:19:18,507 - INFO - auto_fusion - AutoFusion.py - Patient_ID: 11988336 || CaseName: Case 1
2026-02-09 09:19:18,511 - INFO - auto_fusion - AutoFusion.py - Current Windows User: NYUMC\WESTJ05
2026-02-09 09:19:26,618 - INFO - auto_fusion - AutoFusion.py - 

===== Finished AutoFusion =====


2026-02-09 10:13:49,009 - INFO - auto_fusion - AutoFusion.py - 

===== Running AutoFusion =====
2026-02-09 10:13:49,074 - INFO - auto_fusion - AutoFusion.py - Patient_ID: 16243828 || CaseName: Case 2
2026-02-09 10:13:49,078 - INFO - auto_fusion - AutoFusion.py - Current Windows User: NYUMC\WESTJ05
2026-02-09 10:13:57,211 - INFO - auto_fusion - AutoFusion.py - 

===== Finished AutoFusion =====


2026-02-09 12:36:16,610 - INFO - auto_fusion - AutoFusion.py - 

===== Running AutoFusion =====
2026-02-09 12:36:16,675 - INFO - auto_fusion - AutoFusion.py - Patient_ID: 12541668 || CaseName: Case 2
2026-02-09 12:36:16,679 - INFO - auto_fusion - AutoFusion.py - Current Windows User: NYUMC\WESTJ05
2026-02-09 12:36:26,135 - INFO - auto_fusion - AutoFusion.py - 

===== Finished AutoFusion =====


2026-02-09 15:50:04,913 - INFO - auto_fusion - AutoFusion.py - 

===== Running AutoFusion =====
2026-02-09 15:50:05,002 - INFO - auto_fusion - AutoFusion.py - Patient_ID: 11234466 || CaseName: Case 1
2026-02-09 15:50:05,006 - INFO - auto_fusion - AutoFusion.py - Current Windows User: NYUMC\MACMEW01
2026-02-09 15:50:14,312 - INFO - auto_fusion - AutoFusion.py - 

===== Finished AutoFusion =====


2026-02-10 10:06:50,645 - INFO - auto_fusion - AutoFusion.py - 

===== Running AutoFusion =====
2026-02-10 10:06:50,711 - INFO - auto_fusion - AutoFusion.py - Patient_ID: 17014245 || CaseName: Case 1
2026-02-10 10:06:50,715 - INFO - auto_fusion - AutoFusion.py - Current Windows User: NYUMC\WESTJ05
2026-02-10 10:07:00,144 - INFO - auto_fusion - AutoFusion.py - 

===== Finished AutoFusion =====


2026-02-10 13:15:24,551 - INFO - auto_fusion - AutoFusion.py - 

===== Running AutoFusion =====
2026-02-10 13:15:24,636 - INFO - auto_fusion - AutoFusion.py - Patient_ID: 12827991 || CaseName: Case 1
2026-02-10 13:15:24,640 - INFO - auto_fusion - AutoFusion.py - Current Windows User: NYUMC\MACMEW01
2026-02-10 13:15:33,644 - INFO - auto_fusion - AutoFusion.py - 

===== Finished AutoFusion =====


2026-02-11 10:56:19,124 - INFO - auto_fusion - AutoFusion.py - 

===== Running AutoFusion =====
2026-02-11 10:56:19,190 - INFO - auto_fusion - AutoFusion.py - Patient_ID: 12802972 || CaseName: Case 3
2026-02-11 10:56:19,194 - INFO - auto_fusion - AutoFusion.py - Current Windows User: NYUMC\MACMEW01
2026-02-11 10:56:28,016 - INFO - auto_fusion - AutoFusion.py - 

===== Finished AutoFusion =====


2026-02-11 12:42:35,211 - INFO - auto_fusion - AutoFusion.py - 

===== Running AutoFusion =====
2026-02-11 12:42:35,275 - INFO - auto_fusion - AutoFusion.py - Patient_ID: 17622598 || CaseName: Case 2
2026-02-11 12:42:35,279 - INFO - auto_fusion - AutoFusion.py - Current Windows User: NYUMC\MACMEW01
2026-02-11 12:42:43,473 - INFO - auto_fusion - AutoFusion.py - 

===== Finished AutoFusion =====


2026-02-12 11:18:16,331 - INFO - auto_fusion - AutoFusion.py - 

===== Running AutoFusion =====
2026-02-12 11:18:16,425 - INFO - auto_fusion - AutoFusion.py - Patient_ID: 17698007 || CaseName: Case 1
2026-02-12 11:18:16,429 - INFO - auto_fusion - AutoFusion.py - Current Windows User: NYUMC\DIBARD04
2026-02-12 11:18:24,558 - INFO - auto_fusion - AutoFusion.py - 

===== Finished AutoFusion =====


2026-02-13 10:05:03,074 - INFO - auto_fusion - AutoFusion.py - 

===== Running AutoFusion =====
2026-02-13 10:05:03,141 - INFO - auto_fusion - AutoFusion.py - Patient_ID: 1327213 || CaseName: Case 1
2026-02-13 10:05:03,146 - INFO - auto_fusion - AutoFusion.py - Current Windows User: NYUMC\WESTJ05
2026-02-13 10:05:12,117 - INFO - auto_fusion - AutoFusion.py - 

===== Finished AutoFusion =====


2026-02-13 10:31:15,814 - INFO - auto_fusion - AutoFusion.py - 

===== Running AutoFusion =====
2026-02-13 10:31:15,883 - INFO - auto_fusion - AutoFusion.py - Patient_ID: 14040349 || CaseName: Case 2
2026-02-13 10:31:15,888 - INFO - auto_fusion - AutoFusion.py - Current Windows User: NYUMC\CHANG05
2026-02-13 11:03:57,860 - INFO - auto_fusion - AutoFusion.py - 

===== Running AutoFusion =====
2026-02-13 11:03:57,924 - INFO - auto_fusion - AutoFusion.py - Patient_ID: 5295457 || CaseName: Case 2
2026-02-13 11:03:57,928 - INFO - auto_fusion - AutoFusion.py - Current Windows User: NYUMC\MACMEW01
2026-02-13 11:04:06,241 - INFO - auto_fusion - AutoFusion.py - 

===== Finished AutoFusion =====


2026-02-13 12:14:14,111 - INFO - auto_fusion - AutoFusion.py - 

===== Running AutoFusion =====
2026-02-13 12:14:14,197 - INFO - auto_fusion - AutoFusion.py - Patient_ID: 13366614 || CaseName: Case 1
2026-02-13 12:14:14,201 - INFO - auto_fusion - AutoFusion.py - Current Windows User: NYUMC\MACMEW01
2026-02-13 12:14:22,874 - INFO - auto_fusion - AutoFusion.py - 

===== Finished AutoFusion =====


2026-02-17 08:50:50,651 - INFO - auto_fusion - AutoFusion.py - 

===== Running AutoFusion =====
2026-02-17 08:50:50,718 - INFO - auto_fusion - AutoFusion.py - Patient_ID: 0513404 || CaseName: Case 1
2026-02-17 08:50:50,723 - INFO - auto_fusion - AutoFusion.py - Current Windows User: NYUMC\CLANCO01
2026-02-17 08:51:13,628 - INFO - auto_fusion - AutoFusion.py - 

===== Finished AutoFusion =====


2026-02-17 09:08:36,397 - INFO - auto_fusion - AutoFusion.py - 

===== Running AutoFusion =====
2026-02-17 09:08:36,464 - INFO - auto_fusion - AutoFusion.py - Patient_ID: 0513404 || CaseName: Case 1
2026-02-17 09:08:36,469 - INFO - auto_fusion - AutoFusion.py - Current Windows User: NYUMC\CLANCO01
2026-02-17 09:08:58,905 - INFO - auto_fusion - AutoFusion.py - 

===== Finished AutoFusion =====


2026-02-17 09:22:56,818 - INFO - auto_fusion - AutoFusion.py - 

===== Running AutoFusion =====
2026-02-17 09:22:56,882 - INFO - auto_fusion - AutoFusion.py - Patient_ID: 0513404 || CaseName: Case 1
2026-02-17 09:22:56,886 - INFO - auto_fusion - AutoFusion.py - Current Windows User: NYUMC\CLANCO01
2026-02-17 09:23:01,810 - ERROR - auto_fusion - AutoFusion.py - [FAILED] AutoFusion: 'AutoFusion' object has no attribute 'pdu'
2026-02-17 09:23:01,811 - INFO - auto_fusion - AutoFusion.py - 

===== Finished AutoFusion =====


2026-02-17 09:23:27,046 - INFO - auto_fusion - AutoFusion.py - 

===== Running AutoFusion =====
2026-02-17 09:23:27,111 - INFO - auto_fusion - AutoFusion.py - Patient_ID: 0513404 || CaseName: Case 1
2026-02-17 09:23:27,115 - INFO - auto_fusion - AutoFusion.py - Current Windows User: NYUMC\CLANCO01
2026-02-17 09:23:31,735 - ERROR - auto_fusion - main_auto_fusion.py - PatientDataUtil() failed in AutoFusion initialization: No active exception to reraise
2026-02-17 09:23:31,808 - ERROR - auto_fusion - AutoFusion.py - [FAILED] AutoFusion: No active exception to reraise
2026-02-17 09:23:31,808 - INFO - auto_fusion - AutoFusion.py - 

===== Finished AutoFusion =====


2026-02-17 09:27:32,117 - INFO - auto_fusion - AutoFusion.py - 

===== Running AutoFusion =====
2026-02-17 09:27:32,181 - INFO - auto_fusion - AutoFusion.py - Patient_ID: 0513404 || CaseName: Case 1
2026-02-17 09:27:32,185 - INFO - auto_fusion - AutoFusion.py - Current Windows User: NYUMC\CLANCO01
2026-02-17 09:27:32,258 - INFO - auto_fusion - main_auto_fusion.py - AutoFusion initialized...
2026-02-17 09:27:32,303 - ERROR - auto_fusion - main_auto_fusion.py - [FAILED] in auto_fusion.main_auto_fusion.  Email notification sent.  Exception: 'AutoFusion' object has no attribute 'get_roi_names'
2026-02-17 09:27:47,464 - ERROR - auto_fusion - AutoFusion.py - [FAILED] AutoFusion: 'AutoFusion' object has no attribute 'get_roi_names'
2026-02-17 09:27:47,464 - INFO - auto_fusion - AutoFusion.py - 

===== Finished AutoFusion =====


2026-02-17 09:28:09,901 - INFO - auto_fusion - AutoFusion.py - 

===== Running AutoFusion =====
2026-02-17 09:28:09,965 - INFO - auto_fusion - AutoFusion.py - Patient_ID: 0513404 || CaseName: Case 1
2026-02-17 09:28:09,969 - INFO - auto_fusion - AutoFusion.py - Current Windows User: NYUMC\CLANCO01
2026-02-17 09:28:10,043 - INFO - auto_fusion - main_auto_fusion.py - AutoFusion initialized...
2026-02-17 09:28:10,191 - INFO - auto_fusion - main_auto_fusion.py - Fusion popup window step skipped.
2026-02-17 09:28:33,024 - INFO - auto_fusion - AutoFusion.py - 

===== Finished AutoFusion =====


2026-02-17 09:30:36,687 - INFO - auto_fusion - AutoFusion.py - 

===== Running AutoFusion =====
2026-02-17 09:30:36,753 - INFO - auto_fusion - AutoFusion.py - Patient_ID: 0513404 || CaseName: Case 1
2026-02-17 09:30:36,756 - INFO - auto_fusion - AutoFusion.py - Current Windows User: NYUMC\CLANCO01
2026-02-17 09:30:36,848 - INFO - auto_fusion - main_auto_fusion.py - AutoFusion initialized...
2026-02-17 09:30:36,993 - INFO - auto_fusion - main_auto_fusion.py - Fusion popup window step skipped.
2026-02-17 09:30:59,826 - INFO - auto_fusion - AutoFusion.py - 

===== Finished AutoFusion =====


2026-02-17 09:33:46,767 - INFO - auto_fusion - AutoFusion.py - 

===== Running AutoFusion =====
2026-02-17 09:33:46,830 - INFO - auto_fusion - AutoFusion.py - Patient_ID: 0513404 || CaseName: Case 1
2026-02-17 09:33:46,833 - INFO - auto_fusion - AutoFusion.py - Current Windows User: NYUMC\CLANCO01
2026-02-17 09:33:46,916 - INFO - auto_fusion - main_auto_fusion.py - AutoFusion initialized...
2026-02-17 09:33:47,060 - INFO - auto_fusion - main_auto_fusion.py - Assigned target roi name to {name}
2026-02-17 09:33:47,061 - INFO - auto_fusion - main_auto_fusion.py - Fusion popup window step skipped.
2026-02-17 09:34:15,692 - INFO - auto_fusion - AutoFusion.py - 

===== Running AutoFusion =====
2026-02-17 09:34:15,757 - INFO - auto_fusion - AutoFusion.py - Patient_ID: 0513404 || CaseName: Case 1
2026-02-17 09:34:15,761 - INFO - auto_fusion - AutoFusion.py - Current Windows User: NYUMC\CLANCO01
2026-02-17 09:34:15,847 - INFO - auto_fusion - main_auto_fusion.py - AutoFusion initialized...
2026-02-17 09:34:15,998 - INFO - auto_fusion - main_auto_fusion.py - Assigned target roi name to Brain
2026-02-17 09:34:15,999 - INFO - auto_fusion - main_auto_fusion.py - Fusion popup window step skipped.
2026-02-17 09:34:38,113 - INFO - auto_fusion - AutoFusion.py - 

===== Finished AutoFusion =====


2026-02-17 09:37:33,341 - INFO - auto_fusion - AutoFusion.py - 

===== Running AutoFusion =====
2026-02-17 09:37:33,405 - INFO - auto_fusion - AutoFusion.py - Patient_ID: 0513404 || CaseName: Case 1
2026-02-17 09:37:33,409 - INFO - auto_fusion - AutoFusion.py - Current Windows User: NYUMC\CLANCO01
2026-02-17 09:37:33,495 - INFO - auto_fusion - main_auto_fusion.py - AutoFusion initialized...
2026-02-17 09:37:33,655 - INFO - auto_fusion - main_auto_fusion.py - Assigned target roi name to Brain
2026-02-17 09:37:33,655 - INFO - auto_fusion - main_auto_fusion.py - Fusion popup window step skipped.
2026-02-17 09:37:33,666 - INFO - auto_fusion - main_auto_fusion.py - Creating External ROI...
2026-02-17 09:37:33,731 - INFO - auto_fusion - main_auto_fusion.py - Creating External ROI contours...
2026-02-17 09:37:59,348 - INFO - auto_fusion - AutoFusion.py - 

===== Finished AutoFusion =====


2026-02-17 09:40:49,253 - INFO - auto_fusion - AutoFusion.py - 

===== Running AutoFusion =====
2026-02-17 09:40:49,317 - INFO - auto_fusion - AutoFusion.py - Patient_ID: 0513404 || CaseName: Case 1
2026-02-17 09:40:49,320 - INFO - auto_fusion - AutoFusion.py - Current Windows User: NYUMC\CLANCO01
2026-02-17 09:40:49,409 - INFO - auto_fusion - main_auto_fusion.py - AutoFusion initialized...
2026-02-17 09:41:21,323 - INFO - auto_fusion - main_auto_fusion.py - Fusion Popup Selected Values: {'ReferenceImageName': 'BRAIN CYBER', 'FusingImageName': ['MR 1'], 'TargetName': 'Brain', 'RegistrtaionType': 'Frame of Reference'}
2026-02-17 09:41:21,476 - INFO - auto_fusion - main_auto_fusion.py - Running DSL model...
2026-02-17 09:42:28,539 - INFO - auto_fusion - AutoFusion.py - 

===== Finished AutoFusion =====


2026-02-17 09:43:18,405 - INFO - auto_fusion - AutoFusion.py - 

===== Running AutoFusion =====
2026-02-17 09:43:18,470 - INFO - auto_fusion - AutoFusion.py - Patient_ID: 0513404 || CaseName: Case 1
2026-02-17 09:43:18,474 - INFO - auto_fusion - AutoFusion.py - Current Windows User: NYUMC\CLANCO01
2026-02-17 09:43:18,538 - INFO - auto_fusion - main_auto_fusion.py - AutoFusion initialized...
2026-02-17 09:43:34,716 - INFO - auto_fusion - main_auto_fusion.py - Fusion Popup Selected Values: {'ReferenceImageName': 'BRAIN CYBER', 'FusingImageName': ['MR 1'], 'TargetName': 'Brain', 'RegistrtaionType': 'Frame of Reference'}
2026-02-17 09:43:34,837 - INFO - auto_fusion - main_auto_fusion.py - Running DSL model...
2026-02-17 09:43:34,841 - INFO - auto_fusion - main_auto_fusion.py - Running DSL inside double if statements...
2026-02-17 09:48:16,393 - INFO - auto_fusion - AutoFusion.py - 

===== Running AutoFusion =====
2026-02-17 09:48:16,480 - INFO - auto_fusion - AutoFusion.py - Patient_ID: 0513404 || CaseName: Case 1
2026-02-17 09:48:16,484 - INFO - auto_fusion - AutoFusion.py - Current Windows User: NYUMC\CLANCO01
2026-02-17 09:48:16,551 - INFO - auto_fusion - main_auto_fusion.py - AutoFusion initialized...
2026-02-17 09:48:16,736 - INFO - auto_fusion - main_auto_fusion.py - Assigned target roi name to Brain
2026-02-17 09:48:16,737 - INFO - auto_fusion - main_auto_fusion.py - Fusion popup window step skipped.
2026-02-17 09:48:16,939 - INFO - auto_fusion - main_auto_fusion.py - Target center of fixed image is: {'x': -0.6654161553403297, 'y': 3.3271791139904328, 'z': -2.6690315576567696}
2026-02-17 09:48:17,126 - INFO - auto_fusion - main_auto_fusion.py - Creating fusion box...
2026-02-17 09:48:17,286 - INFO - auto_fusion - main_auto_fusion.py - Creating registrationf or moving image named MR 1...
2026-02-17 09:50:40,537 - INFO - auto_fusion - AutoFusion.py - 

===== Running AutoFusion =====
2026-02-17 09:50:40,602 - INFO - auto_fusion - AutoFusion.py - Patient_ID: 0513404 || CaseName: Case 1
2026-02-17 09:50:40,606 - INFO - auto_fusion - AutoFusion.py - Current Windows User: NYUMC\CLANCO01
2026-02-17 09:50:40,674 - INFO - auto_fusion - main_auto_fusion.py - AutoFusion initialized...
2026-02-17 09:50:40,823 - INFO - auto_fusion - main_auto_fusion.py - Assigned target roi name to Brain
2026-02-17 09:50:40,824 - INFO - auto_fusion - main_auto_fusion.py - Fusion popup window step skipped.
2026-02-17 09:50:41,037 - INFO - auto_fusion - main_auto_fusion.py - Target center of fixed image is: {'x': -0.6654161553403297, 'y': 3.3271791139904328, 'z': -2.6690315576567696}
2026-02-17 09:50:41,131 - INFO - auto_fusion - main_auto_fusion.py - Creating fusion box...
2026-02-17 09:50:41,331 - INFO - auto_fusion - main_auto_fusion.py - Current moving image name: MR 1
2026-02-17 09:50:41,378 - INFO - auto_fusion - main_auto_fusion.py - Moving image center coordinates: {'x': 0.6352519671760763, 'y': -5.412633398852236, 'z': 5.380173202496846}
2026-02-17 09:50:41,378 - INFO - auto_fusion - main_auto_fusion.py - Creating registrationf or moving image named MR 1...
2026-02-17 09:51:03,436 - INFO - auto_fusion - AutoFusion.py - 

===== Finished AutoFusion =====


2026-02-17 09:52:43,878 - INFO - auto_fusion - AutoFusion.py - 

===== Running AutoFusion =====
2026-02-17 09:52:43,943 - INFO - auto_fusion - AutoFusion.py - Patient_ID: 0513404 || CaseName: Case 1
2026-02-17 09:52:43,947 - INFO - auto_fusion - AutoFusion.py - Current Windows User: NYUMC\CLANCO01
2026-02-17 09:52:44,022 - INFO - auto_fusion - main_auto_fusion.py - AutoFusion initialized...
2026-02-17 09:52:44,169 - INFO - auto_fusion - main_auto_fusion.py - Assigned target roi name to Brain
2026-02-17 09:52:44,169 - INFO - auto_fusion - main_auto_fusion.py - Fusion popup window step skipped.
2026-02-17 09:52:44,386 - INFO - auto_fusion - main_auto_fusion.py - Target center of ROI target Brain is: {'x': -0.6654161553403297, 'y': 3.3271791139904328, 'z': -2.6690315576567696}
2026-02-17 09:52:44,470 - INFO - auto_fusion - main_auto_fusion.py - Creating fusion box...
2026-02-17 09:52:44,575 - INFO - auto_fusion - main_auto_fusion.py - Current moving image name: MR 1
2026-02-17 09:52:44,624 - INFO - auto_fusion - main_auto_fusion.py - Moving image center coordinates: {'x': 0.6352519671760763, 'y': -5.412633398852236, 'z': 5.380173202496846}
2026-02-17 09:52:44,625 - INFO - auto_fusion - main_auto_fusion.py - Creating registration for moving image named MR 1...
2026-02-17 09:55:00,246 - INFO - auto_fusion - AutoFusion.py - 

===== Running AutoFusion =====
2026-02-17 09:55:00,311 - INFO - auto_fusion - AutoFusion.py - Patient_ID: 0513404 || CaseName: Case 1
2026-02-17 09:55:00,314 - INFO - auto_fusion - AutoFusion.py - Current Windows User: NYUMC\CLANCO01
2026-02-17 09:55:00,395 - INFO - auto_fusion - main_auto_fusion.py - AutoFusion initialized...
2026-02-17 09:55:00,549 - INFO - auto_fusion - main_auto_fusion.py - Assigned target roi name to Brain
2026-02-17 09:55:00,549 - INFO - auto_fusion - main_auto_fusion.py - Fusion popup window step skipped.
2026-02-17 09:55:00,771 - INFO - auto_fusion - main_auto_fusion.py - Target center of ROI target Brain is: {'x': -0.6654161553403297, 'y': 3.3271791139904328, 'z': -2.6690315576567696}
2026-02-17 09:55:00,859 - INFO - auto_fusion - main_auto_fusion.py - Creating fusion box...
2026-02-17 09:55:00,976 - INFO - auto_fusion - main_auto_fusion.py - Current moving image name: MR 1
2026-02-17 09:55:01,026 - INFO - auto_fusion - main_auto_fusion.py - Moving image center coordinates: {'x': 0.6352519671760763, 'y': -5.412633398852236, 'z': 5.380173202496846}
2026-02-17 09:55:01,026 - INFO - auto_fusion - main_auto_fusion.py - Creating registration for moving image named MR 1...
2026-02-17 09:55:06,791 - INFO - auto_fusion - main_auto_fusion.py - Initial Alignment: {'YawDegrees': 0, 'PitchDegrees': 0, 'RollDegrees': 0, 'Translation': {'x': -1.300668122516406, 'y': 8.739812512842668, 'z': -8.049204760153616}, 'RotationCenter': {'x': 0, 'y': 0, 'z': 0}}
2026-02-17 09:59:43,610 - INFO - auto_fusion - AutoFusion.py - 

===== Running AutoFusion =====
2026-02-17 09:59:43,675 - INFO - auto_fusion - AutoFusion.py - Patient_ID: 0513404 || CaseName: Case 1
2026-02-17 09:59:43,679 - INFO - auto_fusion - AutoFusion.py - Current Windows User: NYUMC\CLANCO01
2026-02-17 09:59:43,743 - INFO - auto_fusion - main_auto_fusion.py - AutoFusion initialized...
2026-02-17 09:59:43,902 - INFO - auto_fusion - main_auto_fusion.py - Assigned target roi name to Brain
2026-02-17 09:59:43,902 - INFO - auto_fusion - main_auto_fusion.py - Fusion popup window step skipped.
2026-02-17 09:59:44,090 - INFO - auto_fusion - main_auto_fusion.py - Target center of ROI target Brain is: {'x': -0.6654161553403297, 'y': 3.3271791139904328, 'z': -2.6690315576567696}
2026-02-17 09:59:44,173 - INFO - auto_fusion - main_auto_fusion.py - Creating fusion box...
2026-02-17 09:59:44,268 - INFO - auto_fusion - main_auto_fusion.py - Current moving image name: MR 1
2026-02-17 09:59:44,356 - INFO - auto_fusion - main_auto_fusion.py - Fixed image center coordinates: {'x': -0.078125, 'y': -0.078125, 'z': -2.6875}
2026-02-17 09:59:44,356 - INFO - auto_fusion - main_auto_fusion.py - Moving image center coordinates: {'x': 0.6352519671760763, 'y': -5.412633398852236, 'z': 5.380173202496846}
2026-02-17 09:59:44,356 - INFO - auto_fusion - main_auto_fusion.py - Creating registration for moving image named MR 1...
2026-02-17 09:59:45,223 - INFO - auto_fusion - main_auto_fusion.py - Initial Alignment: {'YawDegrees': 0, 'PitchDegrees': 0, 'RollDegrees': 0, 'Translation': {'x': -1.300668122516406, 'y': 8.739812512842668, 'z': -8.049204760153616}, 'RotationCenter': {'x': 0, 'y': 0, 'z': 0}}
2026-02-17 10:00:58,725 - INFO - auto_fusion - AutoFusion.py - 

===== Running AutoFusion =====
2026-02-17 10:00:58,790 - INFO - auto_fusion - AutoFusion.py - Patient_ID: 0513404 || CaseName: Case 1
2026-02-17 10:00:58,793 - INFO - auto_fusion - AutoFusion.py - Current Windows User: NYUMC\CLANCO01
2026-02-17 10:00:58,862 - INFO - auto_fusion - main_auto_fusion.py - AutoFusion initialized...
2026-02-17 10:00:59,013 - INFO - auto_fusion - main_auto_fusion.py - Assigned target roi name to Brain
2026-02-17 10:00:59,014 - INFO - auto_fusion - main_auto_fusion.py - Fusion popup window step skipped.
2026-02-17 10:00:59,218 - INFO - auto_fusion - main_auto_fusion.py - Target center of ROI target Brain is: {'x': -0.6654161553403297, 'y': 3.3271791139904328, 'z': -2.6690315576567696}
2026-02-17 10:00:59,300 - INFO - auto_fusion - main_auto_fusion.py - Creating fusion box...
2026-02-17 10:00:59,487 - INFO - auto_fusion - main_auto_fusion.py - Current moving image name: MR 1
2026-02-17 10:00:59,570 - INFO - auto_fusion - main_auto_fusion.py - Fixed image center coordinates: {'x': -0.078125, 'y': -0.078125, 'z': -2.6875}
2026-02-17 10:00:59,570 - INFO - auto_fusion - main_auto_fusion.py - Moving image center coordinates: {'x': 0.6352519671760763, 'y': -5.412633398852236, 'z': 5.380173202496846}
2026-02-17 10:00:59,570 - INFO - auto_fusion - main_auto_fusion.py - Creating registration for moving image named MR 1...
2026-02-17 10:01:00,418 - INFO - auto_fusion - main_auto_fusion.py - Initial Alignment: {'YawDegrees': 0, 'PitchDegrees': 0, 'RollDegrees': 0, 'Translation': {'x': -1.378793122516406, 'y': 8.661687512842668, 'z': -10.736704760153614}, 'RotationCenter': {'x': 0, 'y': 0, 'z': 0}}
2026-02-17 10:03:34,416 - INFO - auto_fusion - AutoFusion.py - 

===== Running AutoFusion =====
2026-02-17 10:03:34,481 - INFO - auto_fusion - AutoFusion.py - Patient_ID: 0513404 || CaseName: Case 1
2026-02-17 10:03:34,485 - INFO - auto_fusion - AutoFusion.py - Current Windows User: NYUMC\CLANCO01
2026-02-17 10:03:34,560 - INFO - auto_fusion - main_auto_fusion.py - AutoFusion initialized...
2026-02-17 10:03:34,708 - INFO - auto_fusion - main_auto_fusion.py - Assigned target roi name to Brain
2026-02-17 10:03:34,708 - INFO - auto_fusion - main_auto_fusion.py - Fusion popup window step skipped.
2026-02-17 10:03:34,912 - INFO - auto_fusion - main_auto_fusion.py - Target center of ROI target Brain is: {'x': -0.6654161553403297, 'y': 3.3271791139904328, 'z': -2.6690315576567696}
2026-02-17 10:03:34,992 - INFO - auto_fusion - main_auto_fusion.py - Creating fusion box...
2026-02-17 10:03:35,154 - INFO - auto_fusion - main_auto_fusion.py - Current moving image name: MR 1
2026-02-17 10:03:35,235 - INFO - auto_fusion - main_auto_fusion.py - Fixed image center coordinates: {'x': -0.078125, 'y': -0.078125, 'z': -2.6875}
2026-02-17 10:03:35,235 - INFO - auto_fusion - main_auto_fusion.py - Moving image center coordinates: {'x': 0.6352519671760763, 'y': -5.412633398852236, 'z': 5.380173202496846}
2026-02-17 10:03:35,235 - INFO - auto_fusion - main_auto_fusion.py - Creating registration for moving image named MR 1...
2026-02-17 10:03:36,095 - INFO - auto_fusion - main_auto_fusion.py - Initial Alignment: {'YawDegrees': 0, 'PitchDegrees': 0, 'RollDegrees': 0, 'Translation': {'x': -0.7133769671760763, 'y': 5.334508398852236, 'z': -8.067673202496845}, 'RotationCenter': {'x': 0, 'y': 0, 'z': 0}}
2026-02-17 10:24:43,226 - INFO - auto_fusion - AutoFusion.py - 

===== Running AutoFusion =====
2026-02-17 10:24:43,290 - INFO - auto_fusion - AutoFusion.py - Patient_ID: 0513404 || CaseName: Case 1
2026-02-17 10:24:43,293 - INFO - auto_fusion - AutoFusion.py - Current Windows User: NYUMC\CLANCO01
2026-02-17 10:24:43,374 - INFO - auto_fusion - main_auto_fusion.py - AutoFusion initialized...
2026-02-17 10:24:43,528 - INFO - auto_fusion - main_auto_fusion.py - Assigned target roi name to Brain
2026-02-17 10:24:43,528 - INFO - auto_fusion - main_auto_fusion.py - Fusion popup window step skipped.
2026-02-17 10:24:43,857 - INFO - auto_fusion - main_auto_fusion.py - Target center of ROI target Brain is: {'x': -0.6654161553403297, 'y': 3.3271791139904328, 'z': -2.6690315576567696}
2026-02-17 10:24:43,941 - INFO - auto_fusion - main_auto_fusion.py - Creating fusion box...
2026-02-17 10:24:44,065 - INFO - auto_fusion - main_auto_fusion.py - Current moving image name: MR 1
2026-02-17 10:24:44,178 - ERROR - auto_fusion - main_auto_fusion.py - Object has no member 'GetBoundingBox'.
Traceback (most recent call last):
  File "C:\Program Files\RaySearch Laboratories\RayStation 2023B\ScriptClient\connect\connect_cpython.py", line 428, in __getattr__
    member = self._scriptObject.GetMember(name)
System.InvalidOperationException: Object has no member 'GetBoundingBox'.
   at ScriptClient.CPythonScriptObject.GetMember_(String name)
   at ScriptClient.CPythonScriptObject.GetMember(String name)

During handling of the above exception, another exception occurred:

Traceback (most recent call last):
  File "\\Client\F$\SHARING\Radiation Oncology Physics\RaystationScriptingPROD\auto_fusion\main_auto_fusion.py", line 247, in calculate_initial_translation
    fixed_bound_box = self.fixed_exam.Series[0].GetBoundingBox()
  File "C:\Program Files\RaySearch Laboratories\RayStation 2023B\ScriptClient\connect\connect_cpython.py", line 433, in __getattr__
    raise AttributeError(error.Message)
AttributeError: Object has no member 'GetBoundingBox'.
2026-02-17 10:24:44,274 - INFO - auto_fusion - main_auto_fusion.py - Fixed image center coordinates: {'x': -0.078125, 'y': -0.078125, 'z': -2.6875}
2026-02-17 10:24:44,274 - INFO - auto_fusion - main_auto_fusion.py - Moving image center coordinates: {'x': 0.6352519671760763, 'y': -5.412633398852236, 'z': 5.380173202496846}
2026-02-17 10:24:44,274 - INFO - auto_fusion - main_auto_fusion.py - Creating registration for moving image named MR 1...
2026-02-17 10:24:45,149 - INFO - auto_fusion - main_auto_fusion.py - Initial Alignment: {'YawDegrees': 0, 'PitchDegrees': 0, 'RollDegrees': 0, 'Translation': {'x': -1.300668122516406, 'y': 8.739812512842668, 'z': -8.049204760153616}, 'RotationCenter': {'x': 0, 'y': 0, 'z': 0}}
2026-02-17 10:26:53,669 - INFO - auto_fusion - AutoFusion.py - 

===== Running AutoFusion =====
2026-02-17 10:26:53,734 - INFO - auto_fusion - AutoFusion.py - Patient_ID: 0513404 || CaseName: Case 1
2026-02-17 10:26:53,737 - INFO - auto_fusion - AutoFusion.py - Current Windows User: NYUMC\CLANCO01
2026-02-17 10:26:53,835 - INFO - auto_fusion - main_auto_fusion.py - AutoFusion initialized...
2026-02-17 10:26:53,982 - INFO - auto_fusion - main_auto_fusion.py - Assigned target roi name to Brain
2026-02-17 10:26:53,982 - INFO - auto_fusion - main_auto_fusion.py - Fusion popup window step skipped.
2026-02-17 10:26:54,203 - INFO - auto_fusion - main_auto_fusion.py - Target center of ROI target Brain is: {'x': -0.6654161553403297, 'y': 3.3271791139904328, 'z': -2.6690315576567696}
2026-02-17 10:26:54,285 - INFO - auto_fusion - main_auto_fusion.py - Creating fusion box...
2026-02-17 10:26:54,404 - INFO - auto_fusion - main_auto_fusion.py - Current moving image name: MR 1
2026-02-17 10:26:54,430 - INFO - auto_fusion - main_auto_fusion.py - Fixed Bounding Box: GetBoundingBox(..)
2026-02-17 10:26:54,430 - INFO - auto_fusion - main_auto_fusion.py - Moving Bounding Box: [{'x': -12.37246667633087, 'y': -17.412633398852236, 'z': -12.61259853293102}, {'x': 12.619386097169327, 'y': 12.331684324592707, 'z': 12.928969645651382}]
2026-02-17 10:26:54,492 - INFO - auto_fusion - main_auto_fusion.py - Fixed image center coordinates: {'x': -0.078125, 'y': -0.078125, 'z': -2.6875}
2026-02-17 10:26:54,492 - INFO - auto_fusion - main_auto_fusion.py - Moving image center coordinates: {'x': 0.6352519671760763, 'y': -5.412633398852236, 'z': 5.380173202496846}
2026-02-17 10:26:54,492 - INFO - auto_fusion - main_auto_fusion.py - Creating registration for moving image named MR 1...
2026-02-17 10:26:55,353 - INFO - auto_fusion - main_auto_fusion.py - Initial Alignment: {'YawDegrees': 0, 'PitchDegrees': 0, 'RollDegrees': 0, 'Translation': {'x': -1.300668122516406, 'y': 8.739812512842668, 'z': -8.049204760153616}, 'RotationCenter': {'x': 0, 'y': 0, 'z': 0}}
2026-02-17 10:27:44,788 - INFO - auto_fusion - AutoFusion.py - 

===== Running AutoFusion =====
2026-02-17 10:27:44,853 - INFO - auto_fusion - AutoFusion.py - Patient_ID: 0513404 || CaseName: Case 1
2026-02-17 10:27:44,856 - INFO - auto_fusion - AutoFusion.py - Current Windows User: NYUMC\CLANCO01
2026-02-17 10:27:44,944 - INFO - auto_fusion - main_auto_fusion.py - AutoFusion initialized...
2026-02-17 10:27:45,115 - INFO - auto_fusion - main_auto_fusion.py - Assigned target roi name to Brain
2026-02-17 10:27:45,115 - INFO - auto_fusion - main_auto_fusion.py - Fusion popup window step skipped.
2026-02-17 10:27:45,351 - INFO - auto_fusion - main_auto_fusion.py - Target center of ROI target Brain is: {'x': -0.6654161553403297, 'y': 3.3271791139904328, 'z': -2.6690315576567696}
2026-02-17 10:27:45,436 - INFO - auto_fusion - main_auto_fusion.py - Creating fusion box...
2026-02-17 10:27:45,545 - INFO - auto_fusion - main_auto_fusion.py - Current moving image name: MR 1
2026-02-17 10:27:45,572 - INFO - auto_fusion - main_auto_fusion.py - Fixed Bounding Box: [{'x': -40.078125, 'y': -40.078125, 'z': -28.125}, {'x': 39.921875, 'y': 39.921875, 'z': 22.75}]
2026-02-17 10:27:45,572 - INFO - auto_fusion - main_auto_fusion.py - Moving Bounding Box: [{'x': -12.37246667633087, 'y': -17.412633398852236, 'z': -12.61259853293102}, {'x': 12.619386097169327, 'y': 12.331684324592707, 'z': 12.928969645651382}]
2026-02-17 10:27:45,635 - INFO - auto_fusion - main_auto_fusion.py - Fixed image center coordinates: {'x': -0.078125, 'y': -0.078125, 'z': -2.6875}
2026-02-17 10:27:45,635 - INFO - auto_fusion - main_auto_fusion.py - Moving image center coordinates: {'x': 0.6352519671760763, 'y': -5.412633398852236, 'z': 5.380173202496846}
2026-02-17 10:27:45,635 - INFO - auto_fusion - main_auto_fusion.py - Creating registration for moving image named MR 1...
2026-02-17 10:27:46,492 - INFO - auto_fusion - main_auto_fusion.py - Initial Alignment: {'YawDegrees': 0, 'PitchDegrees': 0, 'RollDegrees': 0, 'Translation': {'x': -1.300668122516406, 'y': 8.739812512842668, 'z': -8.049204760153616}, 'RotationCenter': {'x': 0, 'y': 0, 'z': 0}}
2026-02-17 10:37:04,716 - INFO - auto_fusion - AutoFusion.py - 

===== Running AutoFusion =====
2026-02-17 10:37:04,783 - INFO - auto_fusion - AutoFusion.py - Patient_ID: 0513404 || CaseName: Case 1
2026-02-17 10:37:04,787 - INFO - auto_fusion - AutoFusion.py - Current Windows User: NYUMC\CLANCO01
2026-02-17 10:37:04,888 - INFO - auto_fusion - main_auto_fusion.py - AutoFusion initialized...
2026-02-17 10:37:05,096 - INFO - auto_fusion - main_auto_fusion.py - Assigned target roi name to Brain
2026-02-17 10:37:05,096 - INFO - auto_fusion - main_auto_fusion.py - Fusion popup window step skipped.
2026-02-17 10:37:05,346 - INFO - auto_fusion - main_auto_fusion.py - Target center of ROI target Brain is: {'x': -0.6654161553403297, 'y': 3.3271791139904328, 'z': -2.6690315576567696}
2026-02-17 10:37:05,434 - INFO - auto_fusion - main_auto_fusion.py - Creating fusion box...
2026-02-17 10:37:05,536 - INFO - auto_fusion - main_auto_fusion.py - Current moving image name: MR 1
2026-02-17 10:37:05,562 - INFO - auto_fusion - main_auto_fusion.py - Fixed Bounding Box: [{'x': -40.078125, 'y': -40.078125, 'z': -28.125}, {'x': 39.921875, 'y': 39.921875, 'z': 22.75}]
2026-02-17 10:37:05,562 - INFO - auto_fusion - main_auto_fusion.py - Moving Bounding Box: [{'x': -12.37246667633087, 'y': -17.412633398852236, 'z': -12.61259853293102}, {'x': 12.619386097169327, 'y': 12.331684324592707, 'z': 12.928969645651382}]
2026-02-17 10:37:05,563 - INFO - auto_fusion - main_auto_fusion.py - New fixed image center coordinates: {'x': 80.0, 'y': 80.0, 'z': 50.875}
2026-02-17 10:37:05,563 - INFO - auto_fusion - main_auto_fusion.py - New moving image center coordinates: {'x': 24.9918527735002, 'y': 29.744317723444944, 'z': 25.541568178582402}
2026-02-17 10:37:05,624 - INFO - auto_fusion - main_auto_fusion.py - Original fixed image center coordinates: {'x': -0.078125, 'y': -0.078125, 'z': -2.6875}
2026-02-17 10:37:05,624 - INFO - auto_fusion - main_auto_fusion.py - Original moving image center coordinates: {'x': 0.6352519671760763, 'y': -5.412633398852236, 'z': 5.380173202496846}
2026-02-17 10:37:05,625 - INFO - auto_fusion - main_auto_fusion.py - Creating registration for moving image named MR 1...
2026-02-17 10:37:06,483 - INFO - auto_fusion - main_auto_fusion.py - Initial Alignment: {'YawDegrees': 0, 'PitchDegrees': 0, 'RollDegrees': 0, 'Translation': {'x': -1.300668122516406, 'y': 8.739812512842668, 'z': -8.049204760153616}, 'RotationCenter': {'x': 0, 'y': 0, 'z': 0}}
2026-02-17 10:40:17,549 - INFO - auto_fusion - AutoFusion.py - 

===== Running AutoFusion =====
2026-02-17 10:40:17,612 - INFO - auto_fusion - AutoFusion.py - Patient_ID: 0513404 || CaseName: Case 1
2026-02-17 10:40:17,616 - INFO - auto_fusion - AutoFusion.py - Current Windows User: NYUMC\CLANCO01
2026-02-17 10:40:17,714 - INFO - auto_fusion - main_auto_fusion.py - AutoFusion initialized...
2026-02-17 10:40:17,874 - INFO - auto_fusion - main_auto_fusion.py - Assigned target roi name to Brain
2026-02-17 10:40:17,874 - INFO - auto_fusion - main_auto_fusion.py - Fusion popup window step skipped.
2026-02-17 10:40:18,117 - INFO - auto_fusion - main_auto_fusion.py - Target center of ROI target Brain is: {'x': -0.6654161553403297, 'y': 3.3271791139904328, 'z': -2.6690315576567696}
2026-02-17 10:40:18,204 - INFO - auto_fusion - main_auto_fusion.py - Creating fusion box...
2026-02-17 10:40:18,325 - INFO - auto_fusion - main_auto_fusion.py - Current moving image name: MR 1
2026-02-17 10:40:18,351 - INFO - auto_fusion - main_auto_fusion.py - Fixed Bounding Box: [{'x': -40.078125, 'y': -40.078125, 'z': -28.125}, {'x': 39.921875, 'y': 39.921875, 'z': 22.75}]
2026-02-17 10:40:18,352 - INFO - auto_fusion - main_auto_fusion.py - Moving Bounding Box: [{'x': -12.37246667633087, 'y': -17.412633398852236, 'z': -12.61259853293102}, {'x': 12.619386097169327, 'y': 12.331684324592707, 'z': 12.928969645651382}]
2026-02-17 10:40:18,352 - INFO - auto_fusion - main_auto_fusion.py - New fixed image center coordinates: {'x': -0.078125, 'y': -0.078125, 'z': -2.6875}
2026-02-17 10:40:18,352 - INFO - auto_fusion - main_auto_fusion.py - New moving image center coordinates: {'x': 0.12345971041922965, 'y': -2.5404745371297643, 'z': 0.1581855563601806}
2026-02-17 10:40:18,419 - INFO - auto_fusion - main_auto_fusion.py - Original fixed image center coordinates: {'x': -0.078125, 'y': -0.078125, 'z': -2.6875}
2026-02-17 10:40:18,419 - INFO - auto_fusion - main_auto_fusion.py - Original moving image center coordinates: {'x': 0.6352519671760763, 'y': -5.412633398852236, 'z': 5.380173202496846}
2026-02-17 10:40:18,419 - INFO - auto_fusion - main_auto_fusion.py - Creating registration for moving image named MR 1...
2026-02-17 10:40:19,305 - INFO - auto_fusion - main_auto_fusion.py - Initial Alignment: {'YawDegrees': 0, 'PitchDegrees': 0, 'RollDegrees': 0, 'Translation': {'x': -1.300668122516406, 'y': 8.739812512842668, 'z': -8.049204760153616}, 'RotationCenter': {'x': 0, 'y': 0, 'z': 0}}
2026-02-17 10:41:45,512 - INFO - auto_fusion - AutoFusion.py - 

===== Running AutoFusion =====
2026-02-17 10:41:45,577 - INFO - auto_fusion - AutoFusion.py - Patient_ID: 0513404 || CaseName: Case 1
2026-02-17 10:41:45,581 - INFO - auto_fusion - AutoFusion.py - Current Windows User: NYUMC\CLANCO01
2026-02-17 10:41:45,680 - INFO - auto_fusion - main_auto_fusion.py - AutoFusion initialized...
2026-02-17 10:41:45,838 - INFO - auto_fusion - main_auto_fusion.py - Assigned target roi name to Brain
2026-02-17 10:41:45,838 - INFO - auto_fusion - main_auto_fusion.py - Fusion popup window step skipped.
2026-02-17 10:41:46,084 - INFO - auto_fusion - main_auto_fusion.py - Target center of ROI target Brain is: {'x': -0.6654161553403297, 'y': 3.3271791139904328, 'z': -2.6690315576567696}
2026-02-17 10:41:46,165 - INFO - auto_fusion - main_auto_fusion.py - Creating fusion box...
2026-02-17 10:41:46,299 - INFO - auto_fusion - main_auto_fusion.py - Current moving image name: MR 1
2026-02-17 10:41:46,328 - INFO - auto_fusion - main_auto_fusion.py - Fixed Bounding Box: [{'x': -40.078125, 'y': -40.078125, 'z': -28.125}, {'x': 39.921875, 'y': 39.921875, 'z': 22.75}]
2026-02-17 10:41:46,328 - INFO - auto_fusion - main_auto_fusion.py - Moving Bounding Box: [{'x': -12.37246667633087, 'y': -17.412633398852236, 'z': -12.61259853293102}, {'x': 12.619386097169327, 'y': 12.331684324592707, 'z': 12.928969645651382}]
2026-02-17 10:41:46,328 - INFO - auto_fusion - main_auto_fusion.py - New fixed image center coordinates: {'x': -0.078125, 'y': -0.078125, 'z': -2.6875}
2026-02-17 10:41:46,328 - INFO - auto_fusion - main_auto_fusion.py - New moving image center coordinates: {'x': 0.12345971041922965, 'y': -2.5404745371297643, 'z': 0.1581855563601806}
2026-02-17 10:41:46,329 - INFO - auto_fusion - main_auto_fusion.py - Creating registration for moving image named MR 1...
2026-02-17 10:41:48,993 - INFO - auto_fusion - main_auto_fusion.py - Initial Alignment: {'YawDegrees': 0, 'PitchDegrees': 0, 'RollDegrees': 0, 'Translation': {'x': -0.7888758657595594, 'y': 5.867653651120197, 'z': -2.82721711401695}, 'RotationCenter': {'x': 0, 'y': 0, 'z': 0}}
2026-02-17 10:43:16,601 - INFO - auto_fusion - AutoFusion.py - 

===== Running AutoFusion =====
2026-02-17 10:43:16,689 - INFO - auto_fusion - AutoFusion.py - Patient_ID: 0513404 || CaseName: Case 1
2026-02-17 10:43:16,693 - INFO - auto_fusion - AutoFusion.py - Current Windows User: NYUMC\CLANCO01
2026-02-17 10:43:16,760 - INFO - auto_fusion - main_auto_fusion.py - AutoFusion initialized...
2026-02-17 10:43:16,945 - INFO - auto_fusion - main_auto_fusion.py - Assigned target roi name to Brain
2026-02-17 10:43:16,945 - INFO - auto_fusion - main_auto_fusion.py - Fusion popup window step skipped.
2026-02-17 10:43:17,150 - INFO - auto_fusion - main_auto_fusion.py - Target center of ROI target Brain is: {'x': -0.6654161553403297, 'y': 3.3271791139904328, 'z': -2.6690315576567696}
2026-02-17 10:43:17,338 - INFO - auto_fusion - main_auto_fusion.py - Creating fusion box...
2026-02-17 10:43:17,460 - INFO - auto_fusion - main_auto_fusion.py - Current moving image name: MR 1
2026-02-17 10:43:17,492 - INFO - auto_fusion - main_auto_fusion.py - Fixed Bounding Box: [{'x': -40.078125, 'y': -40.078125, 'z': -28.125}, {'x': 39.921875, 'y': 39.921875, 'z': 22.75}]
2026-02-17 10:43:17,493 - INFO - auto_fusion - main_auto_fusion.py - Moving Bounding Box: [{'x': -12.37246667633087, 'y': -17.412633398852236, 'z': -12.61259853293102}, {'x': 12.619386097169327, 'y': 12.331684324592707, 'z': 12.928969645651382}]
2026-02-17 10:43:17,493 - INFO - auto_fusion - main_auto_fusion.py - New fixed image center coordinates: {'x': -0.078125, 'y': -0.078125, 'z': -2.6875}
2026-02-17 10:43:17,493 - INFO - auto_fusion - main_auto_fusion.py - New moving image center coordinates: {'x': 0.12345971041922965, 'y': -2.5404745371297643, 'z': 0.1581855563601806}
2026-02-17 10:43:17,493 - INFO - auto_fusion - main_auto_fusion.py - Creating registration for moving image named MR 1...
2026-02-17 10:43:53,812 - INFO - auto_fusion - AutoFusion.py - 

===== Running AutoFusion =====
2026-02-17 10:43:53,876 - INFO - auto_fusion - AutoFusion.py - Patient_ID: 0513404 || CaseName: Case 1
2026-02-17 10:43:53,880 - INFO - auto_fusion - AutoFusion.py - Current Windows User: NYUMC\CLANCO01
2026-02-17 10:43:53,944 - INFO - auto_fusion - main_auto_fusion.py - AutoFusion initialized...
2026-02-17 10:44:06,999 - INFO - auto_fusion - main_auto_fusion.py - Fusion Popup Selected Values: {'ReferenceImageName': 'BRAIN CYBER', 'FusingImageName': ['MR 1'], 'TargetName': 'External', 'RegistrtaionType': 'Frame of Reference'}
2026-02-17 10:44:07,120 - INFO - auto_fusion - main_auto_fusion.py - Running DSL model...
2026-02-17 10:44:07,184 - INFO - auto_fusion - main_auto_fusion.py - Target center of ROI target External is: {'x': -0.329912311428038, 'y': 1.89341656964057, 'z': -15.983054660373881}
2026-02-17 10:44:07,251 - INFO - auto_fusion - main_auto_fusion.py - Creating fusion box...
2026-02-17 10:44:07,361 - INFO - auto_fusion - main_auto_fusion.py - Current moving image name: MR 1
2026-02-17 10:44:07,390 - INFO - auto_fusion - main_auto_fusion.py - Fixed Bounding Box: [{'x': -40.078125, 'y': -40.078125, 'z': -28.125}, {'x': 39.921875, 'y': 39.921875, 'z': 22.75}]
2026-02-17 10:44:07,390 - INFO - auto_fusion - main_auto_fusion.py - Moving Bounding Box: [{'x': -12.37246667633087, 'y': -17.412633398852236, 'z': -12.61259853293102}, {'x': 12.619386097169327, 'y': 12.331684324592707, 'z': 12.928969645651382}]
2026-02-17 10:44:07,390 - INFO - auto_fusion - main_auto_fusion.py - New fixed image center coordinates: {'x': -0.078125, 'y': -0.078125, 'z': -2.6875}
2026-02-17 10:44:07,390 - INFO - auto_fusion - main_auto_fusion.py - New moving image center coordinates: {'x': 0.12345971041922965, 'y': -2.5404745371297643, 'z': 0.1581855563601806}
2026-02-17 10:44:07,390 - INFO - auto_fusion - main_auto_fusion.py - Creating registration for moving image named MR 1...
2026-02-17 10:44:08,094 - INFO - auto_fusion - main_auto_fusion.py - Initial Alignment: {'YawDegrees': 0, 'PitchDegrees': 0, 'RollDegrees': 0, 'Translation': {'x': -0.45337202184726766, 'y': 4.433891106770334, 'z': -16.14124021673406}, 'RotationCenter': {'x': 0, 'y': 0, 'z': 0}}
2026-02-17 10:45:31,749 - INFO - auto_fusion - AutoFusion.py - 

===== Running AutoFusion =====
2026-02-17 10:45:31,814 - INFO - auto_fusion - AutoFusion.py - Patient_ID: 0513404 || CaseName: Case 1
2026-02-17 10:45:31,818 - INFO - auto_fusion - AutoFusion.py - Current Windows User: NYUMC\CLANCO01
2026-02-17 10:45:31,897 - INFO - auto_fusion - main_auto_fusion.py - AutoFusion initialized...
2026-02-17 10:45:42,656 - INFO - auto_fusion - main_auto_fusion.py - Fusion Popup Selected Values: {'ReferenceImageName': 'BRAIN CYBER', 'FusingImageName': ['MR 1'], 'TargetName': 'DNU-Bottom', 'RegistrtaionType': 'Image Registration'}
2026-02-17 10:45:42,805 - INFO - auto_fusion - main_auto_fusion.py - Running DSL model...
2026-02-17 10:45:42,813 - INFO - auto_fusion - main_auto_fusion.py - Target center of ROI target DNU-Bottom is: {'x': -0.18088556505578351, 'y': -9.838408798659275, 'z': -20.5}
2026-02-17 10:45:42,824 - INFO - auto_fusion - main_auto_fusion.py - Creating fusion box...
2026-02-17 10:45:42,939 - INFO - auto_fusion - main_auto_fusion.py - Current moving image name: MR 1
2026-02-17 10:45:42,969 - INFO - auto_fusion - main_auto_fusion.py - Fixed Bounding Box: [{'x': -40.078125, 'y': -40.078125, 'z': -28.125}, {'x': 39.921875, 'y': 39.921875, 'z': 22.75}]
2026-02-17 10:45:42,969 - INFO - auto_fusion - main_auto_fusion.py - Moving Bounding Box: [{'x': -12.37246667633087, 'y': -17.412633398852236, 'z': -12.61259853293102}, {'x': 12.619386097169327, 'y': 12.331684324592707, 'z': 12.928969645651382}]
2026-02-17 10:45:42,969 - INFO - auto_fusion - main_auto_fusion.py - New fixed image center coordinates: {'x': -0.078125, 'y': -0.078125, 'z': -2.6875}
2026-02-17 10:45:42,969 - INFO - auto_fusion - main_auto_fusion.py - New moving image center coordinates: {'x': 0.12345971041922965, 'y': -2.5404745371297643, 'z': 0.1581855563601806}
2026-02-17 10:45:42,969 - INFO - auto_fusion - main_auto_fusion.py - Creating registration for moving image named MR 1...
2026-02-17 10:45:43,186 - INFO - auto_fusion - main_auto_fusion.py - Initial Alignment: {'YawDegrees': 0, 'PitchDegrees': 0, 'RollDegrees': 0, 'Translation': {'x': -0.30434527547501317, 'y': -7.297934261529511, 'z': -20.65818555636018}, 'RotationCenter': {'x': 0, 'y': 0, 'z': 0}}
2026-02-17 10:51:43,872 - INFO - auto_fusion - AutoFusion.py - 

===== Running AutoFusion =====
2026-02-17 10:51:43,937 - INFO - auto_fusion - AutoFusion.py - Patient_ID: 0513404 || CaseName: Case 1
2026-02-17 10:51:43,941 - INFO - auto_fusion - AutoFusion.py - Current Windows User: NYUMC\CLANCO01
2026-02-17 10:51:44,032 - INFO - auto_fusion - main_auto_fusion.py - AutoFusion initialized...
2026-02-17 10:51:51,821 - INFO - auto_fusion - main_auto_fusion.py - Fusion Popup Selected Values: {'ReferenceImageName': 'BRAIN CYBER', 'FusingImageName': ['MR 1'], 'TargetName': 'DNU-Bottom', 'RegistrtaionType': 'Frame of Reference'}
2026-02-17 10:51:51,973 - INFO - auto_fusion - main_auto_fusion.py - Running DSL model...
2026-02-17 10:51:51,981 - INFO - auto_fusion - main_auto_fusion.py - Target center of ROI target DNU-Bottom is: {'x': -0.18088556505578351, 'y': -9.838408798659275, 'z': -20.5}
2026-02-17 10:51:51,991 - INFO - auto_fusion - main_auto_fusion.py - Creating fusion box...
2026-02-17 10:51:52,092 - INFO - auto_fusion - main_auto_fusion.py - Current moving image name: MR 1
2026-02-17 10:51:52,119 - INFO - auto_fusion - main_auto_fusion.py - Fixed Bounding Box: [{'x': -40.078125, 'y': -40.078125, 'z': -28.125}, {'x': 39.921875, 'y': 39.921875, 'z': 22.75}]
2026-02-17 10:51:52,119 - INFO - auto_fusion - main_auto_fusion.py - Moving Bounding Box: [{'x': -12.37246667633087, 'y': -17.412633398852236, 'z': -12.61259853293102}, {'x': 12.619386097169327, 'y': 12.331684324592707, 'z': 12.928969645651382}]
2026-02-17 10:51:52,119 - INFO - auto_fusion - main_auto_fusion.py - New fixed image center coordinates: {'x': -0.078125, 'y': -0.078125, 'z': -2.6875}
2026-02-17 10:51:52,119 - INFO - auto_fusion - main_auto_fusion.py - New moving image center coordinates: {'x': 0.12345971041922965, 'y': -2.5404745371297643, 'z': 0.1581855563601806}
2026-02-17 10:51:52,119 - INFO - auto_fusion - main_auto_fusion.py - Moving image transation: {'x': -0.38247027547501317, 'y': -7.376059261529511, 'z': -23.34568555636018}
2026-02-17 10:51:52,119 - INFO - auto_fusion - main_auto_fusion.py - Creating registration for moving image named MR 1...
2026-02-17 10:51:52,695 - INFO - auto_fusion - main_auto_fusion.py - Initial Alignment: {'YawDegrees': 0, 'PitchDegrees': 0, 'RollDegrees': 0, 'Translation': {'x': -0.38247027547501317, 'y': -7.376059261529511, 'z': -23.34568555636018}, 'RotationCenter': {'x': 0, 'y': 0, 'z': 0}}
2026-02-17 10:51:59,586 - INFO - auto_fusion - AutoFusion.py - 

===== Finished AutoFusion =====


2026-02-17 10:53:01,409 - INFO - auto_fusion - AutoFusion.py - 

===== Running AutoFusion =====
2026-02-17 10:53:01,472 - INFO - auto_fusion - AutoFusion.py - Patient_ID: 0513404 || CaseName: Case 1
2026-02-17 10:53:01,476 - INFO - auto_fusion - AutoFusion.py - Current Windows User: NYUMC\CLANCO01
2026-02-17 10:53:01,571 - INFO - auto_fusion - main_auto_fusion.py - AutoFusion initialized...
2026-02-17 10:53:12,322 - INFO - auto_fusion - main_auto_fusion.py - Fusion Popup Selected Values: {'ReferenceImageName': 'BRAIN CYBER', 'FusingImageName': ['MR 1'], 'TargetName': 'DNU-TOP', 'RegistrtaionType': 'Image Registration'}
2026-02-17 10:53:12,484 - INFO - auto_fusion - main_auto_fusion.py - Running DSL model...
2026-02-17 10:53:12,492 - INFO - auto_fusion - main_auto_fusion.py - Target center of ROI target DNU-TOP is: {'x': 21.9835195342734, 'y': 4.14853427226037, 'z': 10.625}
2026-02-17 10:53:12,502 - INFO - auto_fusion - main_auto_fusion.py - Creating fusion box...
2026-02-17 10:53:12,603 - INFO - auto_fusion - main_auto_fusion.py - Current moving image name: MR 1
2026-02-17 10:53:12,639 - INFO - auto_fusion - main_auto_fusion.py - Fixed Bounding Box: [{'x': -40.078125, 'y': -40.078125, 'z': -28.125}, {'x': 39.921875, 'y': 39.921875, 'z': 22.75}]
2026-02-17 10:53:12,639 - INFO - auto_fusion - main_auto_fusion.py - Moving Bounding Box: [{'x': -12.37246667633087, 'y': -17.412633398852236, 'z': -12.61259853293102}, {'x': 12.619386097169327, 'y': 12.331684324592707, 'z': 12.928969645651382}]
2026-02-17 10:53:12,640 - INFO - auto_fusion - main_auto_fusion.py - New fixed image center coordinates: {'x': -0.078125, 'y': -0.078125, 'z': -2.6875}
2026-02-17 10:53:12,640 - INFO - auto_fusion - main_auto_fusion.py - New moving image center coordinates: {'x': 0.12345971041922965, 'y': -2.5404745371297643, 'z': 0.1581855563601806}
2026-02-17 10:53:12,640 - INFO - auto_fusion - main_auto_fusion.py - Moving image transation: {'x': 21.781934823854172, 'y': 6.610883809390135, 'z': 7.779314443639819}
2026-02-17 10:53:12,640 - INFO - auto_fusion - main_auto_fusion.py - Creating registration for moving image named MR 1...
2026-02-17 10:53:12,844 - INFO - auto_fusion - main_auto_fusion.py - Initial Alignment: {'YawDegrees': 0, 'PitchDegrees': 0, 'RollDegrees': 0, 'Translation': {'x': 21.781934823854172, 'y': 6.610883809390135, 'z': 7.779314443639819}, 'RotationCenter': {'x': 0, 'y': 0, 'z': 0}}
2026-02-17 10:53:55,729 - INFO - auto_fusion - AutoFusion.py - 

===== Running AutoFusion =====
2026-02-17 10:53:55,794 - INFO - auto_fusion - AutoFusion.py - Patient_ID: 0513404 || CaseName: Case 1
2026-02-17 10:53:55,798 - INFO - auto_fusion - AutoFusion.py - Current Windows User: NYUMC\CLANCO01
2026-02-17 10:53:55,865 - INFO - auto_fusion - main_auto_fusion.py - AutoFusion initialized...
2026-02-17 10:54:02,761 - INFO - auto_fusion - main_auto_fusion.py - Fusion Popup Selected Values: {'ReferenceImageName': 'BRAIN CYBER', 'FusingImageName': ['MR 1'], 'TargetName': 'DNU-TOP', 'RegistrtaionType': 'Frame of Reference'}
2026-02-17 10:54:02,898 - INFO - auto_fusion - main_auto_fusion.py - Running DSL model...
2026-02-17 10:54:02,906 - INFO - auto_fusion - main_auto_fusion.py - Target center of ROI target DNU-TOP is: {'x': 21.9835195342734, 'y': 4.14853427226037, 'z': 10.625}
2026-02-17 10:54:02,916 - INFO - auto_fusion - main_auto_fusion.py - Creating fusion box...
2026-02-17 10:54:03,068 - INFO - auto_fusion - main_auto_fusion.py - Current moving image name: MR 1
2026-02-17 10:54:03,097 - INFO - auto_fusion - main_auto_fusion.py - Fixed Bounding Box: [{'x': -40.078125, 'y': -40.078125, 'z': -28.125}, {'x': 39.921875, 'y': 39.921875, 'z': 22.75}]
2026-02-17 10:54:03,097 - INFO - auto_fusion - main_auto_fusion.py - Moving Bounding Box: [{'x': -12.37246667633087, 'y': -17.412633398852236, 'z': -12.61259853293102}, {'x': 12.619386097169327, 'y': 12.331684324592707, 'z': 12.928969645651382}]
2026-02-17 10:54:03,097 - INFO - auto_fusion - main_auto_fusion.py - New fixed image center coordinates: {'x': -0.078125, 'y': -0.078125, 'z': -2.6875}
2026-02-17 10:54:03,097 - INFO - auto_fusion - main_auto_fusion.py - New moving image center coordinates: {'x': 0.12345971041922965, 'y': -2.5404745371297643, 'z': 0.1581855563601806}
2026-02-17 10:54:03,097 - INFO - auto_fusion - main_auto_fusion.py - Moving image transation: {'x': 21.781934823854172, 'y': 6.610883809390135, 'z': 7.779314443639819}
2026-02-17 10:54:03,097 - INFO - auto_fusion - main_auto_fusion.py - Creating registration for moving image named MR 1...
2026-02-17 10:54:03,629 - INFO - auto_fusion - main_auto_fusion.py - Initial Alignment: {'YawDegrees': 0, 'PitchDegrees': 0, 'RollDegrees': 0, 'Translation': {'x': 21.781934823854172, 'y': 6.610883809390135, 'z': 7.779314443639819}, 'RotationCenter': {'x': 0, 'y': 0, 'z': 0}}
2026-02-17 10:54:17,865 - INFO - auto_fusion - AutoFusion.py - 

===== Finished AutoFusion =====


2026-02-17 10:54:29,891 - INFO - auto_fusion - AutoFusion.py - 

===== Running AutoFusion =====
2026-02-17 10:54:29,956 - INFO - auto_fusion - AutoFusion.py - Patient_ID: 0513404 || CaseName: Case 1
2026-02-17 10:54:29,960 - INFO - auto_fusion - AutoFusion.py - Current Windows User: NYUMC\CLANCO01
2026-02-17 10:54:30,034 - INFO - auto_fusion - main_auto_fusion.py - AutoFusion initialized...
2026-02-17 10:54:37,453 - INFO - auto_fusion - main_auto_fusion.py - Fusion Popup Selected Values: {'ReferenceImageName': 'BRAIN CYBER', 'FusingImageName': ['MR 1'], 'TargetName': 'DNU-Bottom', 'RegistrtaionType': 'Image Registration'}
2026-02-17 10:54:37,590 - INFO - auto_fusion - main_auto_fusion.py - Running DSL model...
2026-02-17 10:54:37,597 - INFO - auto_fusion - main_auto_fusion.py - Target center of ROI target DNU-Bottom is: {'x': -0.18088556505578351, 'y': -9.838408798659275, 'z': -20.5}
2026-02-17 10:54:37,607 - INFO - auto_fusion - main_auto_fusion.py - Creating fusion box...
2026-02-17 10:54:37,714 - INFO - auto_fusion - main_auto_fusion.py - Current moving image name: MR 1
2026-02-17 10:54:37,743 - INFO - auto_fusion - main_auto_fusion.py - Fixed Bounding Box: [{'x': -40.078125, 'y': -40.078125, 'z': -28.125}, {'x': 39.921875, 'y': 39.921875, 'z': 22.75}]
2026-02-17 10:54:37,743 - INFO - auto_fusion - main_auto_fusion.py - Moving Bounding Box: [{'x': -12.37246667633087, 'y': -17.412633398852236, 'z': -12.61259853293102}, {'x': 12.619386097169327, 'y': 12.331684324592707, 'z': 12.928969645651382}]
2026-02-17 10:54:37,744 - INFO - auto_fusion - main_auto_fusion.py - New fixed image center coordinates: {'x': -0.078125, 'y': -0.078125, 'z': -2.6875}
2026-02-17 10:54:37,744 - INFO - auto_fusion - main_auto_fusion.py - New moving image center coordinates: {'x': 0.12345971041922965, 'y': -2.5404745371297643, 'z': 0.1581855563601806}
2026-02-17 10:54:37,744 - INFO - auto_fusion - main_auto_fusion.py - Moving image transation: {'x': -0.38247027547501317, 'y': -7.376059261529511, 'z': -23.34568555636018}
2026-02-17 10:54:37,744 - INFO - auto_fusion - main_auto_fusion.py - Creating registration for moving image named MR 1...
2026-02-17 10:54:37,968 - INFO - auto_fusion - main_auto_fusion.py - Initial Alignment: {'YawDegrees': 0, 'PitchDegrees': 0, 'RollDegrees': 0, 'Translation': {'x': -0.38247027547501317, 'y': -7.376059261529511, 'z': -23.34568555636018}, 'RotationCenter': {'x': 0, 'y': 0, 'z': 0}}
2026-02-17 10:54:44,826 - INFO - auto_fusion - AutoFusion.py - 

===== Finished AutoFusion =====


2026-02-17 10:56:03,741 - INFO - auto_fusion - AutoFusion.py - 

===== Running AutoFusion =====
2026-02-17 10:56:03,807 - INFO - auto_fusion - AutoFusion.py - Patient_ID: 0513404 || CaseName: Case 1
2026-02-17 10:56:03,810 - INFO - auto_fusion - AutoFusion.py - Current Windows User: NYUMC\CLANCO01
2026-02-17 10:56:03,878 - INFO - auto_fusion - main_auto_fusion.py - AutoFusion initialized...
2026-02-17 10:56:10,312 - INFO - auto_fusion - main_auto_fusion.py - Fusion Popup Selected Values: {'ReferenceImageName': 'BRAIN CYBER', 'FusingImageName': ['MR 1'], 'TargetName': 'DNU-TOP', 'RegistrtaionType': 'Frame of Reference'}
2026-02-17 10:56:10,442 - INFO - auto_fusion - main_auto_fusion.py - Running DSL model...
2026-02-17 10:56:10,449 - INFO - auto_fusion - main_auto_fusion.py - Target center of ROI target DNU-TOP is: {'x': 21.9835195342734, 'y': 4.14853427226037, 'z': 10.625}
2026-02-17 10:56:10,459 - INFO - auto_fusion - main_auto_fusion.py - Creating fusion box...
2026-02-17 10:56:10,563 - INFO - auto_fusion - main_auto_fusion.py - Current moving image name: MR 1
2026-02-17 10:56:10,595 - INFO - auto_fusion - main_auto_fusion.py - Fixed Bounding Box: [{'x': -40.078125, 'y': -40.078125, 'z': -28.125}, {'x': 39.921875, 'y': 39.921875, 'z': 22.75}]
2026-02-17 10:56:10,596 - INFO - auto_fusion - main_auto_fusion.py - Moving Bounding Box: [{'x': -12.37246667633087, 'y': -17.412633398852236, 'z': -12.61259853293102}, {'x': 12.619386097169327, 'y': 12.331684324592707, 'z': 12.928969645651382}]
2026-02-17 10:56:10,596 - INFO - auto_fusion - main_auto_fusion.py - New fixed image center coordinates: {'x': -0.078125, 'y': -0.078125, 'z': -2.6875}
2026-02-17 10:56:10,596 - INFO - auto_fusion - main_auto_fusion.py - New moving image center coordinates: {'x': 0.12345971041922965, 'y': -2.5404745371297643, 'z': 0.1581855563601806}
2026-02-17 10:56:10,596 - INFO - auto_fusion - main_auto_fusion.py - Moving image transation: {'x': 21.781934823854172, 'y': 6.610883809390135, 'z': 7.779314443639819}
2026-02-17 10:56:10,596 - INFO - auto_fusion - main_auto_fusion.py - Creating registration for moving image named MR 1...
2026-02-17 10:56:11,104 - INFO - auto_fusion - main_auto_fusion.py - Initial Alignment: {'YawDegrees': 0, 'PitchDegrees': 0, 'RollDegrees': 0, 'Translation': {'x': 21.781934823854172, 'y': 6.610883809390135, 'z': 7.779314443639819}, 'RotationCenter': {'x': 0, 'y': 0, 'z': 0}}
2026-02-17 10:56:25,818 - INFO - auto_fusion - AutoFusion.py - 

===== Finished AutoFusion =====


2026-02-17 10:57:16,018 - INFO - auto_fusion - AutoFusion.py - 

===== Running AutoFusion =====
2026-02-17 10:57:16,083 - INFO - auto_fusion - AutoFusion.py - Patient_ID: 0513404 || CaseName: Case 1
2026-02-17 10:57:16,087 - INFO - auto_fusion - AutoFusion.py - Current Windows User: NYUMC\CLANCO01
2026-02-17 10:57:16,149 - INFO - auto_fusion - main_auto_fusion.py - AutoFusion initialized...
2026-02-17 10:57:22,328 - INFO - auto_fusion - main_auto_fusion.py - Fusion Popup Selected Values: {'ReferenceImageName': 'BRAIN CYBER', 'FusingImageName': ['MR 1'], 'TargetName': 'Brain', 'RegistrtaionType': 'Frame of Reference'}
2026-02-17 10:57:22,456 - INFO - auto_fusion - main_auto_fusion.py - Running DSL model...
2026-02-17 10:57:52,290 - INFO - auto_fusion - main_auto_fusion.py - Target center of ROI target Brain is: {'x': -0.6654161553403297, 'y': 3.3271791139904328, 'z': -2.6690315576567696}
2026-02-17 10:57:52,450 - INFO - auto_fusion - main_auto_fusion.py - Creating fusion box...
2026-02-17 10:57:52,691 - INFO - auto_fusion - main_auto_fusion.py - Current moving image name: MR 1
2026-02-17 10:57:52,721 - INFO - auto_fusion - main_auto_fusion.py - Fixed Bounding Box: [{'x': -40.078125, 'y': -40.078125, 'z': -28.125}, {'x': 39.921875, 'y': 39.921875, 'z': 22.75}]
2026-02-17 10:57:52,721 - INFO - auto_fusion - main_auto_fusion.py - Moving Bounding Box: [{'x': -12.37246667633087, 'y': -17.412633398852236, 'z': -12.61259853293102}, {'x': 12.619386097169327, 'y': 12.331684324592707, 'z': 12.928969645651382}]
2026-02-17 10:57:52,721 - INFO - auto_fusion - main_auto_fusion.py - New fixed image center coordinates: {'x': -0.078125, 'y': -0.078125, 'z': -2.6875}
2026-02-17 10:57:52,721 - INFO - auto_fusion - main_auto_fusion.py - New moving image center coordinates: {'x': 0.12345971041922965, 'y': -2.5404745371297643, 'z': 0.1581855563601806}
2026-02-17 10:57:52,721 - INFO - auto_fusion - main_auto_fusion.py - Moving image transation: {'x': -0.8670008657595594, 'y': 5.789528651120197, 'z': -5.51471711401695}
2026-02-17 10:57:52,722 - INFO - auto_fusion - main_auto_fusion.py - Creating registration for moving image named MR 1...
2026-02-17 10:57:53,572 - INFO - auto_fusion - main_auto_fusion.py - Initial Alignment: {'YawDegrees': 0, 'PitchDegrees': 0, 'RollDegrees': 0, 'Translation': {'x': -0.8670008657595594, 'y': 5.789528651120197, 'z': -5.51471711401695}, 'RotationCenter': {'x': 0, 'y': 0, 'z': 0}}
2026-02-17 10:58:17,287 - INFO - auto_fusion - AutoFusion.py - 

===== Finished AutoFusion =====


2026-02-17 10:58:58,003 - INFO - auto_fusion - AutoFusion.py - 

===== Running AutoFusion =====
2026-02-17 10:58:58,068 - INFO - auto_fusion - AutoFusion.py - Patient_ID: 0513404 || CaseName: Case 1
2026-02-17 10:58:58,072 - INFO - auto_fusion - AutoFusion.py - Current Windows User: NYUMC\CLANCO01
2026-02-17 10:58:58,141 - INFO - auto_fusion - main_auto_fusion.py - AutoFusion initialized...
2026-02-17 10:58:58,294 - INFO - auto_fusion - main_auto_fusion.py - Assigned target roi name to Brain
2026-02-17 10:58:58,294 - INFO - auto_fusion - main_auto_fusion.py - Fusion popup window step skipped.
2026-02-17 10:58:58,499 - INFO - auto_fusion - main_auto_fusion.py - Target center of ROI target Brain is: {'x': -0.6654161553403297, 'y': 3.3271791139904328, 'z': -2.6690315576567696}
2026-02-17 10:58:58,586 - INFO - auto_fusion - main_auto_fusion.py - Creating fusion box...
2026-02-17 10:58:58,698 - INFO - auto_fusion - main_auto_fusion.py - Current moving image name: MR 1
2026-02-17 10:58:58,730 - INFO - auto_fusion - main_auto_fusion.py - Fixed Bounding Box: [{'x': -40.078125, 'y': -40.078125, 'z': -28.125}, {'x': 39.921875, 'y': 39.921875, 'z': 22.75}]
2026-02-17 10:58:58,731 - INFO - auto_fusion - main_auto_fusion.py - Moving Bounding Box: [{'x': -12.37246667633087, 'y': -17.412633398852236, 'z': -12.61259853293102}, {'x': 12.619386097169327, 'y': 12.331684324592707, 'z': 12.928969645651382}]
2026-02-17 10:58:58,731 - INFO - auto_fusion - main_auto_fusion.py - Moving image transation: {'x': -0.8670008657595594, 'y': 5.789528651120197, 'z': -5.51471711401695}
2026-02-17 10:58:58,731 - INFO - auto_fusion - main_auto_fusion.py - Creating registration for moving image named MR 1...
2026-02-17 10:58:59,444 - INFO - auto_fusion - main_auto_fusion.py - Initial Alignment: {'YawDegrees': 0, 'PitchDegrees': 0, 'RollDegrees': 0, 'Translation': {'x': -0.8670008657595594, 'y': 5.789528651120197, 'z': -5.51471711401695}, 'RotationCenter': {'x': 0, 'y': 0, 'z': 0}}
2026-02-17 10:59:23,230 - INFO - auto_fusion - AutoFusion.py - 

===== Finished AutoFusion =====


2026-02-17 11:03:58,372 - INFO - auto_fusion - AutoFusion.py - 

===== Running AutoFusion =====
2026-02-17 11:03:58,461 - INFO - auto_fusion - AutoFusion.py - Patient_ID: 5301316 || CaseName: Case 1
2026-02-17 11:03:58,464 - INFO - auto_fusion - AutoFusion.py - Current Windows User: NYUMC\CLANCO01
2026-02-17 11:03:58,546 - INFO - auto_fusion - main_auto_fusion.py - AutoFusion initialized...
2026-02-17 11:04:17,598 - INFO - auto_fusion - main_auto_fusion.py - Fusion Popup Selected Values: {'ReferenceImageName': 'CT 1', 'FusingImageName': ['MR 2'], 'TargetName': 'GTVp', 'RegistrtaionType': 'Image Registration'}
2026-02-17 11:04:17,736 - INFO - auto_fusion - main_auto_fusion.py - Running DSL model...
2026-02-17 11:04:17,748 - INFO - auto_fusion - main_auto_fusion.py - Target center of ROI target GTVp is: {'x': -2.3282639914366063, 'y': -1.28665496624047, 'z': -6.851679513369046}
2026-02-17 11:04:17,767 - INFO - auto_fusion - main_auto_fusion.py - Creating fusion box...
2026-02-17 11:04:17,918 - INFO - auto_fusion - main_auto_fusion.py - Current moving image name: MR 2
2026-02-17 11:04:18,226 - INFO - auto_fusion - main_auto_fusion.py - Fixed Bounding Box: [{'x': -25.0488281, 'y': -25.0488281, 'z': -21.125}, {'x': 24.951146299999998, 'y': 24.951146299999998, 'z': 23.375}]
2026-02-17 11:04:18,227 - INFO - auto_fusion - main_auto_fusion.py - Moving Bounding Box: [{'x': -9.176514295556064, 'y': -8.364717315914094, 'z': -6.786699676513701}, {'x': 8.917486317413712, 'y': 9.729283297055503, 'z': 3.1133003234862997}]
2026-02-17 11:04:18,227 - INFO - auto_fusion - main_auto_fusion.py - Moving image transation: {'x': -2.247590902365432, 'y': -2.0177788568111756, 'z': -3.8899798368553453}
2026-02-17 11:04:18,227 - INFO - auto_fusion - main_auto_fusion.py - Creating registration for moving image named MR 2...
2026-02-17 11:04:20,101 - INFO - auto_fusion - main_auto_fusion.py - Initial Alignment: {'YawDegrees': 0, 'PitchDegrees': 0, 'RollDegrees': 0, 'Translation': {'x': -2.247590902365432, 'y': -2.0177788568111756, 'z': -3.8899798368553453}, 'RotationCenter': {'x': 0, 'y': 0, 'z': 0}}
2026-02-17 11:04:26,278 - INFO - auto_fusion - AutoFusion.py - 

===== Finished AutoFusion =====


2026-02-17 11:11:01,880 - INFO - auto_fusion - AutoFusion.py - 

===== Running AutoFusion =====
2026-02-17 11:11:01,943 - INFO - auto_fusion - AutoFusion.py - Patient_ID: 0513404 || CaseName: Case 1
2026-02-17 11:11:01,947 - INFO - auto_fusion - AutoFusion.py - Current Windows User: NYUMC\CLANCO01
2026-02-17 11:11:02,013 - INFO - auto_fusion - main_auto_fusion.py - AutoFusion initialized...
2026-02-17 11:11:02,170 - INFO - auto_fusion - main_auto_fusion.py - Assigned target roi name to Brain
2026-02-17 11:11:02,170 - INFO - auto_fusion - main_auto_fusion.py - Fusion popup window step skipped.
2026-02-17 11:11:02,374 - INFO - auto_fusion - main_auto_fusion.py - Target center of ROI target Brain is: {'x': -0.6654161553403297, 'y': 3.3271791139904328, 'z': -2.6690315576567696}
2026-02-17 11:11:02,462 - INFO - auto_fusion - main_auto_fusion.py - Creating fusion box...
2026-02-17 11:11:02,607 - INFO - auto_fusion - main_auto_fusion.py - Current moving image name: MR 1
2026-02-17 11:11:02,634 - INFO - auto_fusion - main_auto_fusion.py - Fixed Bounding Box: [{'x': -40.078125, 'y': -40.078125, 'z': -28.125}, {'x': 39.921875, 'y': 39.921875, 'z': 22.75}]
2026-02-17 11:11:02,634 - INFO - auto_fusion - main_auto_fusion.py - Moving Bounding Box: [{'x': -12.37246667633087, 'y': -17.412633398852236, 'z': -12.61259853293102}, {'x': 12.619386097169327, 'y': 12.331684324592707, 'z': 12.928969645651382}]
2026-02-17 11:11:02,634 - INFO - auto_fusion - main_auto_fusion.py - Moving image transation: {'x': -0.8670008657595594, 'y': 5.789528651120197, 'z': -5.51471711401695}
2026-02-17 11:11:02,635 - INFO - auto_fusion - main_auto_fusion.py - Creating registration for moving image named MR 1...
2026-02-17 11:11:03,327 - INFO - auto_fusion - main_auto_fusion.py - Initial Alignment: {'YawDegrees': 0, 'PitchDegrees': 0, 'RollDegrees': 0, 'Translation': {'x': -0.8670008657595594, 'y': 5.789528651120197, 'z': -5.51471711401695}, 'RotationCenter': {'x': 0, 'y': 0, 'z': 0}}
2026-02-17 11:11:39,848 - INFO - auto_fusion - AutoFusion.py - 

===== Finished AutoFusion =====


2026-02-17 14:54:38,253 - INFO - auto_fusion - AutoFusion.py - 

===== Running AutoFusion =====
2026-02-17 14:54:38,337 - INFO - auto_fusion - AutoFusion.py - Patient_ID: 0513404 || CaseName: Case 1
2026-02-17 14:54:38,341 - INFO - auto_fusion - AutoFusion.py - Current Windows User: NYUMC\CLANCO01
2026-02-17 14:54:38,419 - INFO - auto_fusion - main_auto_fusion.py - AutoFusion initialized...
2026-02-17 14:54:47,204 - INFO - auto_fusion - main_auto_fusion.py - Fusion Popup Selected Values: {'ReferenceImageName': 'BRAIN CYBER', 'FusingImageName': ['MR 2'], 'TargetName': 'Brain', 'RegistrtaionType': 'Frame of Reference'}
2026-02-17 14:54:47,399 - INFO - auto_fusion - main_auto_fusion.py - Running DSL model...
2026-02-17 14:54:47,542 - INFO - auto_fusion - main_auto_fusion.py - Target center of ROI target Brain is: {'x': -0.6654161553403297, 'y': 3.3271791139904328, 'z': -2.6690315576567696}
2026-02-17 14:54:47,827 - INFO - auto_fusion - main_auto_fusion.py - Creating fusion box...
2026-02-17 14:54:48,002 - INFO - auto_fusion - main_auto_fusion.py - Current moving image name: MR 2
2026-02-17 14:54:48,277 - INFO - auto_fusion - main_auto_fusion.py - Fixed Bounding Box: [{'x': -40.078125, 'y': -40.078125, 'z': -28.125}, {'x': 39.921875, 'y': 39.921875, 'z': 22.75}]
2026-02-17 14:54:48,277 - INFO - auto_fusion - main_auto_fusion.py - Moving Bounding Box: [{'x': -13.371061253547163, 'y': -17.11934070587116, 'z': -10.963993835449}, {'x': 12.628939127922438, 'y': 8.88065967559844, 'z': 8.93600616455078}]
2026-02-17 14:54:48,277 - INFO - auto_fusion - main_auto_fusion.py - Moving image transation: {'x': -0.3724800925279672, 'y': 7.368394629126792, 'z': -4.342537722207659}
2026-02-17 14:54:48,277 - INFO - auto_fusion - main_auto_fusion.py - Creating registration for moving image named MR 2...
2026-02-17 14:54:50,981 - INFO - auto_fusion - main_auto_fusion.py - Initial Alignment: {'YawDegrees': 0, 'PitchDegrees': 0, 'RollDegrees': 0, 'Translation': {'x': -0.3724800925279672, 'y': 7.368394629126792, 'z': -4.342537722207659}, 'RotationCenter': {'x': 0, 'y': 0, 'z': 0}}
2026-02-17 14:55:22,608 - INFO - auto_fusion - AutoFusion.py - 

===== Finished AutoFusion =====


2026-02-18 09:23:57,080 - INFO - auto_fusion - AutoFusion.py - 

===== Running AutoFusion =====
2026-02-18 09:23:57,171 - INFO - auto_fusion - AutoFusion.py - Patient_ID: 17770077 || CaseName: Case 1
2026-02-18 09:23:57,175 - INFO - auto_fusion - AutoFusion.py - Current Windows User: NYUMC\WESTJ05
2026-02-18 09:23:57,251 - INFO - auto_fusion - main_auto_fusion.py - AutoFusion initialized...
2026-02-18 09:23:57,643 - INFO - auto_fusion - main_auto_fusion.py - Assigned target roi name to GTVp
2026-02-18 09:23:57,643 - INFO - auto_fusion - main_auto_fusion.py - Fusion popup window step skipped.
2026-02-18 09:23:57,818 - INFO - auto_fusion - main_auto_fusion.py - Target center of ROI target GTVp is: {'x': 0.36300778032826436, 'y': 1.3542723564891581, 'z': -2.5786515561840893}
2026-02-18 09:23:57,841 - INFO - auto_fusion - main_auto_fusion.py - Creating fusion box...
2026-02-18 09:23:58,026 - INFO - auto_fusion - main_auto_fusion.py - Current moving image name: MR_for_CK
2026-02-18 09:23:58,150 - INFO - auto_fusion - main_auto_fusion.py - Fixed Bounding Box: [{'x': -30.8100586, 'y': -30.8100586, 'z': -27.45}, {'x': 30.689947799999995, 'y': 30.689947799999995, 'z': 26.925}]
2026-02-18 09:23:58,150 - INFO - auto_fusion - main_auto_fusion.py - Moving Bounding Box: [{'x': -10.447581000127075, 'y': -10.73008100000025, 'z': -7.81138}, {'x': 15.552291000000247, 'y': 15.269791000127071, 'z': 5.68862}]
2026-02-18 09:23:58,150 - INFO - auto_fusion - main_auto_fusion.py - Moving image transation: {'x': -2.249402619608325, 'y': -0.9756380435742553, 'z': -1.7797715561840888}
2026-02-18 09:23:58,150 - INFO - auto_fusion - main_auto_fusion.py - Creating registration for moving image named MR_for_CK...
2026-02-18 09:23:58,906 - INFO - auto_fusion - main_auto_fusion.py - Initial Alignment: {'YawDegrees': 0, 'PitchDegrees': 0, 'RollDegrees': 0, 'Translation': {'x': -2.249402619608325, 'y': -0.9756380435742553, 'z': -1.7797715561840888}, 'RotationCenter': {'x': 0, 'y': 0, 'z': 0}}
2026-02-18 09:24:17,390 - INFO - auto_fusion - AutoFusion.py - 

===== Finished AutoFusion =====


2026-02-18 11:20:42,027 - INFO - auto_fusion - AutoFusion.py - 

===== Running AutoFusion =====
2026-02-18 11:20:42,092 - INFO - auto_fusion - AutoFusion.py - Patient_ID: 12754412 || CaseName: Case 1
2026-02-18 11:20:42,097 - INFO - auto_fusion - AutoFusion.py - Current Windows User: NYUMC\CHANG05
2026-02-18 11:20:42,162 - INFO - auto_fusion - main_auto_fusion.py - AutoFusion initialized...
2026-02-18 11:20:54,419 - INFO - auto_fusion - main_auto_fusion.py - Fusion Popup Selected Values: {'ReferenceImageName': 'PROSTATE MAR', 'FusingImageName': ['MR 1'], 'TargetName': 'Bone_Mandible', 'RegistrtaionType': 'Frame of Reference'}
2026-02-18 11:20:54,563 - INFO - auto_fusion - main_auto_fusion.py - Running DSL model...
2026-02-18 11:21:22,187 - ERROR - auto_fusion - main_auto_fusion.py - [FAILED] in auto_fusion.main_auto_fusion.  Email notification sent.  Exception: RaySearch.CorePlatform.Framework.PreConditionViolationException: There is no geometry set for ROI Bone_Mandible.
   at RaySearch.CorePlatform.Presentation.PatientModeling.ScriptMethods.Rois.GetCenterOfRoi.Call(RoiGeometry context, NoScriptMethodArgs args)
   at RaySearch.CorePlatform.Framework.Scripting.ScriptMethod`3.RaySearch.CorePlatform.Framework.Scripting.IScriptMethod.Call(ICompositeObject context, Object args)
   at RaySearch.Scripting.ScriptService.ScriptService.InvokeScriptMethod_(DataEntity& returnData, DataEntity[] arguments, IScriptMethod method, ICompositeObject context, String methodName)
   at ScriptClient.CPythonScriptMethod.Invoke(String[] argNames, Object[] argValues)
2026-02-18 13:31:30,131 - INFO - auto_fusion - AutoFusion.py - 

===== Running AutoFusion =====
2026-02-18 13:31:30,233 - INFO - auto_fusion - AutoFusion.py - Patient_ID: 1397496 || CaseName: Case 1
2026-02-18 13:31:30,237 - INFO - auto_fusion - AutoFusion.py - Current Windows User: NYUMC\CHANG05
2026-02-18 13:31:30,300 - INFO - auto_fusion - main_auto_fusion.py - AutoFusion initialized...
2026-02-18 13:31:30,497 - INFO - auto_fusion - main_auto_fusion.py - Assigned target roi name to GTVp
2026-02-18 13:31:30,497 - INFO - auto_fusion - main_auto_fusion.py - Fusion popup window step skipped.
2026-02-18 13:31:30,629 - INFO - auto_fusion - main_auto_fusion.py - Target center of ROI target GTVp is: {'x': 0.4386592689176132, 'y': -1.3456882470742042, 'z': -4.103875111109299}
2026-02-18 13:31:30,658 - INFO - auto_fusion - main_auto_fusion.py - Creating fusion box...
2026-02-18 13:31:30,781 - INFO - auto_fusion - main_auto_fusion.py - Current moving image name: MR 1
2026-02-18 13:31:30,811 - INFO - auto_fusion - main_auto_fusion.py - Fixed Bounding Box: [{'x': -25.0488281, 'y': -25.0488281, 'z': -26.375}, {'x': 24.951146299999998, 'y': 24.951146299999998, 'z': 26.5}]
2026-02-18 13:31:30,811 - INFO - auto_fusion - main_auto_fusion.py - Moving Bounding Box: [{'x': -12.048087167739443, 'y': -14.797483348846441, 'z': -5.258316040039}, {'x': 13.551914167404398, 'y': 10.8025179862974, 'z': 6.44168395996094}]
2026-02-18 13:31:30,811 - INFO - auto_fusion - main_auto_fusion.py - Moving image transation: {'x': -0.36209513091486634, 'y': 0.602953534200315, 'z': -4.633059071070269}
2026-02-18 13:31:30,811 - INFO - auto_fusion - main_auto_fusion.py - Creating registration for moving image named MR 1...
2026-02-18 13:31:35,143 - INFO - auto_fusion - main_auto_fusion.py - Initial Alignment: {'YawDegrees': 0, 'PitchDegrees': 0, 'RollDegrees': 0, 'Translation': {'x': -0.36209513091486634, 'y': 0.602953534200315, 'z': -4.633059071070269}, 'RotationCenter': {'x': 0, 'y': 0, 'z': 0}}
2026-02-19 14:00:37,178 - INFO - auto_fusion - AutoFusion.py - 

===== Running AutoFusion =====
2026-02-19 14:00:37,294 - INFO - auto_fusion - AutoFusion.py - Patient_ID: 17784730 || CaseName: Case 1
2026-02-19 14:00:37,299 - INFO - auto_fusion - AutoFusion.py - Current Windows User: NYUMC\CHANG05
2026-02-19 14:00:37,389 - INFO - auto_fusion - main_auto_fusion.py - AutoFusion initialized...
2026-02-19 14:00:37,621 - INFO - auto_fusion - main_auto_fusion.py - Assigned target roi name to GTVp
2026-02-19 14:00:37,622 - INFO - auto_fusion - main_auto_fusion.py - Fusion popup window step skipped.
2026-02-19 14:00:37,784 - INFO - auto_fusion - main_auto_fusion.py - Target center of ROI target GTVp is: {'x': 0.20243311934415445, 'y': -1.2042849664271995, 'z': -4.505087245236255}
2026-02-19 14:00:37,810 - INFO - auto_fusion - main_auto_fusion.py - Creating fusion box...
2026-02-19 14:00:37,956 - INFO - auto_fusion - main_auto_fusion.py - Current moving image name: MRI_CK
2026-02-19 14:00:37,991 - INFO - auto_fusion - main_auto_fusion.py - Fixed Bounding Box: [{'x': -32.563476550000004, 'y': -32.563476550000004, 'z': -26.875}, {'x': 32.43651064999999, 'y': 32.43651064999999, 'z': 21.5}]
2026-02-19 14:00:37,991 - INFO - auto_fusion - main_auto_fusion.py - Moving Bounding Box: [{'x': -12.048087167739443, 'y': -12.723335146903441, 'z': -6.5779548645019}, {'x': 13.551914167404398, 'y': 12.8766661882404, 'z': 8.122045135498048}]
2026-02-19 14:00:37,991 - INFO - auto_fusion - main_auto_fusion.py - Moving image transation: {'x': -0.6129633304883313, 'y': -1.3444334370956867, 'z': -7.964632380734329}
2026-02-19 14:00:37,992 - INFO - auto_fusion - main_auto_fusion.py - Creating registration for moving image named MRI_CK...
2026-02-19 14:00:46,588 - INFO - auto_fusion - main_auto_fusion.py - Initial Alignment: {'YawDegrees': 0, 'PitchDegrees': 0, 'RollDegrees': 0, 'Translation': {'x': -0.6129633304883313, 'y': -1.3444334370956867, 'z': -7.964632380734329}, 'RotationCenter': {'x': 0, 'y': 0, 'z': 0}}
2026-02-20 10:10:33,812 - INFO - auto_fusion - AutoFusion.py - 

===== Running AutoFusion =====
2026-02-20 10:10:33,901 - INFO - auto_fusion - AutoFusion.py - Patient_ID: 9535844 || CaseName: Case 2
2026-02-20 10:10:33,905 - INFO - auto_fusion - AutoFusion.py - Current Windows User: NYUMC\WESTJ05
2026-02-20 10:10:33,978 - INFO - auto_fusion - main_auto_fusion.py - AutoFusion initialized...
2026-02-20 10:10:34,243 - INFO - auto_fusion - main_auto_fusion.py - Assigned target roi name to GTVp
2026-02-20 10:10:34,243 - INFO - auto_fusion - main_auto_fusion.py - Fusion popup window step skipped.
2026-02-20 10:10:34,384 - INFO - auto_fusion - main_auto_fusion.py - Target center of ROI target GTVp is: {'x': 0.7865551983659039, 'y': 1.6169157142522814, 'z': -3.7400354096421586}
2026-02-20 10:10:34,400 - INFO - auto_fusion - main_auto_fusion.py - Creating fusion box...
2026-02-20 10:10:34,541 - INFO - auto_fusion - main_auto_fusion.py - Current moving image name: MR_for_CK
2026-02-20 10:10:34,606 - INFO - auto_fusion - main_auto_fusion.py - Fixed Bounding Box: [{'x': -31.11064455, 'y': -31.11064455, 'z': -26.109500000000004}, {'x': 30.98937465, 'y': 30.98937465, 'z': 27.765499999999996}]
2026-02-20 10:10:34,606 - INFO - auto_fusion - main_auto_fusion.py - Moving Bounding Box: [{'x': -10.69538202285744, 'y': -13.625139427184441, 'z': -3.8725448608398}, {'x': 14.9046193122864, 'y': 11.974861907959399, 'z': 10.8274551391602}]
2026-02-20 10:10:34,607 - INFO - auto_fusion - main_auto_fusion.py - Moving image transation: {'x': -1.3786983963485762, 'y': 2.381419523864802, 'z': -6.389490548802362}
2026-02-20 10:10:34,607 - INFO - auto_fusion - main_auto_fusion.py - Creating registration for moving image named MR_for_CK...
2026-02-20 10:10:35,629 - INFO - auto_fusion - main_auto_fusion.py - Initial Alignment: {'YawDegrees': 0, 'PitchDegrees': 0, 'RollDegrees': 0, 'Translation': {'x': -1.3786983963485762, 'y': 2.381419523864802, 'z': -6.389490548802362}, 'RotationCenter': {'x': 0, 'y': 0, 'z': 0}}
2026-02-20 10:13:56,810 - INFO - auto_fusion - AutoFusion.py - 

===== Finished AutoFusion =====


2026-02-20 10:16:19,327 - INFO - auto_fusion - AutoFusion.py - 

===== Running AutoFusion =====
2026-02-20 10:16:19,431 - INFO - auto_fusion - AutoFusion.py - Patient_ID: 9535844 || CaseName: Case 2
2026-02-20 10:16:19,435 - INFO - auto_fusion - AutoFusion.py - Current Windows User: NYUMC\WESTJ05
2026-02-20 10:16:19,513 - INFO - auto_fusion - main_auto_fusion.py - AutoFusion initialized...
2026-02-20 10:16:19,712 - INFO - auto_fusion - main_auto_fusion.py - Assigned target roi name to GTVp
2026-02-20 10:16:19,712 - INFO - auto_fusion - main_auto_fusion.py - Fusion popup window step skipped.
2026-02-20 10:16:19,850 - INFO - auto_fusion - main_auto_fusion.py - Target center of ROI target GTVp is: {'x': 0.7865551983659039, 'y': 1.6169157142522814, 'z': -3.7400354096421586}
2026-02-20 10:16:19,870 - INFO - auto_fusion - main_auto_fusion.py - Creating fusion box...
2026-02-20 10:16:20,004 - INFO - auto_fusion - main_auto_fusion.py - Current moving image name: MR_for_CK
2026-02-20 10:16:20,036 - INFO - auto_fusion - main_auto_fusion.py - Fixed Bounding Box: [{'x': -31.11064455, 'y': -31.11064455, 'z': -26.109500000000004}, {'x': 30.98937465, 'y': 30.98937465, 'z': 27.765499999999996}]
2026-02-20 10:16:20,037 - INFO - auto_fusion - main_auto_fusion.py - Moving Bounding Box: [{'x': -10.69538202285744, 'y': -13.625139427184441, 'z': -3.8725448608398}, {'x': 14.9046193122864, 'y': 11.974861907959399, 'z': 10.8274551391602}]
2026-02-20 10:16:20,037 - INFO - auto_fusion - main_auto_fusion.py - Moving image transation: {'x': -1.3786983963485762, 'y': 2.381419523864802, 'z': -6.389490548802362}
2026-02-20 10:16:20,037 - INFO - auto_fusion - main_auto_fusion.py - Creating registration for moving image named MR_for_CK...
2026-02-20 10:16:33,160 - INFO - auto_fusion - main_auto_fusion.py - Initial Alignment: {'YawDegrees': 0, 'PitchDegrees': 0, 'RollDegrees': 0, 'Translation': {'x': -1.3786983963485762, 'y': 2.381419523864802, 'z': -6.389490548802362}, 'RotationCenter': {'x': 0, 'y': 0, 'z': 0}}
2026-02-20 10:16:56,756 - INFO - auto_fusion - AutoFusion.py - 

===== Finished AutoFusion =====


2026-02-24 15:34:33,609 - INFO - auto_fusion - AutoFusion.py - 

===== Running AutoFusion =====
2026-02-24 15:34:33,683 - INFO - auto_fusion - AutoFusion.py - Patient_ID: 12482407 || CaseName: TSpine
2026-02-24 15:34:33,690 - INFO - auto_fusion - AutoFusion.py - Current Windows User: NYUMC\CLANCO01
2026-02-24 15:34:33,842 - INFO - auto_fusion - main_auto_fusion.py - AutoFusion initialized...
2026-02-24 15:34:58,208 - INFO - auto_fusion - main_auto_fusion.py - Fusion Popup Selected Values: {'ReferenceImageName': 'CYBER T SPINE', 'FusingImageName': ['CT 1'], 'TargetName': 'Heart', 'RegistrtaionType': 'Frame of Reference'}
2026-02-24 15:34:58,847 - INFO - auto_fusion - main_auto_fusion.py - Running DSL model...
2026-02-24 15:34:58,972 - INFO - auto_fusion - main_auto_fusion.py - Target center of ROI target Heart is: {'x': 5.425801753569607, 'y': -2.4728469110934284, 'z': 3.6831594004242527}
2026-02-24 15:34:59,161 - INFO - auto_fusion - main_auto_fusion.py - Creating fusion box...
2026-02-24 15:34:59,469 - INFO - auto_fusion - main_auto_fusion.py - Current moving image name: CT 1
2026-02-24 15:35:00,058 - INFO - auto_fusion - main_auto_fusion.py - Creating External ROI contours...
2026-02-24 15:35:02,546 - INFO - auto_fusion - main_auto_fusion.py - Running DSL model...
2026-02-24 15:35:29,544 - INFO - auto_fusion - main_auto_fusion.py - Fixed Bounding Box: [{'x': -32.563476550000004, 'y': -32.563476550000004, 'z': -19.511000000000003}, {'x': 32.43651064999999, 'y': 32.43651064999999, 'z': 26.238999999999997}]
2026-02-24 15:35:29,545 - INFO - auto_fusion - main_auto_fusion.py - Moving Bounding Box: [{'x': -25.0488281, 'y': -25.0488281, 'z': -26.375}, {'x': 24.951146299999998, 'y': 24.951146299999998, 'z': 22.5}]
2026-02-24 15:35:29,545 - INFO - auto_fusion - main_auto_fusion.py - Moving image transation: {'x': 5.4111597035696, 'y': -2.4874889610934345, 'z': 8.984659400424249}
2026-02-24 15:35:29,545 - INFO - auto_fusion - main_auto_fusion.py - Creating registration for moving image named CT 1...
2026-02-24 15:35:32,263 - INFO - auto_fusion - main_auto_fusion.py - Initial Alignment: {'YawDegrees': 0, 'PitchDegrees': 0, 'RollDegrees': 0, 'Translation': {'x': 5.4111597035696, 'y': -2.4874889610934345, 'z': 8.984659400424249}, 'RotationCenter': {'x': 0, 'y': 0, 'z': 0}}
2026-02-24 15:35:51,341 - INFO - auto_fusion - AutoFusion.py - 

===== Finished AutoFusion =====


2026-02-25 10:42:39,084 - INFO - auto_fusion - AutoFusion.py - 

===== Running AutoFusion =====
2026-02-25 10:42:39,205 - INFO - auto_fusion - AutoFusion.py - Patient_ID: 14748426 || CaseName: Case 1
2026-02-25 10:42:39,211 - INFO - auto_fusion - AutoFusion.py - Current Windows User: NYUMC\CHANG05
2026-02-25 10:42:39,288 - INFO - auto_fusion - main_auto_fusion.py - AutoFusion initialized...
2026-02-25 10:42:39,504 - INFO - auto_fusion - main_auto_fusion.py - Assigned target roi name to GTVp
2026-02-25 10:42:39,505 - INFO - auto_fusion - main_auto_fusion.py - Fusion popup window step skipped.
2026-02-25 10:42:39,651 - INFO - auto_fusion - main_auto_fusion.py - Target center of ROI target GTVp is: {'x': -0.014627255620418035, 'y': 1.2027340720633881, 'z': -2.2849807225409284}
2026-02-25 10:42:39,690 - INFO - auto_fusion - main_auto_fusion.py - Creating fusion box...
2026-02-25 10:42:39,816 - INFO - auto_fusion - main_auto_fusion.py - Current moving image name: MR 1
2026-02-25 10:42:39,849 - INFO - auto_fusion - main_auto_fusion.py - Fixed Bounding Box: [{'x': -32.563476550000004, 'y': -32.563476550000004, 'z': -23.775}, {'x': 32.43651064999999, 'y': 32.43651064999999, 'z': 26.475}]
2026-02-25 10:42:39,849 - INFO - auto_fusion - main_auto_fusion.py - Moving Bounding Box: [{'x': -9.793579196929842, 'y': -15.248385524749441, 'z': -0.08496932983398}, {'x': 15.806422138213998, 'y': 10.3516158103944, 'z': 14.615029907226598}]
2026-02-25 10:42:39,849 - INFO - auto_fusion - main_auto_fusion.py - Moving image transation: {'x': -3.084531676262504, 'y': 3.587635979240901, 'z': -8.200011011237237}
2026-02-25 10:42:39,849 - INFO - auto_fusion - main_auto_fusion.py - Creating registration for moving image named MR 1...
2026-02-25 10:42:48,016 - INFO - auto_fusion - main_auto_fusion.py - Initial Alignment: {'YawDegrees': 0, 'PitchDegrees': 0, 'RollDegrees': 0, 'Translation': {'x': -3.084531676262504, 'y': 3.587635979240901, 'z': -8.200011011237237}, 'RotationCenter': {'x': 0, 'y': 0, 'z': 0}}
2026-02-25 10:43:15,060 - INFO - auto_fusion - AutoFusion.py - 

===== Finished AutoFusion =====


2026-02-25 10:54:57,839 - INFO - auto_fusion - AutoFusion.py - 

===== Running AutoFusion =====
2026-02-25 10:54:57,941 - INFO - auto_fusion - AutoFusion.py - Patient_ID: 17771680 || CaseName: Case 1
2026-02-25 10:54:57,945 - INFO - auto_fusion - AutoFusion.py - Current Windows User: NYUMC\CHANG05
2026-02-25 10:54:58,010 - INFO - auto_fusion - main_auto_fusion.py - AutoFusion initialized...
2026-02-25 10:54:58,193 - INFO - auto_fusion - main_auto_fusion.py - Assigned target roi name to GTVp
2026-02-25 10:54:58,194 - INFO - auto_fusion - main_auto_fusion.py - Fusion popup window step skipped.
2026-02-25 10:54:58,322 - INFO - auto_fusion - main_auto_fusion.py - Target center of ROI target GTVp is: {'x': 0.09529204675460752, 'y': 0.47763440741487523, 'z': -5.42319163669492}
2026-02-25 10:54:58,369 - INFO - auto_fusion - main_auto_fusion.py - Creating fusion box...
2026-02-25 10:54:58,486 - INFO - auto_fusion - main_auto_fusion.py - Current moving image name: MR 1
2026-02-25 10:54:58,514 - INFO - auto_fusion - main_auto_fusion.py - Fixed Bounding Box: [{'x': -32.563476550000004, 'y': -32.563476550000004, 'z': -25.675}, {'x': 32.43651064999999, 'y': 32.43651064999999, 'z': 23.95}]
2026-02-25 10:54:58,514 - INFO - auto_fusion - main_auto_fusion.py - Moving Bounding Box: [{'x': -13.071681000127075, 'y': -9.74329100000025, 'z': -9.60271}, {'x': 12.928191000000247, 'y': 16.25658100012707, 'z': 2.097289999999999}]
2026-02-25 10:54:58,514 - INFO - auto_fusion - main_auto_fusion.py - Moving image transation: {'x': 0.1035540968180136, 'y': -2.8424935426485423, 'z': -2.5329816366949203}
2026-02-25 10:54:58,514 - INFO - auto_fusion - main_auto_fusion.py - Creating registration for moving image named MR 1...
2026-02-25 10:55:08,106 - INFO - auto_fusion - main_auto_fusion.py - Initial Alignment: {'YawDegrees': 0, 'PitchDegrees': 0, 'RollDegrees': 0, 'Translation': {'x': 0.1035540968180136, 'y': -2.8424935426485423, 'z': -2.5329816366949203}, 'RotationCenter': {'x': 0, 'y': 0, 'z': 0}}
2026-02-25 10:55:25,675 - INFO - auto_fusion - AutoFusion.py - 

===== Finished AutoFusion =====


2026-02-25 11:23:30,182 - INFO - auto_fusion - AutoFusion.py - 

===== Running AutoFusion =====
2026-02-25 11:23:30,270 - INFO - auto_fusion - AutoFusion.py - Patient_ID: 9769359 || CaseName: Case 1
2026-02-25 11:23:30,275 - INFO - auto_fusion - AutoFusion.py - Current Windows User: NYUMC\POWERA05
2026-02-25 11:23:30,364 - INFO - auto_fusion - main_auto_fusion.py - AutoFusion initialized...
2026-02-25 11:23:59,947 - INFO - auto_fusion - main_auto_fusion.py - Fusion Popup Selected Values: {'ReferenceImageName': 'BRAIN', 'FusingImageName': ['MR 2'], 'TargetName': 'Brain', 'RegistrtaionType': 'Frame of Reference'}
2026-02-25 11:24:00,107 - INFO - auto_fusion - main_auto_fusion.py - Running DSL model...
2026-02-25 11:24:00,199 - INFO - auto_fusion - main_auto_fusion.py - Target center of ROI target Brain is: {'x': -0.040181334218626893, 'y': 2.6270753912589546, 'z': 5.947500753734126}
2026-02-25 11:24:00,376 - INFO - auto_fusion - main_auto_fusion.py - Creating fusion box...
2026-02-25 11:24:00,561 - INFO - auto_fusion - main_auto_fusion.py - Current moving image name: MR 2
2026-02-25 11:24:00,597 - INFO - auto_fusion - main_auto_fusion.py - Fixed Bounding Box: [{'x': -23.545898450000003, 'y': -23.545898450000003, 'z': -20.75}, {'x': 23.454114349999998, 'y': 23.454114349999998, 'z': 22.875}]
2026-02-25 11:24:00,597 - INFO - auto_fusion - main_auto_fusion.py - Moving Bounding Box: [{'x': -10.701163911870637, 'y': -8.009296417287901, 'z': -12.97602519989}, {'x': 10.2988360882322, 'y': 12.990703582814936, 'z': 7.7239748001099}]
2026-02-25 11:24:00,598 - INFO - auto_fusion - main_auto_fusion.py - Moving image transation: {'x': 0.11509052760058903, 'y': 0.09047975849543466, 'z': 9.636025953624175}
2026-02-25 11:24:00,598 - INFO - auto_fusion - main_auto_fusion.py - Creating registration for moving image named MR 2...
2026-02-25 11:24:04,027 - INFO - auto_fusion - main_auto_fusion.py - Initial Alignment: {'YawDegrees': 0, 'PitchDegrees': 0, 'RollDegrees': 0, 'Translation': {'x': 0.11509052760058903, 'y': 0.09047975849543466, 'z': 9.636025953624175}, 'RotationCenter': {'x': 0, 'y': 0, 'z': 0}}
2026-02-25 11:24:21,852 - INFO - auto_fusion - AutoFusion.py - 

===== Finished AutoFusion =====


2026-02-25 11:44:32,733 - INFO - auto_fusion - AutoFusion.py - 

===== Running AutoFusion =====
2026-02-25 11:44:32,823 - INFO - auto_fusion - AutoFusion.py - Patient_ID: 17610778 || CaseName: Case 1
2026-02-25 11:44:32,826 - INFO - auto_fusion - AutoFusion.py - Current Windows User: NYUMC\CHANG05
2026-02-25 11:44:32,893 - INFO - auto_fusion - main_auto_fusion.py - AutoFusion initialized...
2026-02-25 11:44:33,072 - INFO - auto_fusion - main_auto_fusion.py - Assigned target roi name to GTVp
2026-02-25 11:44:33,072 - INFO - auto_fusion - main_auto_fusion.py - Fusion popup window step skipped.
2026-02-25 11:44:33,216 - INFO - auto_fusion - main_auto_fusion.py - Target center of ROI target GTVp is: {'x': -0.44335241471916864, 'y': 1.5704460396212736, 'z': -3.6095565904648614}
2026-02-25 11:44:33,279 - INFO - auto_fusion - main_auto_fusion.py - Creating fusion box...
2026-02-25 11:44:33,401 - INFO - auto_fusion - main_auto_fusion.py - Current moving image name: MR 1
2026-02-25 11:44:33,432 - INFO - auto_fusion - main_auto_fusion.py - Fixed Bounding Box: [{'x': -40.078125, 'y': -40.078125, 'z': -26.025}, {'x': 39.921875, 'y': 39.921875, 'z': 22.6}]
2026-02-25 11:44:33,432 - INFO - auto_fusion - main_auto_fusion.py - Moving Bounding Box: [{'x': -15.679358291689073, 'y': -11.836792755191249, 'z': -3.1302932739258003}, {'x': 10.320641708438249, 'y': 14.163207244936073, 'z': 8.569706726074198}]
2026-02-25 11:44:33,432 - INFO - auto_fusion - main_auto_fusion.py - Moving image transation: {'x': 2.1578808769062436, 'y': 0.3291137947488616, 'z': -8.04176331653906}
2026-02-25 11:44:33,432 - INFO - auto_fusion - main_auto_fusion.py - Creating registration for moving image named MR 1...
2026-02-25 11:44:35,890 - INFO - auto_fusion - main_auto_fusion.py - Initial Alignment: {'YawDegrees': 0, 'PitchDegrees': 0, 'RollDegrees': 0, 'Translation': {'x': 2.1578808769062436, 'y': 0.3291137947488616, 'z': -8.04176331653906}, 'RotationCenter': {'x': 0, 'y': 0, 'z': 0}}
2026-02-25 11:44:51,612 - INFO - auto_fusion - AutoFusion.py - 

===== Finished AutoFusion =====


2026-02-25 12:35:35,242 - INFO - auto_fusion - AutoFusion.py - 

===== Running AutoFusion =====
2026-02-25 12:35:35,308 - INFO - auto_fusion - AutoFusion.py - Patient_ID: 17759814 || CaseName: Case 1
2026-02-25 12:35:35,313 - INFO - auto_fusion - AutoFusion.py - Current Windows User: NYUMC\MACMEW01
2026-02-25 12:35:35,381 - INFO - auto_fusion - main_auto_fusion.py - AutoFusion initialized...
2026-02-25 12:35:35,605 - INFO - auto_fusion - main_auto_fusion.py - Assigned target roi name to GTVp
2026-02-25 12:35:35,605 - INFO - auto_fusion - main_auto_fusion.py - Fusion popup window step skipped.
2026-02-25 12:35:35,760 - INFO - auto_fusion - main_auto_fusion.py - Target center of ROI target GTVp is: {'x': -0.6276061508842266, 'y': 2.634088048422799, 'z': -4.38155124200655}
2026-02-25 12:35:35,781 - INFO - auto_fusion - main_auto_fusion.py - Creating fusion box...
2026-02-25 12:35:35,992 - INFO - auto_fusion - main_auto_fusion.py - Current moving image name: MR 1
2026-02-25 12:35:36,029 - INFO - auto_fusion - main_auto_fusion.py - Fixed Bounding Box: [{'x': -35.068359400000006, 'y': -35.068359400000006, 'z': -31.225}, {'x': 34.931666199999995, 'y': 34.931666199999995, 'z': 21.275}]
2026-02-25 12:35:36,029 - INFO - auto_fusion - main_auto_fusion.py - Moving Bounding Box: [{'x': -10.978319168154073, 'y': -11.546149349276249, 'z': -3.662281036377}, {'x': 15.02168083197325, 'y': 14.453850650851074, 'z': 8.037718963623}]
2026-02-25 12:35:36,029 - INFO - auto_fusion - main_auto_fusion.py - Moving image transation: {'x': -2.71763358279382, 'y': 1.1118907976353811, 'z': -11.544270205629552}
2026-02-25 12:35:36,030 - INFO - auto_fusion - main_auto_fusion.py - Creating registration for moving image named MR 1...
2026-02-25 12:35:37,018 - INFO - auto_fusion - main_auto_fusion.py - Initial Alignment: {'YawDegrees': 0, 'PitchDegrees': 0, 'RollDegrees': 0, 'Translation': {'x': -2.71763358279382, 'y': 1.1118907976353811, 'z': -11.544270205629552}, 'RotationCenter': {'x': 0, 'y': 0, 'z': 0}}
2026-02-25 12:35:57,711 - INFO - auto_fusion - AutoFusion.py - 

===== Finished AutoFusion =====


2026-02-25 12:42:21,526 - INFO - auto_fusion - AutoFusion.py - 

===== Running AutoFusion =====
2026-02-25 12:42:21,592 - INFO - auto_fusion - AutoFusion.py - Patient_ID: 17759814 || CaseName: Case 1
2026-02-25 12:42:21,596 - INFO - auto_fusion - AutoFusion.py - Current Windows User: NYUMC\MACMEW01
2026-02-25 12:42:21,672 - INFO - auto_fusion - main_auto_fusion.py - AutoFusion initialized...
2026-02-25 12:42:21,880 - INFO - auto_fusion - main_auto_fusion.py - Assigned target roi name to GTVp
2026-02-25 12:42:21,881 - INFO - auto_fusion - main_auto_fusion.py - Fusion popup window step skipped.
2026-02-25 12:42:22,032 - INFO - auto_fusion - main_auto_fusion.py - Target center of ROI target GTVp is: {'x': -0.6276061508842266, 'y': 2.634088048422799, 'z': -4.38155124200655}
2026-02-25 12:42:22,051 - INFO - auto_fusion - main_auto_fusion.py - Creating fusion box...
2026-02-25 12:42:22,209 - INFO - auto_fusion - main_auto_fusion.py - Current moving image name: MR 1
2026-02-25 12:42:22,248 - INFO - auto_fusion - main_auto_fusion.py - Fixed Bounding Box: [{'x': -35.068359400000006, 'y': -35.068359400000006, 'z': -31.225}, {'x': 34.931666199999995, 'y': 34.931666199999995, 'z': 21.275}]
2026-02-25 12:42:22,248 - INFO - auto_fusion - main_auto_fusion.py - Moving Bounding Box: [{'x': -10.978319168154073, 'y': -11.546149349276249, 'z': -3.662281036377}, {'x': 15.02168083197325, 'y': 14.453850650851074, 'z': 8.037718963623}]
2026-02-25 12:42:22,249 - INFO - auto_fusion - main_auto_fusion.py - Moving image transation: {'x': -2.71763358279382, 'y': 1.1118907976353811, 'z': -11.544270205629552}
2026-02-25 12:42:22,249 - INFO - auto_fusion - main_auto_fusion.py - Creating registration for moving image named MR 1...
2026-02-25 12:42:23,376 - INFO - auto_fusion - main_auto_fusion.py - Initial Alignment: {'YawDegrees': 0, 'PitchDegrees': 0, 'RollDegrees': 0, 'Translation': {'x': -2.71763358279382, 'y': 1.1118907976353811, 'z': -11.544270205629552}, 'RotationCenter': {'x': 0, 'y': 0, 'z': 0}}
2026-02-25 12:42:56,408 - INFO - auto_fusion - AutoFusion.py - 

===== Finished AutoFusion =====


2026-02-25 14:30:09,568 - INFO - auto_fusion - AutoFusion.py - 

===== Running AutoFusion =====
2026-02-25 14:30:09,654 - INFO - auto_fusion - AutoFusion.py - Patient_ID: 17722878 || CaseName: Case 1
2026-02-25 14:30:09,658 - INFO - auto_fusion - AutoFusion.py - Current Windows User: NYUMC\CHANG05
2026-02-25 14:30:09,723 - INFO - auto_fusion - main_auto_fusion.py - AutoFusion initialized...
2026-02-25 14:30:09,893 - INFO - auto_fusion - main_auto_fusion.py - Assigned target roi name to GTVp
2026-02-25 14:30:09,894 - INFO - auto_fusion - main_auto_fusion.py - Fusion popup window step skipped.
2026-02-25 14:30:10,022 - INFO - auto_fusion - main_auto_fusion.py - Target center of ROI target GTVp is: {'x': 1.621472054720945, 'y': 0.7085386282734056, 'z': -11.88053867317688}
2026-02-25 14:30:10,068 - INFO - auto_fusion - main_auto_fusion.py - Creating fusion box...
2026-02-25 14:30:10,168 - INFO - auto_fusion - main_auto_fusion.py - Current moving image name: MR 1
2026-02-25 14:30:10,197 - INFO - auto_fusion - main_auto_fusion.py - Fixed Bounding Box: [{'x': -32.563476550000004, 'y': -32.563476550000004, 'z': -31.725}, {'x': 32.43651064999999, 'y': 32.43651064999999, 'z': 16.65}]
2026-02-25 14:30:10,197 - INFO - auto_fusion - main_auto_fusion.py - Moving Bounding Box: [{'x': -12.138268375396441, 'y': -15.699287700652443, 'z': -0.89659423828125}, {'x': 13.4617329597474, 'y': 9.900713634491398, 'z': 13.803405761718802}]
2026-02-25 14:30:10,197 - INFO - auto_fusion - main_auto_fusion.py - Moving image transation: {'x': 0.8962568125454577, 'y': 3.54434271135392, 'z': -25.871444434895658}
2026-02-25 14:30:10,197 - INFO - auto_fusion - main_auto_fusion.py - Creating registration for moving image named MR 1...
2026-02-25 14:30:14,987 - INFO - auto_fusion - main_auto_fusion.py - Initial Alignment: {'YawDegrees': 0, 'PitchDegrees': 0, 'RollDegrees': 0, 'Translation': {'x': 0.8962568125454577, 'y': 3.54434271135392, 'z': -25.871444434895658}, 'RotationCenter': {'x': 0, 'y': 0, 'z': 0}}
2026-02-25 14:30:29,712 - INFO - auto_fusion - AutoFusion.py - 

===== Finished AutoFusion =====


2026-02-25 14:46:16,604 - INFO - auto_fusion - AutoFusion.py - 

===== Running AutoFusion =====
2026-02-25 14:46:16,704 - INFO - auto_fusion - AutoFusion.py - Patient_ID: 11828235 || CaseName: Case 1
2026-02-25 14:46:16,708 - INFO - auto_fusion - AutoFusion.py - Current Windows User: NYUMC\CHANG05
2026-02-25 14:46:16,773 - INFO - auto_fusion - main_auto_fusion.py - AutoFusion initialized...
2026-02-25 14:46:16,953 - INFO - auto_fusion - main_auto_fusion.py - Assigned target roi name to GTVp
2026-02-25 14:46:16,953 - INFO - auto_fusion - main_auto_fusion.py - Fusion popup window step skipped.
2026-02-25 14:46:17,076 - INFO - auto_fusion - main_auto_fusion.py - Target center of ROI target GTVp is: {'x': 0.2513911764695488, 'y': 1.3555507603644217, 'z': 0.7201050435761113}
2026-02-25 14:46:17,106 - INFO - auto_fusion - main_auto_fusion.py - Creating fusion box...
2026-02-25 14:46:17,215 - INFO - auto_fusion - main_auto_fusion.py - Current moving image name: MR 1
2026-02-25 14:46:17,243 - INFO - auto_fusion - main_auto_fusion.py - Fixed Bounding Box: [{'x': -40.078125, 'y': -40.078125, 'z': -25.875}, {'x': 39.921875, 'y': 39.921875, 'z': 26.375}]
2026-02-25 14:46:17,243 - INFO - auto_fusion - main_auto_fusion.py - Moving Bounding Box: [{'x': -11.930281000127074, 'y': -10.382781000000248, 'z': -10.1554}, {'x': 14.069591000000248, 'y': 15.617091000127074, 'z': 1.5445899999999781}]
2026-02-25 14:46:17,244 - INFO - auto_fusion - main_auto_fusion.py - Moving image transation: {'x': -0.896388823467038, 'y': -1.339729239698991, 'z': 5.275510043576122}
2026-02-25 14:46:17,244 - INFO - auto_fusion - main_auto_fusion.py - Creating registration for moving image named MR 1...
2026-02-25 14:46:19,173 - INFO - auto_fusion - main_auto_fusion.py - Initial Alignment: {'YawDegrees': 0, 'PitchDegrees': 0, 'RollDegrees': 0, 'Translation': {'x': -0.896388823467038, 'y': -1.339729239698991, 'z': 5.275510043576122}, 'RotationCenter': {'x': 0, 'y': 0, 'z': 0}}
2026-02-25 14:46:33,363 - INFO - auto_fusion - AutoFusion.py - 

===== Finished AutoFusion =====


2026-02-26 09:10:08,390 - INFO - auto_fusion - AutoFusion.py - 

===== Running AutoFusion =====
2026-02-26 09:10:08,477 - INFO - auto_fusion - AutoFusion.py - Patient_ID: 9970740 || CaseName: Case 1
2026-02-26 09:10:08,481 - INFO - auto_fusion - AutoFusion.py - Current Windows User: NYUMC\CHANG05
2026-02-26 09:10:08,556 - INFO - auto_fusion - main_auto_fusion.py - AutoFusion initialized...
2026-02-26 09:10:08,734 - INFO - auto_fusion - main_auto_fusion.py - Assigned target roi name to GTVp
2026-02-26 09:10:08,734 - INFO - auto_fusion - main_auto_fusion.py - Fusion popup window step skipped.
2026-02-26 09:10:08,895 - INFO - auto_fusion - main_auto_fusion.py - Target center of ROI target GTVp is: {'x': 1.0577534840547502, 'y': 0.8017870157766804, 'z': -3.7429402370075393}
2026-02-26 09:10:08,919 - INFO - auto_fusion - main_auto_fusion.py - Creating fusion box...
2026-02-26 09:10:09,041 - INFO - auto_fusion - main_auto_fusion.py - Current moving image name: MR 1
2026-02-26 09:10:09,072 - INFO - auto_fusion - main_auto_fusion.py - Fixed Bounding Box: [{'x': -32.563476550000004, 'y': -32.563476550000004, 'z': -28.375}, {'x': 32.43651064999999, 'y': 32.43651064999999, 'z': 27.0}]
2026-02-26 09:10:09,072 - INFO - auto_fusion - main_auto_fusion.py - Moving Bounding Box: [{'x': -12.22844696044844, 'y': -15.338566684722442, 'z': -4.1430862426757}, {'x': 13.3715543746954, 'y': 10.261434650421398, 'z': 10.5569137573242}]
2026-02-26 09:10:09,073 - INFO - auto_fusion - main_auto_fusion.py - Moving image transation: {'x': 0.42271682693126267, 'y': 3.2768700829271946, 'z': -7.637353994331789}
2026-02-26 09:10:09,073 - INFO - auto_fusion - main_auto_fusion.py - Creating registration for moving image named MR 1...
2026-02-26 09:10:10,969 - INFO - auto_fusion - main_auto_fusion.py - Initial Alignment: {'YawDegrees': 0, 'PitchDegrees': 0, 'RollDegrees': 0, 'Translation': {'x': 0.42271682693126267, 'y': 3.2768700829271946, 'z': -7.637353994331789}, 'RotationCenter': {'x': 0, 'y': 0, 'z': 0}}
2026-02-26 09:10:24,217 - INFO - auto_fusion - AutoFusion.py - 

===== Finished AutoFusion =====


2026-03-02 09:29:01,964 - INFO - auto_fusion - AutoFusion.py - 

===== Running AutoFusion =====
2026-03-02 09:29:02,051 - INFO - auto_fusion - AutoFusion.py - Patient_ID: 12421155 || CaseName: Case 1
2026-03-02 09:29:02,056 - INFO - auto_fusion - AutoFusion.py - Current Windows User: NYUMC\CHANG05
2026-03-02 09:29:02,123 - INFO - auto_fusion - main_auto_fusion.py - AutoFusion initialized...
2026-03-02 09:29:02,308 - INFO - auto_fusion - main_auto_fusion.py - Assigned target roi name to GTVp
2026-03-02 09:29:02,308 - INFO - auto_fusion - main_auto_fusion.py - Fusion popup window step skipped.
2026-03-02 09:29:02,434 - INFO - auto_fusion - main_auto_fusion.py - Target center of ROI target GTVp is: {'x': -0.014595446372118187, 'y': -1.9042103665631724, 'z': -9.091338045239095}
2026-03-02 09:29:02,473 - INFO - auto_fusion - main_auto_fusion.py - Creating fusion box...
2026-03-02 09:29:02,595 - INFO - auto_fusion - main_auto_fusion.py - Current moving image name: MR 1
2026-03-02 09:29:02,621 - INFO - auto_fusion - main_auto_fusion.py - Fixed Bounding Box: [{'x': -34.0163086, 'y': -34.0163086, 'z': -28.330000000000002}, {'x': 33.88369779999999, 'y': 33.88369779999999, 'z': 22.919999999999998}]
2026-03-02 09:29:02,621 - INFO - auto_fusion - main_auto_fusion.py - Moving Bounding Box: [{'x': -14.646581000127075, 'y': -9.78872100000025, 'z': -5.7897}, {'x': 11.353291000000247, 'y': 16.211151000127074, 'z': 5.910299999999999}]
2026-03-02 09:29:02,622 - INFO - auto_fusion - main_auto_fusion.py - Moving image transation: {'x': 1.5657441536912908, 'y': -5.181730766626591, 'z': -11.856638045239096}
2026-03-02 09:29:02,622 - INFO - auto_fusion - main_auto_fusion.py - Creating registration for moving image named MR 1...
2026-03-02 09:29:05,257 - INFO - auto_fusion - main_auto_fusion.py - Initial Alignment: {'YawDegrees': 0, 'PitchDegrees': 0, 'RollDegrees': 0, 'Translation': {'x': 1.5657441536912908, 'y': -5.181730766626591, 'z': -11.856638045239096}, 'RotationCenter': {'x': 0, 'y': 0, 'z': 0}}
2026-03-02 09:30:27,668 - INFO - auto_fusion - AutoFusion.py - 

===== Finished AutoFusion =====


2026-03-02 10:02:06,363 - INFO - auto_fusion - AutoFusion.py - 

===== Running AutoFusion =====
2026-03-02 10:02:06,502 - INFO - auto_fusion - AutoFusion.py - Patient_ID: 0867213 || CaseName: Case 1
2026-03-02 10:02:06,506 - INFO - auto_fusion - AutoFusion.py - Current Windows User: NYUMC\WESTJ05
2026-03-02 10:02:06,588 - INFO - auto_fusion - main_auto_fusion.py - AutoFusion initialized...
2026-03-02 10:02:06,827 - INFO - auto_fusion - main_auto_fusion.py - Assigned target roi name to GTVp
2026-03-02 10:02:06,827 - INFO - auto_fusion - main_auto_fusion.py - Fusion popup window step skipped.
2026-03-02 10:02:06,982 - INFO - auto_fusion - main_auto_fusion.py - Target center of ROI target GTVp is: {'x': -0.26284052988572065, 'y': -1.9412513872350936, 'z': -0.08117203413903915}
2026-03-02 10:02:07,021 - INFO - auto_fusion - main_auto_fusion.py - Creating fusion box...
2026-03-02 10:02:07,171 - INFO - auto_fusion - main_auto_fusion.py - Current moving image name: MR_for_CK
2026-03-02 10:02:07,218 - INFO - auto_fusion - main_auto_fusion.py - Fixed Bounding Box: [{'x': -40.078125, 'y': -40.078125, 'z': -21.125}, {'x': 39.921875, 'y': 39.921875, 'z': 31.875}]
2026-03-02 10:02:07,219 - INFO - auto_fusion - main_auto_fusion.py - Moving Bounding Box: [{'x': -13.851695728301442, 'y': -17.051992702483442, 'z': 1.44809494018555}, {'x': 11.748305606842399, 'y': 8.548008632660398, 'z': 16.148095703125}]
2026-03-02 10:02:07,219 - INFO - auto_fusion - main_auto_fusion.py - Moving image transation: {'x': 0.7107295308438009, 'y': 2.2326156476764285, 'z': -3.5042673557943136}
2026-03-02 10:02:07,219 - INFO - auto_fusion - main_auto_fusion.py - Creating registration for moving image named MR_for_CK...
2026-03-02 10:02:08,217 - INFO - auto_fusion - main_auto_fusion.py - Initial Alignment: {'YawDegrees': 0, 'PitchDegrees': 0, 'RollDegrees': 0, 'Translation': {'x': 0.7107295308438009, 'y': 2.2326156476764285, 'z': -3.5042673557943136}, 'RotationCenter': {'x': 0, 'y': 0, 'z': 0}}
2026-03-02 10:02:38,987 - INFO - auto_fusion - AutoFusion.py - 

===== Finished AutoFusion =====


2026-03-02 11:30:08,500 - INFO - auto_fusion - AutoFusion.py - 

===== Running AutoFusion =====
2026-03-02 11:30:08,578 - INFO - auto_fusion - AutoFusion.py - Patient_ID: 16080841 || CaseName: Case 2
2026-03-02 11:30:08,582 - INFO - auto_fusion - AutoFusion.py - Current Windows User: NYUMC\WESTJ05
2026-03-02 11:30:08,680 - INFO - auto_fusion - main_auto_fusion.py - AutoFusion initialized...
2026-03-02 11:30:08,988 - INFO - auto_fusion - main_auto_fusion.py - Assigned target roi name to GTVp
2026-03-02 11:30:08,989 - INFO - auto_fusion - main_auto_fusion.py - Fusion popup window step skipped.
2026-03-02 11:30:09,154 - INFO - auto_fusion - main_auto_fusion.py - Target center of ROI target GTVp is: {'x': 1.4091295793681637, 'y': 0.12953224377394837, 'z': 0.08584676380945487}
2026-03-02 11:30:09,195 - INFO - auto_fusion - main_auto_fusion.py - Creating fusion box...
2026-03-02 11:30:09,363 - INFO - auto_fusion - main_auto_fusion.py - Current moving image name: MR_for_CK
2026-03-02 11:30:09,419 - INFO - auto_fusion - main_auto_fusion.py - Fixed Bounding Box: [{'x': -40.078125, 'y': -40.078125, 'z': -21.844}, {'x': 39.921875, 'y': 39.921875, 'z': 31.781}]
2026-03-02 11:30:09,419 - INFO - auto_fusion - main_auto_fusion.py - Moving Bounding Box: [{'x': -12.94989142417844, 'y': -16.510909175872442, 'z': -2.4296588897705}, {'x': 12.6501099109654, 'y': 9.089092159271399, 'z': 12.270341491699202}]
2026-03-02 11:30:09,420 - INFO - auto_fusion - main_auto_fusion.py - Moving image transation: {'x': 1.4808953359746844, 'y': 3.76231575207447, 'z': 0.13400546284510195}
2026-03-02 11:30:09,420 - INFO - auto_fusion - main_auto_fusion.py - Creating registration for moving image named MR_for_CK...
2026-03-02 11:30:10,885 - INFO - auto_fusion - main_auto_fusion.py - Initial Alignment: {'YawDegrees': 0, 'PitchDegrees': 0, 'RollDegrees': 0, 'Translation': {'x': 1.4808953359746844, 'y': 3.76231575207447, 'z': 0.13400546284510195}, 'RotationCenter': {'x': 0, 'y': 0, 'z': 0}}
2026-03-02 11:30:43,991 - INFO - auto_fusion - AutoFusion.py - 

===== Finished AutoFusion =====


2026-03-04 09:23:12,136 - INFO - auto_fusion - AutoFusion.py - 

===== Running AutoFusion =====
2026-03-04 09:23:12,206 - INFO - auto_fusion - AutoFusion.py - Patient_ID: 1577461 || CaseName: Case 1
2026-03-04 09:23:12,211 - INFO - auto_fusion - AutoFusion.py - Current Windows User: NYUMC\WESTJ05
2026-03-04 09:23:12,290 - INFO - auto_fusion - main_auto_fusion.py - AutoFusion initialized...
2026-03-04 09:23:12,510 - INFO - auto_fusion - main_auto_fusion.py - Assigned target roi name to GTVp
2026-03-04 09:23:12,510 - INFO - auto_fusion - main_auto_fusion.py - Fusion popup window step skipped.
2026-03-04 09:23:12,651 - INFO - auto_fusion - main_auto_fusion.py - Target center of ROI target GTVp is: {'x': -0.9469347847251556, 'y': 2.0819211975505367, 'z': -8.392063521418187}
2026-03-04 09:23:12,666 - INFO - auto_fusion - main_auto_fusion.py - Creating fusion box...
2026-03-04 09:23:12,791 - INFO - auto_fusion - main_auto_fusion.py - Current moving image name: MR_for_CK
2026-03-04 09:23:12,828 - INFO - auto_fusion - main_auto_fusion.py - Fixed Bounding Box: [{'x': -32.563476550000004, 'y': -32.563476550000004, 'z': -30.1}, {'x': 32.43651064999999, 'y': 32.43651064999999, 'z': 18.525}]
2026-03-04 09:23:12,828 - INFO - auto_fusion - main_auto_fusion.py - Moving Bounding Box: [{'x': -10.965925884246442, 'y': -14.346582603454442, 'z': -3.1511032104492}, {'x': 14.634075450897399, 'y': 11.253418731689399, 'z': 11.548896789550799}]
2026-03-04 09:23:12,828 - INFO - auto_fusion - main_auto_fusion.py - Moving image transation: {'x': -2.844492518050642, 'y': 3.56502018343305, 'z': -18.37846031096899}
2026-03-04 09:23:12,829 - INFO - auto_fusion - main_auto_fusion.py - Creating registration for moving image named MR_for_CK...
2026-03-04 09:23:13,399 - INFO - auto_fusion - main_auto_fusion.py - Initial Alignment: {'YawDegrees': 0, 'PitchDegrees': 0, 'RollDegrees': 0, 'Translation': {'x': -2.844492518050642, 'y': 3.56502018343305, 'z': -18.37846031096899}, 'RotationCenter': {'x': 0, 'y': 0, 'z': 0}}
2026-03-04 09:24:28,061 - INFO - auto_fusion - AutoFusion.py - 

===== Finished AutoFusion =====


2026-03-04 10:06:28,468 - INFO - auto_fusion - AutoFusion.py - 

===== Running AutoFusion =====
2026-03-04 10:06:28,538 - INFO - auto_fusion - AutoFusion.py - Patient_ID: 12632567 || CaseName: Case 1
2026-03-04 10:06:28,544 - INFO - auto_fusion - AutoFusion.py - Current Windows User: NYUMC\MACMEW01
2026-03-04 10:06:28,627 - INFO - auto_fusion - main_auto_fusion.py - AutoFusion initialized...
2026-03-04 10:06:55,989 - INFO - auto_fusion - main_auto_fusion.py - Fusion Popup Selected Values: {'ReferenceImageName': 'PROSTATE BED', 'FusingImageName': ['MR 1'], 'TargetName': 'Prostate', 'RegistrtaionType': 'Frame of Reference'}
2026-03-04 10:06:56,119 - INFO - auto_fusion - main_auto_fusion.py - Running DSL model...
2026-03-04 10:07:15,766 - INFO - auto_fusion - main_auto_fusion.py - Target center of ROI target Prostate is: {'x': -0.35832064471836506, 'y': -0.2125963465445138, 'z': -2.597413309520459}
2026-03-04 10:07:15,784 - INFO - auto_fusion - main_auto_fusion.py - Creating fusion box...
2026-03-04 10:07:15,893 - INFO - auto_fusion - main_auto_fusion.py - Current moving image name: MR 1
2026-03-04 10:07:15,928 - INFO - auto_fusion - main_auto_fusion.py - Fixed Bounding Box: [{'x': -32.563476550000004, 'y': -32.563476550000004, 'z': -27.5}, {'x': 32.43651064999999, 'y': 32.43651064999999, 'z': 28.0}]
2026-03-04 10:07:15,928 - INFO - auto_fusion - main_auto_fusion.py - Moving Bounding Box: [{'x': -17.44818750018594, 'y': -15.349687500000144, 'z': -6.93095}, {'x': 20.551812500000146, 'y': 22.650312500185944, 'z': 12.869000000000003}]
2026-03-04 10:07:15,928 - INFO - auto_fusion - main_auto_fusion.py - Moving image transation: {'x': -1.9736160946254773, 'y': -3.9263917966374233, 'z': -5.316438309520461}
2026-03-04 10:07:15,928 - INFO - auto_fusion - main_auto_fusion.py - Creating registration for moving image named MR 1...
2026-03-04 10:07:16,692 - INFO - auto_fusion - main_auto_fusion.py - Initial Alignment: {'YawDegrees': 180, 'PitchDegrees': 0, 'RollDegrees': 0, 'Translation': {'x': -1.9736160946254773, 'y': -3.9263917966374233, 'z': -5.316438309520461}, 'RotationCenter': {'x': 0, 'y': 0, 'z': 0}}
2026-03-04 10:09:04,008 - INFO - auto_fusion - AutoFusion.py - 

===== Finished AutoFusion =====


2026-03-04 10:18:42,872 - INFO - auto_fusion - AutoFusion.py - 

===== Running AutoFusion =====
2026-03-04 10:18:42,937 - INFO - auto_fusion - AutoFusion.py - Patient_ID: 12632567 || CaseName: Case 1
2026-03-04 10:18:42,941 - INFO - auto_fusion - AutoFusion.py - Current Windows User: NYUMC\MACMEW01
2026-03-04 10:18:43,020 - INFO - auto_fusion - main_auto_fusion.py - AutoFusion initialized...
2026-03-04 10:19:04,587 - INFO - auto_fusion - main_auto_fusion.py - Fusion Popup Selected Values: {'ReferenceImageName': 'PROSTATE BED', 'FusingImageName': ['MR 1'], 'TargetName': 'Prostate', 'RegistrtaionType': 'Frame of Reference'}
2026-03-04 10:19:04,728 - INFO - auto_fusion - main_auto_fusion.py - Running DSL model...
2026-03-04 10:19:04,746 - INFO - auto_fusion - main_auto_fusion.py - Target center of ROI target Prostate is: {'x': -0.35832064471836506, 'y': -0.2125963465445138, 'z': -2.597413309520459}
2026-03-04 10:19:04,761 - INFO - auto_fusion - main_auto_fusion.py - Creating fusion box...
2026-03-04 10:19:04,892 - INFO - auto_fusion - main_auto_fusion.py - Current moving image name: MR 1
2026-03-04 10:19:04,927 - INFO - auto_fusion - main_auto_fusion.py - Fixed Bounding Box: [{'x': -32.563476550000004, 'y': -32.563476550000004, 'z': -27.5}, {'x': 32.43651064999999, 'y': 32.43651064999999, 'z': 28.0}]
2026-03-04 10:19:04,928 - INFO - auto_fusion - main_auto_fusion.py - Moving Bounding Box: [{'x': -17.44818750018594, 'y': -15.349687500000144, 'z': -6.93095}, {'x': 20.551812500000146, 'y': 22.650312500185944, 'z': 12.869000000000003}]
2026-03-04 10:19:04,928 - INFO - auto_fusion - main_auto_fusion.py - Moving image transation: {'x': -1.9736160946254773, 'y': -3.9263917966374233, 'z': -5.316438309520461}
2026-03-04 10:19:04,928 - INFO - auto_fusion - main_auto_fusion.py - Creating registration for moving image named MR 1...
2026-03-04 10:19:05,330 - INFO - auto_fusion - main_auto_fusion.py - Initial Alignment: {'YawDegrees': 180, 'PitchDegrees': 0, 'RollDegrees': 0, 'Translation': {'x': -1.9736160946254773, 'y': -3.9263917966374233, 'z': -5.316438309520461}, 'RotationCenter': {'x': 0, 'y': 0, 'z': 0}}
2026-03-04 10:20:08,761 - INFO - auto_fusion - AutoFusion.py - 

===== Finished AutoFusion =====


2026-03-04 10:25:54,599 - INFO - auto_fusion - AutoFusion.py - 

===== Running AutoFusion =====
2026-03-04 10:25:54,680 - INFO - auto_fusion - AutoFusion.py - Patient_ID: 9232651 || CaseName: Case 1
2026-03-04 10:25:54,684 - INFO - auto_fusion - AutoFusion.py - Current Windows User: NYUMC\CHANG05
2026-03-04 10:25:54,753 - INFO - auto_fusion - main_auto_fusion.py - AutoFusion initialized...
2026-03-04 10:25:54,957 - INFO - auto_fusion - main_auto_fusion.py - Assigned target roi name to GTVp
2026-03-04 10:25:54,957 - INFO - auto_fusion - main_auto_fusion.py - Fusion popup window step skipped.
2026-03-04 10:25:55,089 - INFO - auto_fusion - main_auto_fusion.py - Target center of ROI target GTVp is: {'x': -0.9687453875972515, 'y': 1.406196975882997, 'z': -6.574819142209234}
2026-03-04 10:25:55,120 - INFO - auto_fusion - main_auto_fusion.py - Creating fusion box...
2026-03-04 10:25:55,259 - INFO - auto_fusion - main_auto_fusion.py - Current moving image name: MR 1
2026-03-04 10:25:55,287 - INFO - auto_fusion - main_auto_fusion.py - Fixed Bounding Box: [{'x': -32.563476550000004, 'y': -32.563476550000004, 'z': -28.45}, {'x': 32.43651064999999, 'y': 32.43651064999999, 'z': 21.8}]
2026-03-04 10:25:55,288 - INFO - auto_fusion - main_auto_fusion.py - Moving Bounding Box: [{'x': -11.777546119689442, 'y': -13.805500507354441, 'z': -5.1350700378418}, {'x': 13.822455215454399, 'y': 11.794500827789399, 'z': 9.5649299621582}]
2026-03-04 10:25:55,288 - INFO - auto_fusion - main_auto_fusion.py - Moving image transation: {'x': -2.054682885479738, 'y': 2.3482138656655103, 'z': -12.114749104367434}
2026-03-04 10:25:55,288 - INFO - auto_fusion - main_auto_fusion.py - Creating registration for moving image named MR 1...
2026-03-04 10:26:08,073 - INFO - auto_fusion - main_auto_fusion.py - Initial Alignment: {'YawDegrees': 0, 'PitchDegrees': 0, 'RollDegrees': 0, 'Translation': {'x': -2.054682885479738, 'y': 2.3482138656655103, 'z': -12.114749104367434}, 'RotationCenter': {'x': 0, 'y': 0, 'z': 0}}
2026-03-04 10:26:21,795 - INFO - auto_fusion - AutoFusion.py - 

===== Finished AutoFusion =====


2026-03-04 12:17:47,971 - INFO - auto_fusion - AutoFusion.py - 

===== Running AutoFusion =====
2026-03-04 12:17:48,037 - INFO - auto_fusion - AutoFusion.py - Patient_ID: 14031115 || CaseName: Case 1
2026-03-04 12:17:48,041 - INFO - auto_fusion - AutoFusion.py - Current Windows User: NYUMC\WESTJ05
2026-03-04 12:17:48,117 - INFO - auto_fusion - main_auto_fusion.py - AutoFusion initialized...
2026-03-04 12:17:48,334 - INFO - auto_fusion - main_auto_fusion.py - Assigned target roi name to GTVp
2026-03-04 12:17:48,334 - INFO - auto_fusion - main_auto_fusion.py - Fusion popup window step skipped.
2026-03-04 12:17:48,474 - INFO - auto_fusion - main_auto_fusion.py - Target center of ROI target GTVp is: {'x': -0.3859206117832793, 'y': -2.2924798661329304, 'z': -0.6622600147878814}
2026-03-04 12:17:48,494 - INFO - auto_fusion - main_auto_fusion.py - Creating fusion box...
2026-03-04 12:17:48,647 - INFO - auto_fusion - main_auto_fusion.py - Current moving image name: MR_for_CK
2026-03-04 12:17:48,685 - INFO - auto_fusion - main_auto_fusion.py - Fixed Bounding Box: [{'x': -37.82373045, 'y': -37.82373045, 'z': -26.375}, {'x': 37.676250350000004, 'y': 37.676250350000004, 'z': 26.5}]
2026-03-04 12:17:48,685 - INFO - auto_fusion - main_auto_fusion.py - Moving Bounding Box: [{'x': -11.730181000127073, 'y': -11.17868100000025, 'z': -6.64225}, {'x': 14.269691000000249, 'y': 14.821191000127072, 'z': 5.0577499999999995}]
2026-03-04 12:17:48,685 - INFO - auto_fusion - main_auto_fusion.py - Moving image transation: {'x': -1.7294156617198646, 'y': -4.18747491619634, 'z': 0.19248998521211869}
2026-03-04 12:17:48,685 - INFO - auto_fusion - main_auto_fusion.py - Creating registration for moving image named MR_for_CK...
2026-03-04 12:17:49,716 - INFO - auto_fusion - main_auto_fusion.py - Initial Alignment: {'YawDegrees': 0, 'PitchDegrees': 0, 'RollDegrees': 0, 'Translation': {'x': -1.7294156617198646, 'y': -4.18747491619634, 'z': 0.19248998521211869}, 'RotationCenter': {'x': 0, 'y': 0, 'z': 0}}
2026-03-04 12:19:43,969 - INFO - auto_fusion - AutoFusion.py - 

===== Finished AutoFusion =====


2026-03-04 13:48:25,501 - INFO - auto_fusion - AutoFusion.py - 

===== Running AutoFusion =====
2026-03-04 13:48:25,566 - INFO - auto_fusion - AutoFusion.py - Patient_ID: 5047845 || CaseName: Case 1
2026-03-04 13:48:25,570 - INFO - auto_fusion - AutoFusion.py - Current Windows User: NYUMC\WESTJ05
2026-03-04 13:48:25,648 - INFO - auto_fusion - main_auto_fusion.py - AutoFusion initialized...
2026-03-04 13:48:25,896 - INFO - auto_fusion - main_auto_fusion.py - Assigned target roi name to GTVp
2026-03-04 13:48:25,896 - INFO - auto_fusion - main_auto_fusion.py - Fusion popup window step skipped.
2026-03-04 13:48:26,033 - INFO - auto_fusion - main_auto_fusion.py - Target center of ROI target GTVp is: {'x': -1.8117106355606252, 'y': -0.571560422924121, 'z': 0.17700164731662515}
2026-03-04 13:48:26,047 - INFO - auto_fusion - main_auto_fusion.py - Creating fusion box...
2026-03-04 13:48:26,203 - INFO - auto_fusion - main_auto_fusion.py - Current moving image name: MR_for_CK
2026-03-04 13:48:26,250 - INFO - auto_fusion - main_auto_fusion.py - Fixed Bounding Box: [{'x': -32.563476550000004, 'y': -32.563476550000004, 'z': -17.95}, {'x': 32.43651064999999, 'y': 32.43651064999999, 'z': 28.3}]
2026-03-04 13:48:26,251 - INFO - auto_fusion - main_auto_fusion.py - Moving Bounding Box: [{'x': -12.318630838393442, 'y': -14.707303524016442, 'z': -7.5699409484863}, {'x': 13.281370496750398, 'y': 10.892697811127398, 'z': 7.130059051513671}]
2026-03-04 13:48:26,251 - INFO - auto_fusion - main_auto_fusion.py - Moving image transation: {'x': -2.356563414739111, 'y': 1.272259483520393, 'z': 5.57194259580294}
2026-03-04 13:48:26,251 - INFO - auto_fusion - main_auto_fusion.py - Creating registration for moving image named MR_for_CK...
2026-03-04 13:48:26,877 - INFO - auto_fusion - main_auto_fusion.py - Initial Alignment: {'YawDegrees': 0, 'PitchDegrees': 0, 'RollDegrees': 0, 'Translation': {'x': -2.356563414739111, 'y': 1.272259483520393, 'z': 5.57194259580294}, 'RotationCenter': {'x': 0, 'y': 0, 'z': 0}}
2026-03-04 13:50:51,129 - INFO - auto_fusion - AutoFusion.py - 

===== Finished AutoFusion =====


2026-03-04 16:01:05,454 - INFO - auto_fusion - AutoFusion.py - 

===== Running AutoFusion =====
2026-03-04 16:01:05,540 - INFO - auto_fusion - AutoFusion.py - Patient_ID: 11195267 || CaseName: Case 1
2026-03-04 16:01:05,544 - INFO - auto_fusion - AutoFusion.py - Current Windows User: NYUMC\CHANG05
2026-03-04 16:01:05,621 - INFO - auto_fusion - main_auto_fusion.py - AutoFusion initialized...
2026-03-04 16:01:05,809 - INFO - auto_fusion - main_auto_fusion.py - Assigned target roi name to GTVp
2026-03-04 16:01:05,809 - INFO - auto_fusion - main_auto_fusion.py - Fusion popup window step skipped.
2026-03-04 16:01:05,955 - INFO - auto_fusion - main_auto_fusion.py - Target center of ROI target GTVp is: {'x': -1.1708859396788893, 'y': -2.9258589551773513, 'z': -1.6294835310591804}
2026-03-04 16:01:05,995 - INFO - auto_fusion - main_auto_fusion.py - Creating fusion box...
2026-03-04 16:01:06,118 - INFO - auto_fusion - main_auto_fusion.py - Current moving image name: MR 1
2026-03-04 16:01:06,151 - INFO - auto_fusion - main_auto_fusion.py - Fixed Bounding Box: [{'x': -32.563476550000004, 'y': -32.563476550000004, 'z': -24.881}, {'x': 32.43651064999999, 'y': 32.43651064999999, 'z': 25.619}]
2026-03-04 16:01:06,151 - INFO - auto_fusion - main_auto_fusion.py - Moving Bounding Box: [{'x': -17.382081000127073, 'y': -11.14878100000025, 'z': -4.48909}, {'x': 8.61779100000025, 'y': 14.851091000127072, 'z': 7.210909999999999}]
2026-03-04 16:01:06,151 - INFO - auto_fusion - main_auto_fusion.py - Moving image transation: {'x': 3.1477761103845143, 'y': -4.84049690524077, 'z': -2.62139353105918}
2026-03-04 16:01:06,151 - INFO - auto_fusion - main_auto_fusion.py - Creating registration for moving image named MR 1...
2026-03-04 16:01:07,067 - INFO - auto_fusion - main_auto_fusion.py - Initial Alignment: {'YawDegrees': 0, 'PitchDegrees': 0, 'RollDegrees': 0, 'Translation': {'x': 3.1477761103845143, 'y': -4.84049690524077, 'z': -2.62139353105918}, 'RotationCenter': {'x': 0, 'y': 0, 'z': 0}}
2026-03-04 16:01:24,168 - INFO - auto_fusion - AutoFusion.py - 

===== Finished AutoFusion =====


2026-03-06 15:00:00,315 - INFO - auto_fusion - AutoFusion.py - 

===== Running AutoFusion =====
2026-03-06 15:00:00,382 - INFO - auto_fusion - AutoFusion.py - Patient_ID: 15776205 || CaseName: Case 1
2026-03-06 15:00:00,386 - INFO - auto_fusion - AutoFusion.py - Current Windows User: NYUMC\MACMEW01
2026-03-06 15:00:00,465 - INFO - auto_fusion - main_auto_fusion.py - AutoFusion initialized...
2026-03-06 15:00:00,633 - INFO - auto_fusion - main_auto_fusion.py - Assigned target roi name to Brain
2026-03-06 15:00:00,634 - INFO - auto_fusion - main_auto_fusion.py - Fusion popup window step skipped.
2026-03-06 15:00:00,840 - INFO - auto_fusion - main_auto_fusion.py - Target center of ROI target Brain is: {'x': -0.20597662700654518, 'y': 2.257488134777152, 'z': -3.3678072765899025}
2026-03-06 15:00:00,974 - INFO - auto_fusion - main_auto_fusion.py - Creating fusion box...
2026-03-06 15:00:01,106 - INFO - auto_fusion - main_auto_fusion.py - Current moving image name: MR 1
2026-03-06 15:00:01,136 - INFO - auto_fusion - main_auto_fusion.py - Fixed Bounding Box: [{'x': -21.49189455, 'y': -21.49189455, 'z': -26.0}, {'x': 21.40812465, 'y': 21.40812465, 'z': 6.375}]
2026-03-06 15:00:01,136 - INFO - auto_fusion - main_auto_fusion.py - Moving Bounding Box: [{'x': -14.264588920333853, 'y': -14.1136258508917, 'z': -11.40349281687917}, {'x': 14.694663886113517, 'y': 13.701209805659012, 'z': 9.405339104318442}]
2026-03-06 15:00:01,136 - INFO - auto_fusion - main_auto_fusion.py - Moving image transation: {'x': -0.46289905989637703, 'y': 2.4218112073934948, 'z': -12.181230420309538}
2026-03-06 15:00:01,136 - INFO - auto_fusion - main_auto_fusion.py - Creating registration for moving image named MR 1...
2026-03-06 15:00:02,042 - INFO - auto_fusion - main_auto_fusion.py - Initial Alignment: {'YawDegrees': 0, 'PitchDegrees': 0, 'RollDegrees': 0, 'Translation': {'x': -0.46289905989637703, 'y': 2.4218112073934948, 'z': -12.181230420309538}, 'RotationCenter': {'x': 0, 'y': 0, 'z': 0}}
2026-03-06 15:00:25,667 - INFO - auto_fusion - AutoFusion.py - 

===== Finished AutoFusion =====


2026-03-09 09:33:47,551 - INFO - auto_fusion - AutoFusion.py - 

===== Running AutoFusion =====
2026-03-09 09:33:47,617 - INFO - auto_fusion - AutoFusion.py - Patient_ID: 11520569 || CaseName: Case 1
2026-03-09 09:33:47,621 - INFO - auto_fusion - AutoFusion.py - Current Windows User: NYUMC\WESTJ05
2026-03-09 09:33:47,703 - INFO - auto_fusion - main_auto_fusion.py - AutoFusion initialized...
2026-03-09 09:33:48,111 - INFO - auto_fusion - main_auto_fusion.py - Assigned target roi name to GTVp
2026-03-09 09:33:48,111 - INFO - auto_fusion - main_auto_fusion.py - Fusion popup window step skipped.
2026-03-09 09:33:48,261 - INFO - auto_fusion - main_auto_fusion.py - Target center of ROI target GTVp is: {'x': 1.5715001796577779, 'y': -1.5129744025146998, 'z': -0.7253835818112983}
2026-03-09 09:33:48,281 - INFO - auto_fusion - main_auto_fusion.py - Creating fusion box...
2026-03-09 09:33:48,446 - INFO - auto_fusion - main_auto_fusion.py - Current moving image name: MR_for_CK
2026-03-09 09:33:48,573 - INFO - auto_fusion - main_auto_fusion.py - Fixed Bounding Box: [{'x': -26.4515625, 'y': -26.4515625, 'z': -27.5}, {'x': 26.348437499999996, 'y': 26.348437499999996, 'z': 27.5}]
2026-03-09 09:33:48,573 - INFO - auto_fusion - main_auto_fusion.py - Moving Bounding Box: [{'x': -12.679350411891441, 'y': -16.150188350677443, 'z': -5.495792388916}, {'x': 12.9206509232524, 'y': 9.449812984466398, 'z': 9.20420761108398}]
2026-03-09 09:33:48,574 - INFO - auto_fusion - main_auto_fusion.py - Moving image transation: {'x': 1.399287423977296, 'y': 1.7856507805908197, 'z': -2.5795911928952884}
2026-03-09 09:33:48,574 - INFO - auto_fusion - main_auto_fusion.py - Creating registration for moving image named MR_for_CK...
2026-03-09 09:33:49,708 - INFO - auto_fusion - main_auto_fusion.py - Initial Alignment: {'YawDegrees': 0, 'PitchDegrees': 0, 'RollDegrees': 0, 'Translation': {'x': 1.399287423977296, 'y': 1.7856507805908197, 'z': -2.5795911928952884}, 'RotationCenter': {'x': 0, 'y': 0, 'z': 0}}
2026-03-09 10:29:14,766 - INFO - auto_fusion - AutoFusion.py - 

===== Running AutoFusion =====
2026-03-09 10:29:14,839 - INFO - auto_fusion - AutoFusion.py - Patient_ID: 15351578 || CaseName: Case 2
2026-03-09 10:29:14,843 - INFO - auto_fusion - AutoFusion.py - Current Windows User: NYUMC\DIBARD04
2026-03-09 10:29:14,938 - INFO - auto_fusion - main_auto_fusion.py - AutoFusion initialized...
2026-03-09 10:29:15,127 - INFO - auto_fusion - main_auto_fusion.py - Assigned target roi name to GTVp
2026-03-09 10:29:15,128 - INFO - auto_fusion - main_auto_fusion.py - Fusion popup window step skipped.
2026-03-09 10:29:15,276 - INFO - auto_fusion - main_auto_fusion.py - Target center of ROI target GTVp is: {'x': -0.16295966641714144, 'y': -3.8110240731683573, 'z': -4.566771022710894}
2026-03-09 10:29:15,307 - INFO - auto_fusion - main_auto_fusion.py - Creating fusion box...
2026-03-09 10:29:15,435 - INFO - auto_fusion - main_auto_fusion.py - Current moving image name: MR 1
2026-03-09 10:29:15,467 - INFO - auto_fusion - main_auto_fusion.py - Fixed Bounding Box: [{'x': -34.6675781, 'y': -34.6675781, 'z': -26.839999999999996}, {'x': 34.5323963, 'y': 34.5323963, 'z': 22.285000000000004}]
2026-03-09 10:29:15,467 - INFO - auto_fusion - main_auto_fusion.py - Moving Bounding Box: [{'x': -12.153381000127073, 'y': -9.474141000000248, 'z': -1.7978200000000002}, {'x': 13.846491000000249, 'y': 16.525731000127074, 'z': 9.90218}]
2026-03-09 10:29:15,467 - INFO - auto_fusion - main_auto_fusion.py - Moving image transation: {'x': -1.0771055663537283, 'y': -7.404409973231769, 'z': -10.89645102271089}
2026-03-09 10:29:15,467 - INFO - auto_fusion - main_auto_fusion.py - Creating registration for moving image named MR 1...
2026-03-09 10:29:16,745 - INFO - auto_fusion - main_auto_fusion.py - Initial Alignment: {'YawDegrees': 0, 'PitchDegrees': 0, 'RollDegrees': 0, 'Translation': {'x': -1.0771055663537283, 'y': -7.404409973231769, 'z': -10.89645102271089}, 'RotationCenter': {'x': 0, 'y': 0, 'z': 0}}
2026-03-09 10:29:39,232 - INFO - auto_fusion - AutoFusion.py - 

===== Finished AutoFusion =====


2026-03-09 11:33:26,754 - INFO - auto_fusion - AutoFusion.py - 

===== Running AutoFusion =====
2026-03-09 11:33:26,819 - INFO - auto_fusion - AutoFusion.py - Patient_ID: 16376774 || CaseName: Case 1
2026-03-09 11:33:26,824 - INFO - auto_fusion - AutoFusion.py - Current Windows User: NYUMC\MACMEW01
2026-03-09 11:33:26,908 - INFO - auto_fusion - main_auto_fusion.py - AutoFusion initialized...
2026-03-09 11:33:27,143 - INFO - auto_fusion - main_auto_fusion.py - Assigned target roi name to GTVp
2026-03-09 11:33:27,144 - INFO - auto_fusion - main_auto_fusion.py - Fusion popup window step skipped.
2026-03-09 11:33:27,286 - INFO - auto_fusion - main_auto_fusion.py - Target center of ROI target GTVp is: {'x': -0.6580487057242875, 'y': -4.4275936030551595, 'z': 2.633299999948895}
2026-03-09 11:33:27,304 - INFO - auto_fusion - main_auto_fusion.py - Creating fusion box...
2026-03-09 11:33:27,453 - INFO - auto_fusion - main_auto_fusion.py - Current moving image name: MR 1
2026-03-09 11:33:27,489 - INFO - auto_fusion - main_auto_fusion.py - Fixed Bounding Box: [{'x': -31.2609375, 'y': -31.2609375, 'z': -27.9015}, {'x': 31.139062499999998, 'y': 31.139062499999998, 'z': 26.3485}]
2026-03-09 11:33:27,490 - INFO - auto_fusion - main_auto_fusion.py - Moving Bounding Box: [{'x': -10.605200862884441, 'y': -13.354598426818441, 'z': 0.6364738464355469}, {'x': 14.9948004722594, 'y': 12.2454029083254, 'z': 15.336474609375}]
2026-03-09 11:33:27,490 - INFO - auto_fusion - main_auto_fusion.py - Moving image transation: {'x': -2.913786010411768, 'y': -3.93393334380864, 'z': -6.129674227956377}
2026-03-09 11:33:27,490 - INFO - auto_fusion - main_auto_fusion.py - Creating registration for moving image named MR 1...
2026-03-09 11:33:28,491 - INFO - auto_fusion - main_auto_fusion.py - Initial Alignment: {'YawDegrees': 0, 'PitchDegrees': 0, 'RollDegrees': 0, 'Translation': {'x': -2.913786010411768, 'y': -3.93393334380864, 'z': -6.129674227956377}, 'RotationCenter': {'x': 0, 'y': 0, 'z': 0}}
2026-03-09 11:34:13,391 - INFO - auto_fusion - AutoFusion.py - 

===== Finished AutoFusion =====


2026-03-09 13:05:38,025 - INFO - auto_fusion - AutoFusion.py - 

===== Running AutoFusion =====
2026-03-09 13:05:38,128 - INFO - auto_fusion - AutoFusion.py - Patient_ID: 17789735 || CaseName: Case 1
2026-03-09 13:05:38,132 - INFO - auto_fusion - AutoFusion.py - Current Windows User: NYUMC\CHANG05
2026-03-09 13:05:38,230 - INFO - auto_fusion - main_auto_fusion.py - AutoFusion initialized...
2026-03-09 13:05:38,426 - INFO - auto_fusion - main_auto_fusion.py - Assigned target roi name to GTVp
2026-03-09 13:05:38,427 - INFO - auto_fusion - main_auto_fusion.py - Fusion popup window step skipped.
2026-03-09 13:05:38,578 - INFO - auto_fusion - main_auto_fusion.py - Target center of ROI target GTVp is: {'x': 0.8240514723600322, 'y': -2.4116062155703064, 'z': -1.750857539764009}
2026-03-09 13:05:38,609 - INFO - auto_fusion - main_auto_fusion.py - Creating fusion box...
2026-03-09 13:05:38,767 - INFO - auto_fusion - main_auto_fusion.py - Current moving image name: MR 1
2026-03-09 13:05:38,795 - INFO - auto_fusion - main_auto_fusion.py - Fixed Bounding Box: [{'x': -25.700097649999996, 'y': -25.700097649999996, 'z': -27.794}, {'x': 25.59989595000001, 'y': 25.59989595000001, 'z': 25.206}]
2026-03-09 13:05:38,795 - INFO - auto_fusion - main_auto_fusion.py - Moving Bounding Box: [{'x': -12.498990631103442, 'y': -16.42072935104344, 'z': -4.5939880371093}, {'x': 13.101010704040398, 'y': 9.1792719841004, 'z': 10.106011962890598}]
2026-03-09 13:05:38,795 - INFO - auto_fusion - main_auto_fusion.py - Moving image transation: {'x': 0.47294058589156174, 'y': 1.1590216179012218, 'z': -5.800869502654658}
2026-03-09 13:05:38,795 - INFO - auto_fusion - main_auto_fusion.py - Creating registration for moving image named MR 1...
2026-03-09 13:05:40,933 - INFO - auto_fusion - main_auto_fusion.py - Initial Alignment: {'YawDegrees': 0, 'PitchDegrees': 0, 'RollDegrees': 0, 'Translation': {'x': 0.47294058589156174, 'y': 1.1590216179012218, 'z': -5.800869502654658}, 'RotationCenter': {'x': 0, 'y': 0, 'z': 0}}
2026-03-09 13:05:55,188 - INFO - auto_fusion - AutoFusion.py - 

===== Finished AutoFusion =====


2026-03-10 08:11:37,296 - INFO - auto_fusion - AutoFusion.py - 

===== Running AutoFusion =====
2026-03-10 08:11:37,360 - INFO - auto_fusion - AutoFusion.py - Patient_ID: 11520569 || CaseName: Case 1
2026-03-10 08:11:37,364 - INFO - auto_fusion - AutoFusion.py - Current Windows User: NYUMC\ANDREN05
2026-03-10 08:11:37,447 - INFO - auto_fusion - main_auto_fusion.py - AutoFusion initialized...
2026-03-10 08:11:37,626 - INFO - auto_fusion - main_auto_fusion.py - Assigned target roi name to GTVp
2026-03-10 08:11:37,627 - INFO - auto_fusion - main_auto_fusion.py - Fusion popup window step skipped.
2026-03-10 08:11:37,781 - INFO - auto_fusion - main_auto_fusion.py - Target center of ROI target GTVp is: {'x': 0.20517478694296434, 'y': 0.20521328566481453, 'z': 0.11935954235812458}
2026-03-10 08:11:37,800 - INFO - auto_fusion - main_auto_fusion.py - Creating fusion box...
2026-03-10 08:11:37,924 - INFO - auto_fusion - main_auto_fusion.py - Current moving image name: MR_for_CK
2026-03-10 08:11:37,961 - INFO - auto_fusion - main_auto_fusion.py - Fixed Bounding Box: [{'x': -36.871875, 'y': -36.871875, 'z': -25.764499999999998}, {'x': 36.72812499999999, 'y': 36.72812499999999, 'z': 27.110500000000002}]
2026-03-10 08:11:37,962 - INFO - auto_fusion - main_auto_fusion.py - Moving Bounding Box: [{'x': -12.679350411891441, 'y': -16.150188350677443, 'z': -5.495792388916}, {'x': 12.9206509232524, 'y': 9.449812984466398, 'z': 9.20420761108398}]
2026-03-10 08:11:37,962 - INFO - auto_fusion - main_auto_fusion.py - Moving image transation: {'x': 0.012649531262479724, 'y': 3.4835259687703313, 'z': -1.0618480687258638}
2026-03-10 08:11:37,962 - INFO - auto_fusion - main_auto_fusion.py - Creating registration for moving image named MR_for_CK...
2026-03-10 08:11:38,933 - INFO - auto_fusion - main_auto_fusion.py - Initial Alignment: {'YawDegrees': 0, 'PitchDegrees': 0, 'RollDegrees': 0, 'Translation': {'x': 0.012649531262479724, 'y': 3.4835259687703313, 'z': -1.0618480687258638}, 'RotationCenter': {'x': 0, 'y': 0, 'z': 0}}
2026-03-10 08:11:53,244 - INFO - auto_fusion - AutoFusion.py - 

===== Finished AutoFusion =====


2026-03-11 09:26:37,244 - INFO - auto_fusion - AutoFusion.py - 

===== Running AutoFusion =====
2026-03-11 09:26:37,347 - INFO - auto_fusion - AutoFusion.py - Patient_ID: 9381591 || CaseName: Case 1
2026-03-11 09:26:37,352 - INFO - auto_fusion - AutoFusion.py - Current Windows User: NYUMC\CHANG05
2026-03-11 09:26:37,418 - INFO - auto_fusion - main_auto_fusion.py - AutoFusion initialized...
2026-03-11 09:26:37,607 - INFO - auto_fusion - main_auto_fusion.py - Assigned target roi name to GTVp
2026-03-11 09:26:37,607 - INFO - auto_fusion - main_auto_fusion.py - Fusion popup window step skipped.
2026-03-11 09:26:37,731 - INFO - auto_fusion - main_auto_fusion.py - Target center of ROI target GTVp is: {'x': 0.6805133388437423, 'y': 1.4664621436258354, 'z': -9.873737333544206}
2026-03-11 09:26:37,760 - INFO - auto_fusion - main_auto_fusion.py - Creating fusion box...
2026-03-11 09:26:37,868 - INFO - auto_fusion - main_auto_fusion.py - Current moving image name: MR 1
2026-03-11 09:26:37,899 - INFO - auto_fusion - main_auto_fusion.py - Fixed Bounding Box: [{'x': -25.0488281, 'y': -25.0488281, 'z': -27.275}, {'x': 24.951146299999998, 'y': 24.951146299999998, 'z': 18.225}]
2026-03-11 09:26:37,899 - INFO - auto_fusion - main_auto_fusion.py - Moving Bounding Box: [{'x': -13.220433759688442, 'y': -15.518926525115441, 'z': -3.7823650360107}, {'x': 12.379567575455399, 'y': 10.0810748100284, 'z': 10.917634582519499}]
2026-03-11 09:26:37,899 - INFO - auto_fusion - main_auto_fusion.py - Moving image transation: {'x': 1.052105530960262, 'y': 4.136547101169355, 'z': -17.966372106798605}
2026-03-11 09:26:37,899 - INFO - auto_fusion - main_auto_fusion.py - Creating registration for moving image named MR 1...
2026-03-11 09:26:38,779 - INFO - auto_fusion - main_auto_fusion.py - Initial Alignment: {'YawDegrees': 0, 'PitchDegrees': 0, 'RollDegrees': 0, 'Translation': {'x': 1.052105530960262, 'y': 4.136547101169355, 'z': -17.966372106798605}, 'RotationCenter': {'x': 0, 'y': 0, 'z': 0}}
2026-03-11 09:27:43,395 - INFO - auto_fusion - AutoFusion.py - 

===== Finished AutoFusion =====


2026-03-11 09:41:44,144 - INFO - auto_fusion - AutoFusion.py - 

===== Running AutoFusion =====
2026-03-11 09:41:44,209 - INFO - auto_fusion - AutoFusion.py - Patient_ID: 9381591 || CaseName: Case 1
2026-03-11 09:41:44,213 - INFO - auto_fusion - AutoFusion.py - Current Windows User: NYUMC\CHANG05
2026-03-11 09:41:44,277 - INFO - auto_fusion - main_auto_fusion.py - AutoFusion initialized...
2026-03-11 09:41:44,466 - INFO - auto_fusion - main_auto_fusion.py - Assigned target roi name to GTVp
2026-03-11 09:41:44,466 - INFO - auto_fusion - main_auto_fusion.py - Fusion popup window step skipped.
2026-03-11 09:41:44,583 - INFO - auto_fusion - main_auto_fusion.py - Target center of ROI target GTVp is: {'x': 0.6805133388437423, 'y': 1.4664621436258354, 'z': -9.873737333544206}
2026-03-11 09:41:44,598 - INFO - auto_fusion - main_auto_fusion.py - Creating fusion box...
2026-03-11 09:41:44,712 - INFO - auto_fusion - main_auto_fusion.py - Current moving image name: MR 1
2026-03-11 09:41:44,740 - INFO - auto_fusion - main_auto_fusion.py - Fixed Bounding Box: [{'x': -25.0488281, 'y': -25.0488281, 'z': -27.275}, {'x': 24.951146299999998, 'y': 24.951146299999998, 'z': 18.225}]
2026-03-11 09:41:44,741 - INFO - auto_fusion - main_auto_fusion.py - Moving Bounding Box: [{'x': -13.220433759688442, 'y': -15.518926525115441, 'z': -3.7823650360107}, {'x': 12.379567575455399, 'y': 10.0810748100284, 'z': 10.917634582519499}]
2026-03-11 09:41:44,741 - INFO - auto_fusion - main_auto_fusion.py - Moving image transation: {'x': 1.052105530960262, 'y': 4.136547101169355, 'z': -17.966372106798605}
2026-03-11 09:41:44,741 - INFO - auto_fusion - main_auto_fusion.py - Creating registration for moving image named MR 1...
2026-03-11 09:41:51,207 - INFO - auto_fusion - main_auto_fusion.py - Initial Alignment: {'YawDegrees': 0, 'PitchDegrees': 0, 'RollDegrees': 0, 'Translation': {'x': 1.052105530960262, 'y': 4.136547101169355, 'z': -17.966372106798605}, 'RotationCenter': {'x': 0, 'y': 0, 'z': 0}}
2026-03-11 11:39:31,665 - INFO - auto_fusion - AutoFusion.py - 

===== Running AutoFusion =====
2026-03-11 11:39:31,756 - INFO - auto_fusion - AutoFusion.py - Patient_ID: 11355094 || CaseName: Case 1
2026-03-11 11:39:31,761 - INFO - auto_fusion - AutoFusion.py - Current Windows User: NYUMC\WESTJ05
2026-03-11 11:39:31,843 - INFO - auto_fusion - main_auto_fusion.py - AutoFusion initialized...
2026-03-11 11:39:32,093 - INFO - auto_fusion - main_auto_fusion.py - Assigned target roi name to GTVp
2026-03-11 11:39:32,094 - INFO - auto_fusion - main_auto_fusion.py - Fusion popup window step skipped.
2026-03-11 11:39:32,254 - INFO - auto_fusion - main_auto_fusion.py - Target center of ROI target GTVp is: {'x': 1.0654931458483583, 'y': 1.1692570466264292, 'z': -10.799206565170486}
2026-03-11 11:39:32,280 - INFO - auto_fusion - main_auto_fusion.py - Creating fusion box...
2026-03-11 11:39:32,424 - INFO - auto_fusion - main_auto_fusion.py - Current moving image name: MR_for_CK
2026-03-11 11:39:32,483 - INFO - auto_fusion - main_auto_fusion.py - Fixed Bounding Box: [{'x': -40.078125, 'y': -40.078125, 'z': -28.675}, {'x': 39.921875, 'y': 39.921875, 'z': 21.45}]
2026-03-11 11:39:32,483 - INFO - auto_fusion - main_auto_fusion.py - Moving Bounding Box: [{'x': -12.358681000127074, 'y': -9.91872100000025, 'z': -1.9153099999999998}, {'x': 13.641191000000248, 'y': 16.081151000127072, 'z': 9.78469}]
2026-03-11 11:39:32,483 - INFO - auto_fusion - main_auto_fusion.py - Moving image transation: {'x': 0.34611314591177145, 'y': -1.9900829534369817, 'z': -18.346396565170487}
2026-03-11 11:39:32,484 - INFO - auto_fusion - main_auto_fusion.py - Creating registration for moving image named MR_for_CK...
2026-03-11 11:39:33,525 - INFO - auto_fusion - main_auto_fusion.py - Initial Alignment: {'YawDegrees': 0, 'PitchDegrees': 0, 'RollDegrees': 0, 'Translation': {'x': 0.34611314591177145, 'y': -1.9900829534369817, 'z': -18.346396565170487}, 'RotationCenter': {'x': 0, 'y': 0, 'z': 0}}
2026-03-11 11:40:17,256 - INFO - auto_fusion - AutoFusion.py - 

===== Finished AutoFusion =====


2026-03-11 12:35:38,341 - INFO - auto_fusion - AutoFusion.py - 

===== Running AutoFusion =====
2026-03-11 12:35:38,431 - INFO - auto_fusion - AutoFusion.py - Patient_ID: 9910143 || CaseName: Case 1
2026-03-11 12:35:38,435 - INFO - auto_fusion - AutoFusion.py - Current Windows User: NYUMC\CHANG05
2026-03-11 12:35:38,502 - INFO - auto_fusion - main_auto_fusion.py - AutoFusion initialized...
2026-03-11 12:35:38,711 - INFO - auto_fusion - main_auto_fusion.py - Assigned target roi name to GTVp
2026-03-11 12:35:38,712 - INFO - auto_fusion - main_auto_fusion.py - Fusion popup window step skipped.
2026-03-11 12:35:38,833 - INFO - auto_fusion - main_auto_fusion.py - Target center of ROI target GTVp is: {'x': 0.03430527339732457, 'y': -0.4348119093435623, 'z': 0.922741296854853}
2026-03-11 12:35:38,859 - INFO - auto_fusion - main_auto_fusion.py - Creating fusion box...
2026-03-11 12:35:38,968 - INFO - auto_fusion - main_auto_fusion.py - Current moving image name: MR 1
2026-03-11 12:35:39,000 - INFO - auto_fusion - main_auto_fusion.py - Fixed Bounding Box: [{'x': -40.078125, 'y': -40.078125, 'z': -20.225}, {'x': 39.921875, 'y': 39.921875, 'z': 34.65}]
2026-03-11 12:35:39,000 - INFO - auto_fusion - main_auto_fusion.py - Moving Bounding Box: [{'x': -11.819881000127074, 'y': -10.191881000000249, 'z': -7.718850000000001}, {'x': 14.179991000000248, 'y': 15.807991000127073, 'z': 3.9811499999999986}]
2026-03-11 12:35:39,001 - INFO - auto_fusion - main_auto_fusion.py - Moving image transation: {'x': -1.2238747265392624, 'y': -3.320991909406974, 'z': 10.004091296854853}
2026-03-11 12:35:39,001 - INFO - auto_fusion - main_auto_fusion.py - Creating registration for moving image named MR 1...
2026-03-11 12:35:39,920 - INFO - auto_fusion - main_auto_fusion.py - Initial Alignment: {'YawDegrees': 0, 'PitchDegrees': 0, 'RollDegrees': 0, 'Translation': {'x': -1.2238747265392624, 'y': -3.320991909406974, 'z': 10.004091296854853}, 'RotationCenter': {'x': 0, 'y': 0, 'z': 0}}
2026-03-11 12:36:16,014 - INFO - auto_fusion - AutoFusion.py - 

===== Finished AutoFusion =====


2026-03-11 13:35:14,897 - INFO - auto_fusion - AutoFusion.py - 

===== Running AutoFusion =====
2026-03-11 13:35:15,038 - INFO - auto_fusion - AutoFusion.py - Patient_ID: 1058517 || CaseName: Case 2
2026-03-11 13:35:15,042 - INFO - auto_fusion - AutoFusion.py - Current Windows User: NYUMC\DIBARD04
2026-03-11 13:35:15,149 - INFO - auto_fusion - main_auto_fusion.py - AutoFusion initialized...
2026-03-11 13:35:15,338 - INFO - auto_fusion - main_auto_fusion.py - Assigned target roi name to GTVp
2026-03-11 13:35:15,339 - INFO - auto_fusion - main_auto_fusion.py - Fusion popup window step skipped.
2026-03-11 13:35:15,483 - INFO - auto_fusion - main_auto_fusion.py - Target center of ROI target GTVp is: {'x': -2.5125663110739795, 'y': -3.0268702550132613, 'z': -12.783793988271963}
2026-03-11 13:35:15,510 - INFO - auto_fusion - main_auto_fusion.py - Creating fusion box...
2026-03-11 13:35:15,737 - INFO - auto_fusion - main_auto_fusion.py - Current moving image name: MR 1
2026-03-11 13:35:15,772 - INFO - auto_fusion - main_auto_fusion.py - Fixed Bounding Box: [{'x': -40.078125, 'y': -40.078125, 'z': -30.15}, {'x': 39.921875, 'y': 39.921875, 'z': 21.475}]
2026-03-11 13:35:15,773 - INFO - auto_fusion - main_auto_fusion.py - Moving Bounding Box: [{'x': -11.777546119689442, 'y': -13.895679092406443, 'z': -5.1350715637207}, {'x': 13.822455215454399, 'y': 11.704322242737398, 'z': 9.564928436279299}]
2026-03-11 13:35:15,773 - INFO - auto_fusion - main_auto_fusion.py - Moving image transation: {'x': -3.6131458589564582, 'y': -2.0093168301787387, 'z': -19.33622242455126}
2026-03-11 13:35:15,773 - INFO - auto_fusion - main_auto_fusion.py - Creating registration for moving image named MR 1...
2026-03-11 13:35:17,055 - INFO - auto_fusion - main_auto_fusion.py - Initial Alignment: {'YawDegrees': 0, 'PitchDegrees': 0, 'RollDegrees': 0, 'Translation': {'x': -3.6131458589564582, 'y': -2.0093168301787387, 'z': -19.33622242455126}, 'RotationCenter': {'x': 0, 'y': 0, 'z': 0}}
2026-03-11 13:36:51,594 - INFO - auto_fusion - AutoFusion.py - 

===== Finished AutoFusion =====


2026-03-12 10:06:42,780 - INFO - auto_fusion - AutoFusion.py - 

===== Running AutoFusion =====
2026-03-12 10:06:42,868 - INFO - auto_fusion - AutoFusion.py - Patient_ID: 17810287 || CaseName: Case 1
2026-03-12 10:06:42,873 - INFO - auto_fusion - AutoFusion.py - Current Windows User: NYUMC\DIBARD04
2026-03-12 10:06:42,900 - INFO - auto_fusion - main_auto_fusion.py - AutoFusion initialized...
2026-03-12 10:06:57,547 - INFO - auto_fusion - main_auto_fusion.py - Fusion Popup Selected Values: {'ReferenceImageName': 'RECTUM', 'FusingImageName': ['MR 1'], 'TargetName': 'Prostate', 'RegistrtaionType': 'Frame of Reference'}
2026-03-12 10:06:57,598 - INFO - auto_fusion - main_auto_fusion.py - Running DSL model...
2026-03-12 10:07:16,195 - INFO - auto_fusion - main_auto_fusion.py - Target center of ROI target Prostate is: {'x': -0.3806720470873364, 'y': -0.1539399265598508, 'z': -8.55237800736126}
2026-03-12 10:07:16,220 - INFO - auto_fusion - main_auto_fusion.py - Creating fusion box...
2026-03-12 10:07:16,325 - INFO - auto_fusion - main_auto_fusion.py - Current moving image name: MR 1
2026-03-12 10:07:16,356 - INFO - auto_fusion - main_auto_fusion.py - Fixed Bounding Box: [{'x': -32.563476550000004, 'y': -32.563476550000004, 'z': -32.25}, {'x': 32.43651064999999, 'y': 32.43651064999999, 'z': 23.75}]
2026-03-12 10:07:16,356 - INFO - auto_fusion - main_auto_fusion.py - Moving Bounding Box: [{'x': -9.34814486018243, 'y': -3.824305, 'z': -6.986176709396465}, {'x': 8.711709589416262, 'y': 14.175695000000001, 'z': 12.509207304359538}]
2026-03-12 10:07:16,356 - INFO - auto_fusion - main_auto_fusion.py - Moving image transation: {'x': -0.12593736170426073, 'y': -5.393117876559859, 'z': -15.563893304842797}
2026-03-12 10:07:16,357 - INFO - auto_fusion - main_auto_fusion.py - Creating registration for moving image named MR 1...
2026-03-12 10:07:17,043 - INFO - auto_fusion - main_auto_fusion.py - Initial Alignment: {'YawDegrees': 180, 'PitchDegrees': 0, 'RollDegrees': 0, 'Translation': {'x': -0.12593736170426073, 'y': -5.393117876559859, 'z': -15.563893304842797}, 'RotationCenter': {'x': 0, 'y': 0, 'z': 0}}
2026-03-12 10:07:44,147 - INFO - auto_fusion - AutoFusion.py - 

===== Finished AutoFusion =====


2026-03-13 12:54:55,982 - INFO - auto_fusion - AutoFusion.py - 

===== Running AutoFusion =====
2026-03-13 12:54:56,049 - INFO - auto_fusion - AutoFusion.py - Patient_ID: 17767523 || CaseName: Case 1
2026-03-13 12:54:56,053 - INFO - auto_fusion - AutoFusion.py - Current Windows User: NYUMC\MACMEW01
2026-03-13 12:54:56,131 - INFO - auto_fusion - main_auto_fusion.py - AutoFusion initialized...
2026-03-13 12:54:56,299 - INFO - auto_fusion - main_auto_fusion.py - Assigned target roi name to GTVp
2026-03-13 12:54:56,299 - INFO - auto_fusion - main_auto_fusion.py - Fusion popup window step skipped.
2026-03-13 12:54:56,446 - INFO - auto_fusion - main_auto_fusion.py - Target center of ROI target GTVp is: {'x': 0.9508161957875023, 'y': 0.17778609281785573, 'z': -11.091851542882798}
2026-03-13 12:54:56,479 - INFO - auto_fusion - main_auto_fusion.py - Creating fusion box...
2026-03-13 12:54:56,599 - INFO - auto_fusion - main_auto_fusion.py - Current moving image name: MR 1
2026-03-13 12:54:56,630 - INFO - auto_fusion - main_auto_fusion.py - Fixed Bounding Box: [{'x': -40.078125, 'y': -40.078125, 'z': -32.0205}, {'x': 39.921875, 'y': 39.921875, 'z': 19.9795}]
2026-03-13 12:54:56,630 - INFO - auto_fusion - main_auto_fusion.py - Moving Bounding Box: [{'x': -14.302597808837442, 'y': -12.99387615919044, 'z': -3.15110206604}, {'x': 11.297403526306399, 'y': 12.6061251759534, 'z': 11.548898315429701}]
2026-03-13 12:54:56,630 - INFO - auto_fusion - main_auto_fusion.py - Moving image transation: {'x': 2.375288337053024, 'y': 0.2935365844363761, 'z': -21.31124966757765}
2026-03-13 12:54:56,630 - INFO - auto_fusion - main_auto_fusion.py - Creating registration for moving image named MR 1...
2026-03-13 12:54:57,554 - INFO - auto_fusion - main_auto_fusion.py - Initial Alignment: {'YawDegrees': 0, 'PitchDegrees': 0, 'RollDegrees': 0, 'Translation': {'x': 2.375288337053024, 'y': 0.2935365844363761, 'z': -21.31124966757765}, 'RotationCenter': {'x': 0, 'y': 0, 'z': 0}}
2026-03-16 09:42:54,248 - INFO - auto_fusion - AutoFusion.py - 

===== Running AutoFusion =====
2026-03-16 09:42:54,326 - INFO - auto_fusion - AutoFusion.py - Patient_ID: 11221894 || CaseName: Case 1
2026-03-16 09:42:54,332 - INFO - auto_fusion - AutoFusion.py - Current Windows User: NYUMC\WESTJ05
2026-03-16 09:42:54,493 - INFO - auto_fusion - main_auto_fusion.py - AutoFusion initialized...
2026-03-16 09:42:55,022 - INFO - auto_fusion - main_auto_fusion.py - Assigned target roi name to GTVp
2026-03-16 09:42:55,023 - INFO - auto_fusion - main_auto_fusion.py - Fusion popup window step skipped.
2026-03-16 09:42:55,241 - INFO - auto_fusion - main_auto_fusion.py - Target center of ROI target GTVp is: {'x': 0.24167911406607104, 'y': -1.585416351465015, 'z': -3.714783633363007}
2026-03-16 09:42:55,271 - INFO - auto_fusion - main_auto_fusion.py - Creating fusion box...
2026-03-16 09:42:55,544 - INFO - auto_fusion - main_auto_fusion.py - Current moving image name: MR_for_CK
2026-03-16 09:42:55,708 - INFO - auto_fusion - main_auto_fusion.py - Fixed Bounding Box: [{'x': -32.01240235, 'y': -32.01240235, 'z': -26.5}, {'x': 31.887604049999993, 'y': 31.887604049999993, 'z': 26.25}]
2026-03-16 09:42:55,708 - INFO - auto_fusion - main_auto_fusion.py - Moving Bounding Box: [{'x': -12.498990631103442, 'y': -14.88766317367544, 'z': -4.4136268615722}, {'x': 13.101010704040398, 'y': 10.7123381614684, 'z': 10.286373138427699}]
2026-03-16 09:42:55,708 - INFO - auto_fusion - main_auto_fusion.py - Moving image transation: {'x': -0.12173007240241127, 'y': 0.43984700463850035, 'z': -6.776156771790757}
2026-03-16 09:42:55,708 - INFO - auto_fusion - main_auto_fusion.py - Creating registration for moving image named MR_for_CK...
2026-03-16 09:42:57,219 - INFO - auto_fusion - main_auto_fusion.py - Initial Alignment: {'YawDegrees': 0, 'PitchDegrees': 0, 'RollDegrees': 0, 'Translation': {'x': -0.12173007240241127, 'y': 0.43984700463850035, 'z': -6.776156771790757}, 'RotationCenter': {'x': 0, 'y': 0, 'z': 0}}
2026-03-16 09:43:36,743 - INFO - auto_fusion - AutoFusion.py - 

===== Finished AutoFusion =====


2026-03-16 13:36:50,467 - INFO - auto_fusion - AutoFusion.py - 

===== Running AutoFusion =====
2026-03-16 13:36:50,532 - INFO - auto_fusion - AutoFusion.py - Patient_ID: 16435196 || CaseName: Case 1
2026-03-16 13:36:50,535 - INFO - auto_fusion - AutoFusion.py - Current Windows User: NYUMC\WESTJ05
2026-03-16 13:36:50,616 - INFO - auto_fusion - main_auto_fusion.py - AutoFusion initialized...
2026-03-16 13:36:51,108 - INFO - auto_fusion - main_auto_fusion.py - Assigned target roi name to GTVp
2026-03-16 13:36:51,108 - INFO - auto_fusion - main_auto_fusion.py - Fusion popup window step skipped.
2026-03-16 13:36:51,272 - INFO - auto_fusion - main_auto_fusion.py - Target center of ROI target GTVp is: {'x': 0.4571810151916889, 'y': -0.05524240395507635, 'z': -13.73750543005612}
2026-03-16 13:36:51,287 - INFO - auto_fusion - main_auto_fusion.py - Creating fusion box...
2026-03-16 13:36:51,548 - INFO - auto_fusion - main_auto_fusion.py - Current moving image name: MR_for_CK
2026-03-16 13:36:51,713 - INFO - auto_fusion - main_auto_fusion.py - Fixed Bounding Box: [{'x': -27.954492199999997, 'y': -27.954492199999997, 'z': -39.126}, {'x': 27.845520600000008, 'y': 27.845520600000008, 'z': 16.249000000000002}]
2026-03-16 13:36:51,713 - INFO - auto_fusion - main_auto_fusion.py - Moving Bounding Box: [{'x': -13.040072655677443, 'y': -13.715318012237441, 'z': -6.3975940704345}, {'x': 12.559928679466397, 'y': 11.8846833229064, 'z': 8.30240631103516}]
2026-03-16 13:36:51,714 - INFO - auto_fusion - main_auto_fusion.py - Moving image transation: {'x': 0.6427672032972171, 'y': 0.8055891407104498, 'z': -26.128411550356446}
2026-03-16 13:36:51,714 - INFO - auto_fusion - main_auto_fusion.py - Creating registration for moving image named MR_for_CK...
2026-03-16 13:36:53,841 - INFO - auto_fusion - main_auto_fusion.py - Initial Alignment: {'YawDegrees': 0, 'PitchDegrees': 0, 'RollDegrees': 0, 'Translation': {'x': 0.6427672032972171, 'y': 0.8055891407104498, 'z': -26.128411550356446}, 'RotationCenter': {'x': 0, 'y': 0, 'z': 0}}
2026-03-16 13:38:13,864 - INFO - auto_fusion - AutoFusion.py - 

===== Finished AutoFusion =====


2026-03-16 16:31:49,609 - INFO - auto_fusion - AutoFusion.py - 

===== Running AutoFusion =====
2026-03-16 16:31:49,678 - INFO - auto_fusion - AutoFusion.py - Patient_ID: 11206374 || CaseName: Case 1
2026-03-16 16:31:49,683 - INFO - auto_fusion - AutoFusion.py - Current Windows User: NYUMC\MACMEW01
2026-03-16 16:31:49,744 - INFO - auto_fusion - main_auto_fusion.py - AutoFusion initialized...
2026-03-16 16:31:49,998 - INFO - auto_fusion - main_auto_fusion.py - Assigned target roi name to GTVp
2026-03-16 16:31:49,998 - INFO - auto_fusion - main_auto_fusion.py - Fusion popup window step skipped.
2026-03-16 16:31:50,134 - INFO - auto_fusion - main_auto_fusion.py - Target center of ROI target GTVp is: {'x': 1.3372169226717343, 'y': 0.7765593323859588, 'z': -4.8805568085768956}
2026-03-16 16:31:50,169 - INFO - auto_fusion - main_auto_fusion.py - Creating fusion box...
2026-03-16 16:31:50,316 - INFO - auto_fusion - main_auto_fusion.py - Current moving image name: MR 1
2026-03-16 16:31:50,379 - INFO - auto_fusion - main_auto_fusion.py - Fixed Bounding Box: [{'x': -30.709863300000002, 'y': -30.709863300000002, 'z': -26.5}, {'x': 30.590155899999992, 'y': 30.590155899999992, 'z': 22.5}]
2026-03-16 16:31:50,379 - INFO - auto_fusion - main_auto_fusion.py - Moving Bounding Box: [{'x': -10.492981000127074, 'y': -10.52078100000025, 'z': -10.4999}, {'x': 15.506891000000248, 'y': 15.479091000127072, 'z': 1.200149999999999}]
2026-03-16 16:31:50,379 - INFO - auto_fusion - main_auto_fusion.py - Moving image transation: {'x': -1.229591777264858, 'y': -1.7624493676774573, 'z': -2.230681808576895}
2026-03-16 16:31:50,379 - INFO - auto_fusion - main_auto_fusion.py - Creating registration for moving image named MR 1...
2026-03-16 16:31:51,428 - INFO - auto_fusion - main_auto_fusion.py - Initial Alignment: {'YawDegrees': 0, 'PitchDegrees': 0, 'RollDegrees': 0, 'Translation': {'x': -1.229591777264858, 'y': -1.7624493676774573, 'z': -2.230681808576895}, 'RotationCenter': {'x': 0, 'y': 0, 'z': 0}}
2026-03-16 16:32:04,552 - INFO - auto_fusion - AutoFusion.py - 

===== Finished AutoFusion =====


2026-03-17 10:50:23,338 - INFO - auto_fusion - AutoFusion.py - 

===== Running AutoFusion =====
2026-03-17 10:50:23,403 - INFO - auto_fusion - AutoFusion.py - Patient_ID: 9867870 || CaseName: Case 2
2026-03-17 10:50:23,407 - INFO - auto_fusion - AutoFusion.py - Current Windows User: NYUMC\MACMEW01
2026-03-17 10:50:23,487 - INFO - auto_fusion - main_auto_fusion.py - AutoFusion initialized...
2026-03-17 10:50:23,682 - INFO - auto_fusion - main_auto_fusion.py - Assigned target roi name to GTVp
2026-03-17 10:50:23,682 - INFO - auto_fusion - main_auto_fusion.py - Fusion popup window step skipped.
2026-03-17 10:50:23,824 - INFO - auto_fusion - main_auto_fusion.py - Target center of ROI target GTVp is: {'x': -0.7663967517093767, 'y': 2.97188448772676, 'z': -5.0050696229151574}
2026-03-17 10:50:23,844 - INFO - auto_fusion - main_auto_fusion.py - Creating fusion box...
2026-03-17 10:50:23,982 - INFO - auto_fusion - main_auto_fusion.py - Current moving image name: MR 1
2026-03-17 10:50:24,022 - INFO - auto_fusion - main_auto_fusion.py - Fixed Bounding Box: [{'x': -32.563476550000004, 'y': -32.563476550000004, 'z': -25.35}, {'x': 32.43651064999999, 'y': 32.43651064999999, 'z': 22.775}]
2026-03-17 10:50:24,022 - INFO - auto_fusion - main_auto_fusion.py - Moving Bounding Box: [{'x': -12.498990631103442, 'y': -14.617122173308442, 'z': -4.9547077178955}, {'x': 13.101010704040398, 'y': 10.982879161835399, 'z': 9.74529266357422}]
2026-03-17 10:50:24,022 - INFO - auto_fusion - main_auto_fusion.py - Moving image transation: {'x': -1.1308897381778626, 'y': 4.725523043463273, 'z': -8.687862095754518}
2026-03-17 10:50:24,022 - INFO - auto_fusion - main_auto_fusion.py - Creating registration for moving image named MR 1...
2026-03-17 10:50:25,334 - INFO - auto_fusion - main_auto_fusion.py - Initial Alignment: {'YawDegrees': 0, 'PitchDegrees': 0, 'RollDegrees': 0, 'Translation': {'x': -1.1308897381778626, 'y': 4.725523043463273, 'z': -8.687862095754518}, 'RotationCenter': {'x': 0, 'y': 0, 'z': 0}}
2026-03-17 10:50:39,536 - INFO - auto_fusion - AutoFusion.py - 

===== Finished AutoFusion =====


2026-03-19 08:32:58,582 - INFO - auto_fusion - AutoFusion.py - 

===== Running AutoFusion =====
2026-03-19 08:32:58,671 - INFO - auto_fusion - AutoFusion.py - Patient_ID: 9877455 || CaseName: Case 1
2026-03-19 08:32:58,674 - INFO - auto_fusion - AutoFusion.py - Current Windows User: NYUMC\DIBARD04
2026-03-19 08:32:58,702 - INFO - auto_fusion - main_auto_fusion.py - AutoFusion initialized...
2026-03-19 08:33:14,452 - INFO - auto_fusion - main_auto_fusion.py - Fusion Popup Selected Values: {'ReferenceImageName': 'PROSTATE', 'FusingImageName': ['MR 1'], 'TargetName': 'Prostate', 'RegistrtaionType': 'Frame of Reference'}
2026-03-19 08:33:14,489 - INFO - auto_fusion - main_auto_fusion.py - Running DSL model...
2026-03-19 08:33:32,467 - INFO - auto_fusion - main_auto_fusion.py - Target center of ROI target Prostate is: {'x': -1.298868429070498, 'y': -2.196081074154744, 'z': -4.252505685150732}
2026-03-19 08:33:32,493 - INFO - auto_fusion - main_auto_fusion.py - Creating fusion box...
2026-03-19 08:33:32,621 - INFO - auto_fusion - main_auto_fusion.py - Current moving image name: MR 1
2026-03-19 08:33:32,808 - INFO - auto_fusion - main_auto_fusion.py - Fixed Bounding Box: [{'x': -32.563476550000004, 'y': -32.563476550000004, 'z': -28.5}, {'x': 32.43651064999999, 'y': 32.43651064999999, 'z': 25.0}]
2026-03-19 08:33:32,808 - INFO - auto_fusion - main_auto_fusion.py - Moving Bounding Box: [{'x': -13.342181000127074, 'y': -9.922701000000249, 'z': -1.97718}, {'x': 12.657691000000248, 'y': 16.077171000127073, 'z': 9.722819999999999}]
2026-03-19 08:33:32,808 - INFO - auto_fusion - main_auto_fusion.py - Moving image transation: {'x': -1.0201063790070934, 'y': -5.336799024218164, 'z': -9.875325685150731}
2026-03-19 08:33:32,808 - INFO - auto_fusion - main_auto_fusion.py - Creating registration for moving image named MR 1...
2026-03-19 08:33:33,347 - INFO - auto_fusion - main_auto_fusion.py - Initial Alignment: {'YawDegrees': 0, 'PitchDegrees': 0, 'RollDegrees': 0, 'Translation': {'x': -1.0201063790070934, 'y': -5.336799024218164, 'z': -9.875325685150731}, 'RotationCenter': {'x': 0, 'y': 0, 'z': 0}}
2026-03-19 08:33:47,025 - INFO - auto_fusion - AutoFusion.py - 

===== Finished AutoFusion =====


2026-03-23 09:11:07,447 - INFO - auto_fusion - AutoFusion.py - 

===== Running AutoFusion =====
2026-03-23 09:11:07,534 - INFO - auto_fusion - AutoFusion.py - Patient_ID: 0569220 || CaseName: Case 1
2026-03-23 09:11:07,539 - INFO - auto_fusion - AutoFusion.py - Current Windows User: NYUMC\DIBARD04
2026-03-23 09:11:07,618 - INFO - auto_fusion - main_auto_fusion.py - AutoFusion initialized...
2026-03-23 09:11:07,799 - INFO - auto_fusion - main_auto_fusion.py - Assigned target roi name to GTVp
2026-03-23 09:11:07,800 - INFO - auto_fusion - main_auto_fusion.py - Fusion popup window step skipped.
2026-03-23 09:11:07,953 - INFO - auto_fusion - main_auto_fusion.py - Target center of ROI target GTVp is: {'x': -1.720953756878113, 'y': -1.699072697031378, 'z': -6.244547613943819}
2026-03-23 09:11:07,982 - INFO - auto_fusion - main_auto_fusion.py - Creating fusion box...
2026-03-23 09:11:08,156 - INFO - auto_fusion - main_auto_fusion.py - Current moving image name: MR 1
2026-03-23 09:11:08,186 - INFO - auto_fusion - main_auto_fusion.py - Fixed Bounding Box: [{'x': -39.3767578, 'y': -39.3767578, 'z': -28.6875}, {'x': 39.2232294, 'y': 39.2232294, 'z': 28.6875}]
2026-03-23 09:11:08,186 - INFO - auto_fusion - main_auto_fusion.py - Moving Bounding Box: [{'x': -14.554981000127075, 'y': -11.99978100000025, 'z': -11.5137}, {'x': 11.444891000000247, 'y': 14.000091000127073, 'z': 0.18629000000000318}]
2026-03-23 09:11:08,186 - INFO - auto_fusion - main_auto_fusion.py - Moving image transation: {'x': -0.24267295681469858, 'y': -2.7759918970947894, 'z': -0.5808426139438208}
2026-03-23 09:11:08,186 - INFO - auto_fusion - main_auto_fusion.py - Creating registration for moving image named MR 1...
2026-03-23 09:11:09,133 - INFO - auto_fusion - main_auto_fusion.py - Initial Alignment: {'YawDegrees': 0, 'PitchDegrees': 0, 'RollDegrees': 0, 'Translation': {'x': -0.24267295681469858, 'y': -2.7759918970947894, 'z': -0.5808426139438208}, 'RotationCenter': {'x': 0, 'y': 0, 'z': 0}}
2026-03-23 09:11:32,485 - INFO - auto_fusion - AutoFusion.py - 

===== Finished AutoFusion =====


2026-03-23 10:15:20,234 - INFO - auto_fusion - AutoFusion.py - 

===== Running AutoFusion =====
2026-03-23 10:15:20,339 - INFO - auto_fusion - AutoFusion.py - Patient_ID: 15073229 || CaseName: Case 2
2026-03-23 10:15:20,344 - INFO - auto_fusion - AutoFusion.py - Current Windows User: NYUMC\MACMEW01
2026-03-23 10:15:20,421 - INFO - auto_fusion - main_auto_fusion.py - AutoFusion initialized...
2026-03-23 10:15:20,593 - INFO - auto_fusion - main_auto_fusion.py - Assigned target roi name to GTVp
2026-03-23 10:15:20,593 - INFO - auto_fusion - main_auto_fusion.py - Fusion popup window step skipped.
2026-03-23 10:15:20,735 - INFO - auto_fusion - main_auto_fusion.py - Target center of ROI target GTVp is: {'x': 1.2805596774350838, 'y': -0.1072993365258162, 'z': -10.709769112999059}
2026-03-23 10:15:20,758 - INFO - auto_fusion - main_auto_fusion.py - Creating fusion box...
2026-03-23 10:15:20,920 - INFO - auto_fusion - main_auto_fusion.py - Current moving image name: MR 1
2026-03-23 10:15:20,948 - INFO - auto_fusion - main_auto_fusion.py - Fixed Bounding Box: [{'x': -40.078125, 'y': -40.078125, 'z': -26.5}, {'x': 39.921875, 'y': 39.921875, 'z': 24.0}]
2026-03-23 10:15:20,948 - INFO - auto_fusion - main_auto_fusion.py - Moving Bounding Box: [{'x': -12.048087167739443, 'y': -14.346582603454442, 'z': -8.1110229492187}, {'x': 13.551914167404398, 'y': 11.253418731689399, 'z': 6.588977050781249}]
2026-03-23 10:15:20,948 - INFO - auto_fusion - main_auto_fusion.py - Moving image transation: {'x': 0.4505211776026061, 'y': 1.3611575993567053, 'z': -11.198746163780333}
2026-03-23 10:15:20,948 - INFO - auto_fusion - main_auto_fusion.py - Creating registration for moving image named MR 1...
2026-03-23 10:15:21,861 - INFO - auto_fusion - main_auto_fusion.py - Initial Alignment: {'YawDegrees': 0, 'PitchDegrees': 0, 'RollDegrees': 0, 'Translation': {'x': 0.4505211776026061, 'y': 1.3611575993567053, 'z': -11.198746163780333}, 'RotationCenter': {'x': 0, 'y': 0, 'z': 0}}
2026-03-23 10:15:36,274 - INFO - auto_fusion - AutoFusion.py - 

===== Finished AutoFusion =====


2026-03-23 10:23:02,617 - INFO - auto_fusion - AutoFusion.py - 

===== Running AutoFusion =====
2026-03-23 10:23:02,719 - INFO - auto_fusion - AutoFusion.py - Patient_ID: 9913715 || CaseName: Case 1
2026-03-23 10:23:02,723 - INFO - auto_fusion - AutoFusion.py - Current Windows User: NYUMC\DIBARD04
2026-03-23 10:23:02,805 - INFO - auto_fusion - main_auto_fusion.py - AutoFusion initialized...
2026-03-23 10:23:02,992 - INFO - auto_fusion - main_auto_fusion.py - Assigned target roi name to GTVp
2026-03-23 10:23:02,992 - INFO - auto_fusion - main_auto_fusion.py - Fusion popup window step skipped.
2026-03-23 10:23:03,158 - INFO - auto_fusion - main_auto_fusion.py - Target center of ROI target GTVp is: {'x': -0.45471130619726263, 'y': -0.86108957776076, 'z': -10.331108489061185}
2026-03-23 10:23:03,191 - INFO - auto_fusion - main_auto_fusion.py - Creating fusion box...
2026-03-23 10:23:03,333 - INFO - auto_fusion - main_auto_fusion.py - Current moving image name: MR 1
2026-03-23 10:23:03,364 - INFO - auto_fusion - main_auto_fusion.py - Fixed Bounding Box: [{'x': -30.409277350000004, 'y': -30.409277350000004, 'z': -27.3495}, {'x': 30.29072904999999, 'y': 30.29072904999999, 'z': 19.2755}]
2026-03-23 10:23:03,364 - INFO - auto_fusion - main_auto_fusion.py - Moving Bounding Box: [{'x': -14.573281000127075, 'y': -10.371281000000248, 'z': -2.84926}, {'x': 11.426591000000247, 'y': 15.628591000127074, 'z': 11.8507}]
2026-03-23 10:23:03,364 - INFO - auto_fusion - main_auto_fusion.py - Moving image transation: {'x': 1.0593595438661438, 'y': -3.54901872782418, 'z': -18.868828489061183}
2026-03-23 10:23:03,365 - INFO - auto_fusion - main_auto_fusion.py - Creating registration for moving image named MR 1...
2026-03-23 10:23:04,338 - INFO - auto_fusion - main_auto_fusion.py - Initial Alignment: {'YawDegrees': 0, 'PitchDegrees': 0, 'RollDegrees': 0, 'Translation': {'x': 1.0593595438661438, 'y': -3.54901872782418, 'z': -18.868828489061183}, 'RotationCenter': {'x': 0, 'y': 0, 'z': 0}}
2026-03-23 10:24:01,359 - INFO - auto_fusion - AutoFusion.py - 

===== Finished AutoFusion =====


2026-03-23 11:38:23,877 - INFO - auto_fusion - AutoFusion.py - 

===== Running AutoFusion =====
2026-03-23 11:38:23,984 - INFO - auto_fusion - AutoFusion.py - Patient_ID: 15285690 || CaseName: Case 1
2026-03-23 11:38:23,990 - INFO - auto_fusion - AutoFusion.py - Current Windows User: NYUMC\CHANG05
2026-03-23 11:38:24,055 - INFO - auto_fusion - main_auto_fusion.py - AutoFusion initialized...
2026-03-23 11:38:24,241 - INFO - auto_fusion - main_auto_fusion.py - Assigned target roi name to GTVp
2026-03-23 11:38:24,242 - INFO - auto_fusion - main_auto_fusion.py - Fusion popup window step skipped.
2026-03-23 11:38:24,370 - INFO - auto_fusion - main_auto_fusion.py - Target center of ROI target GTVp is: {'x': 0.5779594131893545, 'y': -2.4389407829695666, 'z': -5.7723511563885195}
2026-03-23 11:38:24,399 - INFO - auto_fusion - main_auto_fusion.py - Creating fusion box...
2026-03-23 11:38:24,512 - INFO - auto_fusion - main_auto_fusion.py - Current moving image name: MR 1
2026-03-23 11:38:24,543 - INFO - auto_fusion - main_auto_fusion.py - Fixed Bounding Box: [{'x': -36.92197265, 'y': -36.92197265, 'z': -28.047000000000004}, {'x': 36.77802095, 'y': 36.77802095, 'z': 24.452999999999996}]
2026-03-23 11:38:24,544 - INFO - auto_fusion - main_auto_fusion.py - Moving Bounding Box: [{'x': -13.490974807738443, 'y': -15.24838685989344, 'z': -5.3154300689697}, {'x': 12.109026527405398, 'y': 10.3516144752504, 'z': 9.384570312500001}]
2026-03-23 11:38:24,544 - INFO - auto_fusion - main_auto_fusion.py - Moving image transation: {'x': 1.196957703355876, 'y': -0.06253044064804802, 'z': -9.603921278153674}
2026-03-23 11:38:24,544 - INFO - auto_fusion - main_auto_fusion.py - Creating registration for moving image named MR 1...
2026-03-23 11:38:28,853 - INFO - auto_fusion - main_auto_fusion.py - Initial Alignment: {'YawDegrees': 0, 'PitchDegrees': 0, 'RollDegrees': 0, 'Translation': {'x': 1.196957703355876, 'y': -0.06253044064804802, 'z': -9.603921278153674}, 'RotationCenter': {'x': 0, 'y': 0, 'z': 0}}
2026-03-23 11:38:45,638 - INFO - auto_fusion - AutoFusion.py - 

===== Finished AutoFusion =====


2026-03-24 09:01:32,101 - INFO - auto_fusion - AutoFusion.py - 

===== Running AutoFusion =====
2026-03-24 09:01:32,166 - INFO - auto_fusion - AutoFusion.py - Patient_ID: 17728995 || CaseName: Case 1
2026-03-24 09:01:32,171 - INFO - auto_fusion - AutoFusion.py - Current Windows User: NYUMC\DIBARD04
2026-03-24 09:01:32,246 - INFO - auto_fusion - main_auto_fusion.py - AutoFusion initialized...
2026-03-24 09:01:32,411 - INFO - auto_fusion - main_auto_fusion.py - Assigned target roi name to GTVp
2026-03-24 09:01:32,412 - INFO - auto_fusion - main_auto_fusion.py - Fusion popup window step skipped.
2026-03-24 09:01:32,554 - INFO - auto_fusion - main_auto_fusion.py - Target center of ROI target GTVp is: {'x': 1.7775405931153774, 'y': -0.5484655445859875, 'z': -9.485609051299495}
2026-03-24 09:01:32,569 - INFO - auto_fusion - main_auto_fusion.py - Creating fusion box...
2026-03-24 09:01:32,670 - INFO - auto_fusion - main_auto_fusion.py - Current moving image name: MR 1
2026-03-24 09:01:32,706 - INFO - auto_fusion - main_auto_fusion.py - Fixed Bounding Box: [{'x': -32.563476550000004, 'y': -32.563476550000004, 'z': -27.301}, {'x': 32.43651064999999, 'y': 32.43651064999999, 'z': 17.824}]
2026-03-24 09:01:32,706 - INFO - auto_fusion - main_auto_fusion.py - Moving Bounding Box: [{'x': -12.896481000127075, 'y': -10.297881000000249, 'z': -6.03039}, {'x': 13.103391000000247, 'y': 15.701991000127073, 'z': 5.66961}]
2026-03-24 09:01:32,707 - INFO - auto_fusion - main_auto_fusion.py - Moving image transation: {'x': 1.6106026431787832, 'y': -3.3140034946494077, 'z': -14.043719051299494}
2026-03-24 09:01:32,707 - INFO - auto_fusion - main_auto_fusion.py - Creating registration for moving image named MR 1...
2026-03-24 09:01:33,636 - INFO - auto_fusion - main_auto_fusion.py - Initial Alignment: {'YawDegrees': 0, 'PitchDegrees': 0, 'RollDegrees': 0, 'Translation': {'x': 1.6106026431787832, 'y': -3.3140034946494077, 'z': -14.043719051299494}, 'RotationCenter': {'x': 0, 'y': 0, 'z': 0}}
2026-03-24 09:02:26,429 - INFO - auto_fusion - AutoFusion.py - 

===== Finished AutoFusion =====


2026-03-25 09:17:27,971 - INFO - auto_fusion - AutoFusion.py - 

===== Running AutoFusion =====
2026-03-25 09:17:28,038 - INFO - auto_fusion - AutoFusion.py - Patient_ID: 12782925 || CaseName: Case 1
2026-03-25 09:17:28,043 - INFO - auto_fusion - AutoFusion.py - Current Windows User: NYUMC\WESTJ05
2026-03-25 09:17:28,142 - INFO - auto_fusion - main_auto_fusion.py - AutoFusion initialized...
2026-03-25 09:17:28,397 - INFO - auto_fusion - main_auto_fusion.py - Assigned target roi name to GTVp
2026-03-25 09:17:28,397 - INFO - auto_fusion - main_auto_fusion.py - Fusion popup window step skipped.
2026-03-25 09:17:28,544 - INFO - auto_fusion - main_auto_fusion.py - Target center of ROI target GTVp is: {'x': 0.06098517504909636, 'y': 1.5448781569730852, 'z': -8.314124730490411}
2026-03-25 09:17:28,563 - INFO - auto_fusion - main_auto_fusion.py - Creating fusion box...
2026-03-25 09:17:28,738 - INFO - auto_fusion - main_auto_fusion.py - Current moving image name: MR_for_CK
2026-03-25 09:17:28,801 - INFO - auto_fusion - main_auto_fusion.py - Fixed Bounding Box: [{'x': -32.563476550000004, 'y': -32.563476550000004, 'z': -27.325}, {'x': 32.43651064999999, 'y': 32.43651064999999, 'z': 19.3}]
2026-03-25 09:17:28,801 - INFO - auto_fusion - main_auto_fusion.py - Moving Bounding Box: [{'x': -12.859711533784443, 'y': -14.617122173308442, 'z': -6.0368743896484}, {'x': 12.740289801359397, 'y': 10.982879161835399, 'z': 8.66312561035156}]
2026-03-25 09:17:28,801 - INFO - auto_fusion - main_auto_fusion.py - Moving image transation: {'x': 0.0572130912616113, 'y': 3.2985167127095982, 'z': -13.63975034084199}
2026-03-25 09:17:28,801 - INFO - auto_fusion - main_auto_fusion.py - Creating registration for moving image named MR_for_CK...
2026-03-25 09:17:29,361 - INFO - auto_fusion - main_auto_fusion.py - Initial Alignment: {'YawDegrees': 0, 'PitchDegrees': 0, 'RollDegrees': 0, 'Translation': {'x': 0.0572130912616113, 'y': 3.2985167127095982, 'z': -13.63975034084199}, 'RotationCenter': {'x': 0, 'y': 0, 'z': 0}}
2026-03-25 09:18:30,667 - INFO - auto_fusion - AutoFusion.py - 

===== Finished AutoFusion =====


2026-03-25 11:53:58,449 - INFO - auto_fusion - AutoFusion.py - 

===== Running AutoFusion =====
2026-03-25 11:53:58,543 - INFO - auto_fusion - AutoFusion.py - Patient_ID: 0478008 || CaseName: Case 1
2026-03-25 11:53:58,548 - INFO - auto_fusion - AutoFusion.py - Current Windows User: NYUMC\DIBARD04
2026-03-25 11:53:58,632 - INFO - auto_fusion - main_auto_fusion.py - AutoFusion initialized...
2026-03-25 11:54:56,268 - INFO - auto_fusion - main_auto_fusion.py - Fusion Popup Selected Values: {'ReferenceImageName': 'MAR', 'FusingImageName': ['MR 1'], 'TargetName': 'Prostate', 'RegistrtaionType': 'Frame of Reference'}
2026-03-25 11:54:56,417 - INFO - auto_fusion - main_auto_fusion.py - Creating External ROI contours...
2026-03-25 11:54:58,741 - INFO - auto_fusion - main_auto_fusion.py - Running DSL model...
2026-03-25 12:01:30,756 - INFO - auto_fusion - AutoFusion.py - 

===== Running AutoFusion =====
2026-03-25 12:01:30,858 - INFO - auto_fusion - AutoFusion.py - Patient_ID: 9072510 || CaseName: Case 1
2026-03-25 12:01:30,861 - INFO - auto_fusion - AutoFusion.py - Current Windows User: NYUMC\DIBARD04
2026-03-25 12:01:30,943 - INFO - auto_fusion - main_auto_fusion.py - AutoFusion initialized...
2026-03-25 12:01:31,125 - INFO - auto_fusion - main_auto_fusion.py - Assigned target roi name to GTVp
2026-03-25 12:01:31,125 - INFO - auto_fusion - main_auto_fusion.py - Fusion popup window step skipped.
2026-03-25 12:01:31,284 - INFO - auto_fusion - main_auto_fusion.py - Target center of ROI target GTVp is: {'x': -2.684109879364896, 'y': 1.541598424636409, 'z': -6.632467598036004}
2026-03-25 12:01:31,326 - INFO - auto_fusion - main_auto_fusion.py - Creating fusion box...
2026-03-25 12:01:31,469 - INFO - auto_fusion - main_auto_fusion.py - Current moving image name: MR 1
2026-03-25 12:01:31,505 - INFO - auto_fusion - main_auto_fusion.py - Fixed Bounding Box: [{'x': -32.563476550000004, 'y': -32.563476550000004, 'z': -25.075}, {'x': 32.43651064999999, 'y': 32.43651064999999, 'z': 23.425}]
2026-03-25 12:01:31,505 - INFO - auto_fusion - main_auto_fusion.py - Moving Bounding Box: [{'x': -11.994681000127073, 'y': -10.849781000000249, 'z': -3.6817}, {'x': 14.005191000000249, 'y': 15.150091000127073, 'z': 8.0183}]
2026-03-25 12:01:31,505 - INFO - auto_fusion - main_auto_fusion.py - Moving image transation: {'x': -3.7528478293014915, 'y': -0.6720395254270113, 'z': -9.625767598036003}
2026-03-25 12:01:31,505 - INFO - auto_fusion - main_auto_fusion.py - Creating registration for moving image named MR 1...
2026-03-25 12:01:32,436 - INFO - auto_fusion - main_auto_fusion.py - Initial Alignment: {'YawDegrees': 0, 'PitchDegrees': 0, 'RollDegrees': 0, 'Translation': {'x': -3.7528478293014915, 'y': -0.6720395254270113, 'z': -9.625767598036003}, 'RotationCenter': {'x': 0, 'y': 0, 'z': 0}}
2026-03-25 12:01:58,926 - INFO - auto_fusion - AutoFusion.py - 

===== Finished AutoFusion =====


2026-03-25 13:52:42,034 - INFO - auto_fusion - AutoFusion.py - 

===== Running AutoFusion =====
2026-03-25 13:52:42,111 - INFO - auto_fusion - AutoFusion.py - Patient_ID: 16135188 || CaseName: Case 1
2026-03-25 13:52:42,118 - INFO - auto_fusion - AutoFusion.py - Current Windows User: NYUMC\MACMEW01
2026-03-25 13:52:42,209 - INFO - auto_fusion - main_auto_fusion.py - AutoFusion initialized...
2026-03-25 13:52:42,442 - INFO - auto_fusion - main_auto_fusion.py - Assigned target roi name to GTVp
2026-03-25 13:52:42,442 - INFO - auto_fusion - main_auto_fusion.py - Fusion popup window step skipped.
2026-03-25 13:52:42,606 - INFO - auto_fusion - main_auto_fusion.py - Target center of ROI target GTVp is: {'x': -0.744135016696497, 'y': -2.666607462776385, 'z': 3.3519574124063607}
2026-03-25 13:52:42,635 - INFO - auto_fusion - main_auto_fusion.py - Creating fusion box...
2026-03-25 13:52:42,769 - INFO - auto_fusion - main_auto_fusion.py - Current moving image name: MR 1
2026-03-25 13:52:42,811 - INFO - auto_fusion - main_auto_fusion.py - Fixed Bounding Box: [{'x': -40.078125, 'y': -40.078125, 'z': -16.2}, {'x': 39.921875, 'y': 39.921875, 'z': 37.675}]
2026-03-25 13:52:42,811 - INFO - auto_fusion - main_auto_fusion.py - Moving Bounding Box: [{'x': -14.574281000127076, 'y': -11.45118100000025, 'z': 6.934139999999999}, {'x': 11.425591000000246, 'y': 14.548691000127072, 'z': 18.6341}]
2026-03-25 13:52:42,811 - INFO - auto_fusion - main_auto_fusion.py - Moving image transation: {'x': 0.7520849833669182, 'y': -4.293487462839796, 'z': 1.3053374124063613}
2026-03-25 13:52:42,812 - INFO - auto_fusion - main_auto_fusion.py - Creating registration for moving image named MR 1...
2026-03-25 13:52:44,135 - INFO - auto_fusion - main_auto_fusion.py - Initial Alignment: {'YawDegrees': 180, 'PitchDegrees': 0, 'RollDegrees': 0, 'Translation': {'x': 0.7520849833669182, 'y': -4.293487462839796, 'z': 1.3053374124063613}, 'RotationCenter': {'x': 0, 'y': 0, 'z': 0}}
2026-03-25 13:53:00,246 - INFO - auto_fusion - AutoFusion.py - 

===== Finished AutoFusion =====


2026-03-25 13:55:27,487 - INFO - auto_fusion - AutoFusion.py - 

===== Running AutoFusion =====
2026-03-25 13:55:27,551 - INFO - auto_fusion - AutoFusion.py - Patient_ID: 16135188 || CaseName: Case 1
2026-03-25 13:55:27,555 - INFO - auto_fusion - AutoFusion.py - Current Windows User: NYUMC\MACMEW01
2026-03-25 13:55:27,641 - INFO - auto_fusion - main_auto_fusion.py - AutoFusion initialized...
2026-03-25 13:55:27,807 - INFO - auto_fusion - main_auto_fusion.py - Assigned target roi name to GTVp
2026-03-25 13:55:27,808 - INFO - auto_fusion - main_auto_fusion.py - Fusion popup window step skipped.
2026-03-25 13:55:27,964 - INFO - auto_fusion - main_auto_fusion.py - Target center of ROI target GTVp is: {'x': -0.744135016696497, 'y': -2.666607462776385, 'z': 3.3519574124063607}
2026-03-25 13:55:27,982 - INFO - auto_fusion - main_auto_fusion.py - Creating fusion box...
2026-03-25 13:55:28,081 - INFO - auto_fusion - main_auto_fusion.py - Current moving image name: MR 1
2026-03-25 13:55:28,118 - INFO - auto_fusion - main_auto_fusion.py - Fixed Bounding Box: [{'x': -40.078125, 'y': -40.078125, 'z': -16.2}, {'x': 39.921875, 'y': 39.921875, 'z': 37.675}]
2026-03-25 13:55:28,118 - INFO - auto_fusion - main_auto_fusion.py - Moving Bounding Box: [{'x': -14.574281000127076, 'y': -11.45118100000025, 'z': 6.934139999999999}, {'x': 11.425591000000246, 'y': 14.548691000127072, 'z': 18.6341}]
2026-03-25 13:55:28,118 - INFO - auto_fusion - main_auto_fusion.py - Moving image transation: {'x': 0.7520849833669182, 'y': -4.293487462839796, 'z': 1.3053374124063613}
2026-03-25 13:55:28,118 - INFO - auto_fusion - main_auto_fusion.py - Creating registration for moving image named MR 1...
2026-03-25 13:55:29,031 - INFO - auto_fusion - main_auto_fusion.py - Initial Alignment: {'YawDegrees': 180, 'PitchDegrees': 0, 'RollDegrees': 0, 'Translation': {'x': 0.7520849833669182, 'y': -4.293487462839796, 'z': 1.3053374124063613}, 'RotationCenter': {'x': 0, 'y': 0, 'z': 0}}
2026-03-25 13:56:17,868 - INFO - auto_fusion - AutoFusion.py - 

===== Finished AutoFusion =====


2026-03-25 14:51:31,122 - INFO - auto_fusion - AutoFusion.py - 

===== Running AutoFusion =====
2026-03-25 14:51:31,188 - INFO - auto_fusion - AutoFusion.py - Patient_ID: 16135188 || CaseName: Case 1
2026-03-25 14:51:31,192 - INFO - auto_fusion - AutoFusion.py - Current Windows User: NYUMC\MACMEW01
2026-03-25 14:51:31,276 - INFO - auto_fusion - main_auto_fusion.py - AutoFusion initialized...
2026-03-25 14:51:31,442 - INFO - auto_fusion - main_auto_fusion.py - Assigned target roi name to GTVp
2026-03-25 14:51:31,443 - INFO - auto_fusion - main_auto_fusion.py - Fusion popup window step skipped.
2026-03-25 14:51:31,598 - INFO - auto_fusion - main_auto_fusion.py - Target center of ROI target GTVp is: {'x': -0.744135016696497, 'y': -2.666607462776385, 'z': 3.3519574124063607}
2026-03-25 14:51:31,621 - INFO - auto_fusion - main_auto_fusion.py - Creating fusion box...
2026-03-25 14:51:31,770 - INFO - auto_fusion - main_auto_fusion.py - Current moving image name: MR 1
2026-03-25 14:51:31,800 - INFO - auto_fusion - main_auto_fusion.py - Fixed Bounding Box: [{'x': -40.078125, 'y': -40.078125, 'z': -16.2}, {'x': 39.921875, 'y': 39.921875, 'z': 37.675}]
2026-03-25 14:51:31,800 - INFO - auto_fusion - main_auto_fusion.py - Moving Bounding Box: [{'x': -14.574281000127076, 'y': -11.45118100000025, 'z': 6.934139999999999}, {'x': 11.425591000000246, 'y': 14.548691000127072, 'z': 18.6341}]
2026-03-25 14:51:31,800 - INFO - auto_fusion - main_auto_fusion.py - Moving image transation: {'x': 0.7520849833669182, 'y': -4.293487462839796, 'z': 1.3053374124063613}
2026-03-25 14:51:31,800 - INFO - auto_fusion - main_auto_fusion.py - Creating registration for moving image named MR 1...
2026-03-25 14:51:39,655 - INFO - auto_fusion - main_auto_fusion.py - Initial Alignment: {'YawDegrees': 180, 'PitchDegrees': 0, 'RollDegrees': 0, 'Translation': {'x': 0.7520849833669182, 'y': -4.293487462839796, 'z': 1.3053374124063613}, 'RotationCenter': {'x': 0, 'y': 0, 'z': 0}}
2026-03-25 14:51:53,759 - INFO - auto_fusion - AutoFusion.py - 

===== Finished AutoFusion =====


2026-03-26 14:50:33,463 - INFO - auto_fusion - AutoFusion.py - 

===== Running AutoFusion =====
2026-03-26 14:50:33,533 - INFO - auto_fusion - AutoFusion.py - Patient_ID: 13425160 || CaseName: Case 1
2026-03-26 14:50:33,537 - INFO - auto_fusion - AutoFusion.py - Current Windows User: NYUMC\MACMEW01
2026-03-26 14:50:33,623 - INFO - auto_fusion - main_auto_fusion.py - AutoFusion initialized...
2026-03-26 14:50:33,863 - INFO - auto_fusion - main_auto_fusion.py - Assigned target roi name to GTVp
2026-03-26 14:50:33,864 - INFO - auto_fusion - main_auto_fusion.py - Fusion popup window step skipped.
2026-03-26 14:50:34,038 - INFO - auto_fusion - main_auto_fusion.py - Target center of ROI target GTVp is: {'x': -1.464194199302098, 'y': 0.927791115142158, 'z': -0.7469063399304839}
2026-03-26 14:50:34,083 - INFO - auto_fusion - main_auto_fusion.py - Creating fusion box...
2026-03-26 14:50:34,235 - INFO - auto_fusion - main_auto_fusion.py - Current moving image name: MR 1
2026-03-26 14:50:34,287 - INFO - auto_fusion - main_auto_fusion.py - Fixed Bounding Box: [{'x': -32.563476550000004, 'y': -32.563476550000004, 'z': -27.0}, {'x': 32.43651064999999, 'y': 32.43651064999999, 'z': 29.125}]
2026-03-26 14:50:34,287 - INFO - auto_fusion - main_auto_fusion.py - Moving Bounding Box: [{'x': -10.186781000127073, 'y': -11.059581000000248, 'z': -3.1517}, {'x': 15.813091000000249, 'y': 14.940291000127074, 'z': 8.5483}]
2026-03-26 14:50:34,288 - INFO - auto_fusion - main_auto_fusion.py - Moving image transation: {'x': -4.340832149238693, 'y': -1.0760468349212626, 'z': -2.3827063399304835}
2026-03-26 14:50:34,288 - INFO - auto_fusion - main_auto_fusion.py - Creating registration for moving image named MR 1...
2026-03-26 14:51:04,956 - INFO - auto_fusion - main_auto_fusion.py - Initial Alignment: {'YawDegrees': 0, 'PitchDegrees': 0, 'RollDegrees': 0, 'Translation': {'x': -4.340832149238693, 'y': -1.0760468349212626, 'z': -2.3827063399304835}, 'RotationCenter': {'x': 0, 'y': 0, 'z': 0}}
2026-03-26 14:51:20,490 - INFO - auto_fusion - AutoFusion.py - 

===== Finished AutoFusion =====


2026-03-27 13:34:06,664 - INFO - auto_fusion - AutoFusion.py - 

===== Running AutoFusion =====
2026-03-27 13:34:06,729 - INFO - auto_fusion - AutoFusion.py - Patient_ID: 12706677 || CaseName: Case 1
2026-03-27 13:34:06,733 - INFO - auto_fusion - AutoFusion.py - Current Windows User: NYUMC\WESTJ05
2026-03-27 13:34:06,758 - INFO - auto_fusion - main_auto_fusion.py - AutoFusion initialized...
2026-03-30 09:05:42,944 - INFO - auto_fusion - AutoFusion.py - 

===== Running AutoFusion =====
2026-03-30 09:05:43,009 - INFO - auto_fusion - AutoFusion.py - Patient_ID: 12535154 || CaseName: Case 1
2026-03-30 09:05:43,014 - INFO - auto_fusion - AutoFusion.py - Current Windows User: NYUMC\WESTJ05
2026-03-30 09:05:43,101 - INFO - auto_fusion - main_auto_fusion.py - AutoFusion initialized...
2026-03-30 09:05:43,450 - INFO - auto_fusion - main_auto_fusion.py - Assigned target roi name to GTVp
2026-03-30 09:05:43,450 - INFO - auto_fusion - main_auto_fusion.py - Fusion popup window step skipped.
2026-03-30 09:05:43,595 - INFO - auto_fusion - main_auto_fusion.py - Target center of ROI target GTVp is: {'x': 1.2056377774198062, 'y': -3.4460904274693114, 'z': -6.896918592850323}
2026-03-30 09:05:43,626 - INFO - auto_fusion - main_auto_fusion.py - Creating fusion box...
2026-03-30 09:05:43,795 - INFO - auto_fusion - main_auto_fusion.py - Current moving image name: MR_for_CK
2026-03-30 09:05:43,895 - INFO - auto_fusion - main_auto_fusion.py - Fixed Bounding Box: [{'x': -29.50751955, 'y': -29.50751955, 'z': -29.002999999999997}, {'x': 29.392499649999994, 'y': 29.392499649999994, 'z': 22.372000000000003}]
2026-03-30 09:05:43,895 - INFO - auto_fusion - main_auto_fusion.py - Moving Bounding Box: [{'x': -12.498990631103442, 'y': -16.33055105209344, 'z': -8.742283630371}, {'x': 13.101010704040398, 'y': 9.2694502830504, 'z': 5.95771675109863}]
2026-03-30 09:05:43,895 - INFO - auto_fusion - main_auto_fusion.py - Moving image transation: {'x': 0.8471177909513248, 'y': 0.026950007052205294, 'z': -8.820135153214135}
2026-03-30 09:05:43,895 - INFO - auto_fusion - main_auto_fusion.py - Creating registration for moving image named MR_for_CK...
2026-03-30 09:05:44,647 - INFO - auto_fusion - main_auto_fusion.py - Initial Alignment: {'YawDegrees': 0, 'PitchDegrees': 0, 'RollDegrees': 0, 'Translation': {'x': 0.8471177909513248, 'y': 0.026950007052205294, 'z': -8.820135153214135}, 'RotationCenter': {'x': 0, 'y': 0, 'z': 0}}
2026-03-30 09:06:42,937 - INFO - auto_fusion - AutoFusion.py - 

===== Finished AutoFusion =====


2026-03-30 10:53:09,743 - INFO - auto_fusion - AutoFusion.py - 

===== Running AutoFusion =====
2026-03-30 10:53:09,808 - INFO - auto_fusion - AutoFusion.py - Patient_ID: 8914541 || CaseName: Case 1
2026-03-30 10:53:09,811 - INFO - auto_fusion - AutoFusion.py - Current Windows User: NYUMC\WESTJ05
2026-03-30 10:53:09,892 - INFO - auto_fusion - main_auto_fusion.py - AutoFusion initialized...
2026-03-30 10:53:10,357 - INFO - auto_fusion - main_auto_fusion.py - Assigned target roi name to GTVp
2026-03-30 10:53:10,358 - INFO - auto_fusion - main_auto_fusion.py - Fusion popup window step skipped.
2026-03-30 10:53:10,498 - INFO - auto_fusion - main_auto_fusion.py - Target center of ROI target GTVp is: {'x': 0.6254834672868516, 'y': -0.8461130335588046, 'z': -5.406264785733261}
2026-03-30 10:53:10,513 - INFO - auto_fusion - main_auto_fusion.py - Creating fusion box...
2026-03-30 10:53:10,711 - INFO - auto_fusion - main_auto_fusion.py - Current moving image name: MR 1
2026-03-30 10:53:10,850 - INFO - auto_fusion - main_auto_fusion.py - Fixed Bounding Box: [{'x': -33.96621095, 'y': -33.96621095, 'z': -26.7615}, {'x': 33.83380185000001, 'y': 33.83380185000001, 'z': 30.4885}]
2026-03-30 10:53:10,850 - INFO - auto_fusion - main_auto_fusion.py - Moving Bounding Box: [{'x': -12.498990631103442, 'y': -16.060008525847444, 'z': -5.4056114196777}, {'x': 13.101010704040398, 'y': 9.539992809296397, 'z': 9.29438858032227}]
2026-03-30 10:53:10,851 - INFO - auto_fusion - main_auto_fusion.py - Moving image transation: {'x': 0.25826888081837895, 'y': 2.347690274716724, 'z': -5.487153366055548}
2026-03-30 10:53:10,851 - INFO - auto_fusion - main_auto_fusion.py - Creating registration for moving image named MR 1...
2026-03-30 10:53:11,866 - INFO - auto_fusion - main_auto_fusion.py - Initial Alignment: {'YawDegrees': 0, 'PitchDegrees': 0, 'RollDegrees': 0, 'Translation': {'x': 0.25826888081837895, 'y': 2.347690274716724, 'z': -5.487153366055548}, 'RotationCenter': {'x': 0, 'y': 0, 'z': 0}}
2026-03-30 11:38:17,342 - INFO - auto_fusion - AutoFusion.py - 

===== Running AutoFusion =====
2026-03-30 11:38:17,411 - INFO - auto_fusion - AutoFusion.py - Patient_ID: 12779093 || CaseName: Case 1
2026-03-30 11:38:17,415 - INFO - auto_fusion - AutoFusion.py - Current Windows User: NYUMC\WESTJ05
2026-03-30 11:38:17,495 - INFO - auto_fusion - main_auto_fusion.py - AutoFusion initialized...
2026-03-30 11:38:17,708 - INFO - auto_fusion - main_auto_fusion.py - Assigned target roi name to GTVp
2026-03-30 11:38:17,708 - INFO - auto_fusion - main_auto_fusion.py - Fusion popup window step skipped.
2026-03-30 11:38:17,854 - INFO - auto_fusion - main_auto_fusion.py - Target center of ROI target GTVp is: {'x': 1.1672368800237918, 'y': -3.3401696583010705, 'z': -7.374949967418743}
2026-03-30 11:38:17,881 - INFO - auto_fusion - main_auto_fusion.py - Creating fusion box...
2026-03-30 11:38:18,012 - INFO - auto_fusion - main_auto_fusion.py - Current moving image name: MR_for_CK
2026-03-30 11:38:18,049 - INFO - auto_fusion - main_auto_fusion.py - Fixed Bounding Box: [{'x': -29.858203099999997, 'y': -29.858203099999997, 'z': -28.785000000000004}, {'x': 29.741771299999996, 'y': 29.741771299999996, 'z': 25.089999999999996}]
2026-03-30 11:38:18,049 - INFO - auto_fusion - main_auto_fusion.py - Moving Bounding Box: [{'x': -12.498990631103442, 'y': -12.81351637840244, 'z': -10.18516998291}, {'x': 13.101010704040398, 'y': 12.7864849567414, 'z': 4.514830398559569}]
2026-03-30 11:38:18,049 - INFO - auto_fusion - main_auto_fusion.py - Moving image transation: {'x': 0.8080109435553136, 'y': -3.384869847470551, 'z': -6.387280175243531}
2026-03-30 11:38:18,050 - INFO - auto_fusion - main_auto_fusion.py - Creating registration for moving image named MR_for_CK...
2026-03-30 11:38:18,669 - INFO - auto_fusion - main_auto_fusion.py - Initial Alignment: {'YawDegrees': 0, 'PitchDegrees': 0, 'RollDegrees': 0, 'Translation': {'x': 0.8080109435553136, 'y': -3.384869847470551, 'z': -6.387280175243531}, 'RotationCenter': {'x': 0, 'y': 0, 'z': 0}}
2026-03-30 11:39:05,371 - INFO - auto_fusion - AutoFusion.py - 

===== Finished AutoFusion =====


2026-03-30 12:27:07,485 - INFO - auto_fusion - AutoFusion.py - 

===== Running AutoFusion =====
2026-03-30 12:27:07,574 - INFO - auto_fusion - AutoFusion.py - Patient_ID: 17819207 || CaseName: Case 1
2026-03-30 12:27:07,579 - INFO - auto_fusion - AutoFusion.py - Current Windows User: NYUMC\CHANG05
2026-03-30 12:27:07,647 - INFO - auto_fusion - main_auto_fusion.py - AutoFusion initialized...
2026-03-30 12:27:07,859 - INFO - auto_fusion - main_auto_fusion.py - Assigned target roi name to GTVp
2026-03-30 12:27:07,860 - INFO - auto_fusion - main_auto_fusion.py - Fusion popup window step skipped.
2026-03-30 12:27:07,983 - INFO - auto_fusion - main_auto_fusion.py - Target center of ROI target GTVp is: {'x': 0.41937421283921344, 'y': 0.04888594836528715, 'z': -3.6772585516513585}
2026-03-30 12:27:08,011 - INFO - auto_fusion - main_auto_fusion.py - Creating fusion box...
2026-03-30 12:27:08,122 - INFO - auto_fusion - main_auto_fusion.py - Current moving image name: MR 1
2026-03-30 12:27:08,151 - INFO - auto_fusion - main_auto_fusion.py - Fixed Bounding Box: [{'x': -32.7638672, 'y': -32.7638672, 'z': -29.302999999999997}, {'x': 32.6361456, 'y': 32.6361456, 'z': 26.447000000000003}]
2026-03-30 12:27:08,151 - INFO - auto_fusion - main_auto_fusion.py - Moving Bounding Box: [{'x': -12.498990631103442, 'y': -15.338565349578442, 'z': -0.71623153686523}, {'x': 13.101010704040398, 'y': 10.261435985565399, 'z': 13.9837677001953}]
2026-03-30 12:27:08,151 - INFO - auto_fusion - main_auto_fusion.py - Moving image transation: {'x': 0.05450337637073516, 'y': 2.523589830371808, 'z': -11.73902663331639}
2026-03-30 12:27:08,151 - INFO - auto_fusion - main_auto_fusion.py - Creating registration for moving image named MR 1...
2026-03-30 12:27:10,815 - INFO - auto_fusion - main_auto_fusion.py - Initial Alignment: {'YawDegrees': 0, 'PitchDegrees': 0, 'RollDegrees': 0, 'Translation': {'x': 0.05450337637073516, 'y': 2.523589830371808, 'z': -11.73902663331639}, 'RotationCenter': {'x': 0, 'y': 0, 'z': 0}}
2026-03-30 12:27:24,608 - INFO - auto_fusion - AutoFusion.py - 

===== Finished AutoFusion =====


2026-03-30 14:23:04,610 - INFO - auto_fusion - AutoFusion.py - 

===== Running AutoFusion =====
2026-03-30 14:23:04,679 - INFO - auto_fusion - AutoFusion.py - Patient_ID: 11263692 || CaseName: Case 1
2026-03-30 14:23:04,683 - INFO - auto_fusion - AutoFusion.py - Current Windows User: NYUMC\DIBARD04
2026-03-30 14:23:04,757 - INFO - auto_fusion - main_auto_fusion.py - AutoFusion initialized...
2026-04-01 10:25:42,925 - INFO - auto_fusion - AutoFusion.py - 

===== Running AutoFusion =====
2026-04-01 10:25:42,991 - INFO - auto_fusion - AutoFusion.py - Patient_ID: 9671543 || CaseName: Case 1
2026-04-01 10:25:42,994 - INFO - auto_fusion - AutoFusion.py - Current Windows User: NYUMC\MACMEW01
2026-04-01 10:25:43,038 - INFO - auto_fusion - main_auto_fusion.py - AutoFusion initialized...
2026-04-01 10:26:08,441 - INFO - auto_fusion - main_auto_fusion.py - Fusion Popup Selected Values: {'ReferenceImageName': 'PROSTATE', 'FusingImageName': ['CT 1'], 'TargetName': 'Prostate', 'RegistrtaionType': 'Frame of Reference'}
2026-04-01 10:26:08,531 - INFO - auto_fusion - main_auto_fusion.py - Running DSL model...
2026-04-01 10:26:27,901 - INFO - auto_fusion - main_auto_fusion.py - Target center of ROI target Prostate is: {'x': -1.3404153088005026, 'y': 1.266352839643248, 'z': 0.22805312415353599}
2026-04-01 10:26:27,920 - INFO - auto_fusion - main_auto_fusion.py - Creating fusion box...
2026-04-01 10:26:28,031 - INFO - auto_fusion - main_auto_fusion.py - Current moving image name: CT 1
2026-04-01 10:26:28,119 - INFO - auto_fusion - main_auto_fusion.py - Creating External ROI contours...
2026-04-01 10:26:30,960 - INFO - auto_fusion - main_auto_fusion.py - Running DSL model...
2026-04-01 10:26:51,583 - INFO - auto_fusion - main_auto_fusion.py - Fixed Bounding Box: [{'x': -32.01240235, 'y': -32.01240235, 'z': -27.5}, {'x': 31.887604049999993, 'y': 31.887604049999993, 'z': 35.75}]
2026-04-01 10:26:51,596 - INFO - auto_fusion - main_auto_fusion.py - Moving Bounding Box: [{'x': -25.0, 'y': -48.15, 'z': -112.6}, {'x': 25.0, 'y': 1.8500000000000014, 'z': -7.0}]
2026-04-01 10:26:51,596 - INFO - auto_fusion - main_auto_fusion.py - Moving image transation: {'x': -1.4028144588005071, 'y': 24.35395368964324, 'z': 64.15305312415353}
2026-04-01 10:26:51,596 - INFO - auto_fusion - main_auto_fusion.py - Creating registration for moving image named CT 1...
2026-04-01 10:26:52,488 - INFO - auto_fusion - main_auto_fusion.py - Initial Alignment: {'YawDegrees': 0, 'PitchDegrees': 0, 'RollDegrees': 0, 'Translation': {'x': -1.4028144588005071, 'y': 24.35395368964324, 'z': 64.15305312415353}, 'RotationCenter': {'x': 0, 'y': 0, 'z': 0}}
2026-04-01 10:27:27,661 - INFO - auto_fusion - AutoFusion.py - 

===== Finished AutoFusion =====


2026-04-01 10:47:46,479 - INFO - auto_fusion - AutoFusion.py - 

===== Running AutoFusion =====
2026-04-01 10:47:46,547 - INFO - auto_fusion - AutoFusion.py - Patient_ID: 14518081 || CaseName: Case 1
2026-04-01 10:47:46,552 - INFO - auto_fusion - AutoFusion.py - Current Windows User: NYUMC\WESTJ05
2026-04-01 10:47:46,622 - INFO - auto_fusion - main_auto_fusion.py - AutoFusion initialized...
2026-04-01 10:47:46,861 - INFO - auto_fusion - main_auto_fusion.py - Assigned target roi name to GTVp
2026-04-01 10:47:46,861 - INFO - auto_fusion - main_auto_fusion.py - Fusion popup window step skipped.
2026-04-01 10:47:47,020 - INFO - auto_fusion - main_auto_fusion.py - Target center of ROI target GTVp is: {'x': 0.7461220297694926, 'y': -5.905597097894684, 'z': 2.416137689857496}
2026-04-01 10:47:47,053 - INFO - auto_fusion - main_auto_fusion.py - Creating fusion box...
2026-04-01 10:47:47,211 - INFO - auto_fusion - main_auto_fusion.py - Current moving image name: MR_for_CK
2026-04-01 10:47:47,267 - INFO - auto_fusion - main_auto_fusion.py - Fixed Bounding Box: [{'x': -32.563476550000004, 'y': -32.563476550000004, 'z': -25.175}, {'x': 32.43651064999999, 'y': 32.43651064999999, 'z': 27.575}]
2026-04-01 10:47:47,267 - INFO - auto_fusion - main_auto_fusion.py - Moving Bounding Box: [{'x': -11.59718637466344, 'y': -17.683254528045442, 'z': -4.3234458923339}, {'x': 14.0028149604804, 'y': 7.916746807098399, 'z': 10.376554107666}]
2026-04-01 10:47:47,267 - INFO - auto_fusion - main_auto_fusion.py - Moving image transation: {'x': -0.5201752131389952, 'y': -1.08582618742117, 'z': 0.589583582191445}
2026-04-01 10:47:47,267 - INFO - auto_fusion - main_auto_fusion.py - Creating registration for moving image named MR_for_CK...
2026-04-01 10:47:48,258 - INFO - auto_fusion - main_auto_fusion.py - Initial Alignment: {'YawDegrees': 0, 'PitchDegrees': 0, 'RollDegrees': 0, 'Translation': {'x': -0.5201752131389952, 'y': -1.08582618742117, 'z': 0.589583582191445}, 'RotationCenter': {'x': 0, 'y': 0, 'z': 0}}
2026-04-01 11:52:10,106 - INFO - auto_fusion - AutoFusion.py - 

===== Running AutoFusion =====
2026-04-01 11:52:10,198 - INFO - auto_fusion - AutoFusion.py - Patient_ID: 17816035 || CaseName: Case 1
2026-04-01 11:52:10,203 - INFO - auto_fusion - AutoFusion.py - Current Windows User: NYUMC\CHANG05
2026-04-01 11:52:10,289 - INFO - auto_fusion - main_auto_fusion.py - AutoFusion initialized...
2026-04-01 11:52:10,467 - INFO - auto_fusion - main_auto_fusion.py - Assigned target roi name to GTVp
2026-04-01 11:52:10,467 - INFO - auto_fusion - main_auto_fusion.py - Fusion popup window step skipped.
2026-04-01 11:52:10,625 - INFO - auto_fusion - main_auto_fusion.py - Target center of ROI target GTVp is: {'x': 1.2848151293028074, 'y': -1.8605182141737155, 'z': 0.14299396446917373}
2026-04-01 11:52:10,667 - INFO - auto_fusion - main_auto_fusion.py - Creating fusion box...
2026-04-01 11:52:10,827 - INFO - auto_fusion - main_auto_fusion.py - Current moving image name: MR 1
2026-04-01 11:52:10,858 - INFO - auto_fusion - main_auto_fusion.py - Fixed Bounding Box: [{'x': -40.078125, 'y': -40.078125, 'z': -21.5}, {'x': 39.921875, 'y': 39.921875, 'z': 30.5}]
2026-04-01 11:52:10,859 - INFO - auto_fusion - main_auto_fusion.py - Moving Bounding Box: [{'x': -11.777546119689442, 'y': -16.060008525847444, 'z': -0.35551071166992}, {'x': 13.822455215454399, 'y': 9.539992809296397, 'z': 14.344488525390599}]
2026-04-01 11:52:10,859 - INFO - auto_fusion - main_auto_fusion.py - Moving image transation: {'x': 0.1842355814203287, 'y': 1.3213646441018079, 'z': -2.3514949423911657}
2026-04-01 11:52:10,859 - INFO - auto_fusion - main_auto_fusion.py - Creating registration for moving image named MR 1...
2026-04-01 11:52:14,439 - INFO - auto_fusion - main_auto_fusion.py - Initial Alignment: {'YawDegrees': 0, 'PitchDegrees': 0, 'RollDegrees': 0, 'Translation': {'x': 0.1842355814203287, 'y': 1.3213646441018079, 'z': -2.3514949423911657}, 'RotationCenter': {'x': 0, 'y': 0, 'z': 0}}
2026-04-01 11:52:48,670 - INFO - auto_fusion - AutoFusion.py - 

===== Finished AutoFusion =====


2026-04-01 12:07:13,445 - INFO - auto_fusion - AutoFusion.py - 

===== Running AutoFusion =====
2026-04-01 12:07:13,540 - INFO - auto_fusion - AutoFusion.py - Patient_ID: 12682333 || CaseName: Case 1
2026-04-01 12:07:13,544 - INFO - auto_fusion - AutoFusion.py - Current Windows User: NYUMC\CHANG05
2026-04-01 12:07:13,612 - INFO - auto_fusion - main_auto_fusion.py - AutoFusion initialized...
2026-04-01 12:07:13,802 - INFO - auto_fusion - main_auto_fusion.py - Assigned target roi name to GTVp
2026-04-01 12:07:13,802 - INFO - auto_fusion - main_auto_fusion.py - Fusion popup window step skipped.
2026-04-01 12:07:13,927 - INFO - auto_fusion - main_auto_fusion.py - Target center of ROI target GTVp is: {'x': -1.5178159818617543, 'y': 0.22140265892433675, 'z': -11.912539115268963}
2026-04-01 12:07:13,957 - INFO - auto_fusion - main_auto_fusion.py - Creating fusion box...
2026-04-01 12:07:14,087 - INFO - auto_fusion - main_auto_fusion.py - Current moving image name: MR 1
2026-04-01 12:07:14,115 - INFO - auto_fusion - main_auto_fusion.py - Fixed Bounding Box: [{'x': -40.078125, 'y': -40.078125, 'z': -29.25}, {'x': 39.921875, 'y': 39.921875, 'z': 19.875}]
2026-04-01 12:07:14,115 - INFO - auto_fusion - main_auto_fusion.py - Moving Bounding Box: [{'x': -12.859711533784443, 'y': -14.43676252365044, 'z': -1.8885780334472}, {'x': 12.740289801359397, 'y': 11.1632388114934, 'z': 12.8114227294922}]
2026-04-01 12:07:14,116 - INFO - auto_fusion - main_auto_fusion.py - Moving image transation: {'x': -1.5362301156492313, 'y': 1.7800395150028567, 'z': -22.061461463291465}
2026-04-01 12:07:14,116 - INFO - auto_fusion - main_auto_fusion.py - Creating registration for moving image named MR 1...
2026-04-01 12:07:17,391 - INFO - auto_fusion - main_auto_fusion.py - Initial Alignment: {'YawDegrees': 0, 'PitchDegrees': 0, 'RollDegrees': 0, 'Translation': {'x': -1.5362301156492313, 'y': 1.7800395150028567, 'z': -22.061461463291465}, 'RotationCenter': {'x': 0, 'y': 0, 'z': 0}}
2026-04-01 12:07:31,891 - INFO - auto_fusion - AutoFusion.py - 

===== Finished AutoFusion =====


2026-04-01 15:12:23,097 - INFO - auto_fusion - AutoFusion.py - 

===== Running AutoFusion =====
2026-04-01 15:12:23,208 - INFO - auto_fusion - AutoFusion.py - Patient_ID: 1059781 || CaseName: Case 1
2026-04-01 15:12:23,215 - INFO - auto_fusion - AutoFusion.py - Current Windows User: NYUMC\CHANG05
2026-04-01 15:12:23,290 - INFO - auto_fusion - main_auto_fusion.py - AutoFusion initialized...
2026-04-01 15:12:23,499 - INFO - auto_fusion - main_auto_fusion.py - Assigned target roi name to GTVp
2026-04-01 15:12:23,499 - INFO - auto_fusion - main_auto_fusion.py - Fusion popup window step skipped.
2026-04-01 15:12:23,626 - INFO - auto_fusion - main_auto_fusion.py - Target center of ROI target GTVp is: {'x': -0.2885085583502848, 'y': 0.9550577005406516, 'z': -3.512085981195293}
2026-04-01 15:12:23,657 - INFO - auto_fusion - main_auto_fusion.py - Creating fusion box...
2026-04-01 15:12:23,772 - INFO - auto_fusion - main_auto_fusion.py - Current moving image name: MRI_CK
2026-04-01 15:12:23,800 - INFO - auto_fusion - main_auto_fusion.py - Fixed Bounding Box: [{'x': -30.50947265, 'y': -30.50947265, 'z': -28.006999999999998}, {'x': 30.390520950000003, 'y': 30.390520950000003, 'z': 26.868000000000002}]
2026-04-01 15:12:23,800 - INFO - auto_fusion - main_auto_fusion.py - Moving Bounding Box: [{'x': -13.130251216888443, 'y': -13.715319347381442, 'z': -12.710221099853}, {'x': 12.469750118255398, 'y': 11.884681987762399, 'z': 1.9897789001464812}]
2026-04-01 15:12:23,800 - INFO - auto_fusion - main_auto_fusion.py - Moving image transation: {'x': -0.017733859033760735, 'y': 1.810900530350175, 'z': 1.2786351186579683}
2026-04-01 15:12:23,800 - INFO - auto_fusion - main_auto_fusion.py - Creating registration for moving image named MRI_CK...
2026-04-01 15:12:25,737 - INFO - auto_fusion - main_auto_fusion.py - Initial Alignment: {'YawDegrees': 0, 'PitchDegrees': 0, 'RollDegrees': 0, 'Translation': {'x': -0.017733859033760735, 'y': 1.810900530350175, 'z': 1.2786351186579683}, 'RotationCenter': {'x': 0, 'y': 0, 'z': 0}}
2026-04-01 15:12:47,309 - INFO - auto_fusion - AutoFusion.py - 

===== Finished AutoFusion =====


2026-04-02 07:55:36,356 - INFO - auto_fusion - AutoFusion.py - 

===== Running AutoFusion =====
2026-04-02 07:55:36,423 - INFO - auto_fusion - AutoFusion.py - Patient_ID: 14182457 || CaseName: Case 1
2026-04-02 07:55:36,427 - INFO - auto_fusion - AutoFusion.py - Current Windows User: NYUMC\CHANG05
2026-04-02 07:55:36,466 - INFO - auto_fusion - main_auto_fusion.py - AutoFusion initialized...
2026-04-02 07:56:11,126 - INFO - auto_fusion - main_auto_fusion.py - Fusion Popup Selected Values: {'ReferenceImageName': 'rectum', 'FusingImageName': ['MR_T2 COR OBL'], 'TargetName': 'Femur_Head_L', 'RegistrtaionType': 'Frame of Reference'}
2026-04-02 07:56:11,206 - INFO - auto_fusion - main_auto_fusion.py - Running DSL model...
2026-04-02 07:56:11,259 - INFO - auto_fusion - main_auto_fusion.py - Target center of ROI target Femur_Head_L is: {'x': 9.53886637503858, 'y': 0.21961674252524133, 'z': -5.498834453399956}
2026-04-02 07:56:11,348 - INFO - auto_fusion - main_auto_fusion.py - Creating fusion box...
2026-04-02 07:56:11,448 - INFO - auto_fusion - main_auto_fusion.py - Current moving image name: MR_T2 COR OBL
2026-04-02 07:56:11,476 - INFO - auto_fusion - main_auto_fusion.py - Fixed Bounding Box: [{'x': -30.409277350000004, 'y': -30.409277350000004, 'z': -30.0}, {'x': 30.29072904999999, 'y': 30.29072904999999, 'z': 27.5}]
2026-04-02 07:56:11,476 - INFO - auto_fusion - main_auto_fusion.py - Moving Bounding Box: [{'x': -4.740149307251, 'y': -9.108376906511772, 'z': -6.69706431947939}, {'x': 15.259850692749, 'y': 15.782903735424675, 'z': 18.206038503770326}]
2026-04-02 07:56:11,476 - INFO - auto_fusion - main_auto_fusion.py - Moving image transation: {'x': 4.219741532289573, 'y': -3.1769208219312173, 'z': -12.503321545545425}
2026-04-02 07:56:11,476 - INFO - auto_fusion - main_auto_fusion.py - Creating registration for moving image named MR_T2 COR OBL...
2026-04-02 07:56:13,734 - INFO - auto_fusion - main_auto_fusion.py - Initial Alignment: {'YawDegrees': 180, 'PitchDegrees': 0, 'RollDegrees': 0, 'Translation': {'x': 4.219741532289573, 'y': -3.1769208219312173, 'z': -12.503321545545425}, 'RotationCenter': {'x': 0, 'y': 0, 'z': 0}}
2026-04-02 07:56:27,679 - INFO - auto_fusion - AutoFusion.py - 

===== Finished AutoFusion =====


2026-04-03 12:12:08,654 - INFO - auto_fusion - AutoFusion.py - 

===== Running AutoFusion =====
2026-04-03 12:12:08,748 - INFO - auto_fusion - AutoFusion.py - Patient_ID: 17681740 || CaseName: Case 2
2026-04-03 12:12:08,752 - INFO - auto_fusion - AutoFusion.py - Current Windows User: NYUMC\CHANG05
2026-04-03 12:12:08,819 - INFO - auto_fusion - main_auto_fusion.py - AutoFusion initialized...
2026-04-03 12:12:09,004 - INFO - auto_fusion - main_auto_fusion.py - Assigned target roi name to GTVp
2026-04-03 12:12:09,004 - INFO - auto_fusion - main_auto_fusion.py - Fusion popup window step skipped.
2026-04-03 12:12:09,125 - INFO - auto_fusion - main_auto_fusion.py - Target center of ROI target GTVp is: {'x': -2.2431956330705365, 'y': -2.7548948625045577, 'z': -7.999862199164161}
2026-04-03 12:12:09,152 - INFO - auto_fusion - main_auto_fusion.py - Creating fusion box...
2026-04-03 12:12:09,337 - INFO - auto_fusion - main_auto_fusion.py - Current moving image name: MR 1
2026-04-03 12:12:09,364 - INFO - auto_fusion - main_auto_fusion.py - Fixed Bounding Box: [{'x': -40.078125, 'y': -40.078125, 'z': -27.5}, {'x': 39.921875, 'y': 39.921875, 'z': 23.375}]
2026-04-03 12:12:09,365 - INFO - auto_fusion - main_auto_fusion.py - Moving Bounding Box: [{'x': -12.769530302285443, 'y': -16.24036970138544, 'z': -1.7983966827392}, {'x': 12.830471032858398, 'y': 9.3596316337584, 'z': 12.9016036987305}]
2026-04-03 12:12:09,365 - INFO - auto_fusion - main_auto_fusion.py - Moving image transation: {'x': -2.351790998357014, 'y': 0.6073491713089618, 'z': -15.613965707159812}
2026-04-03 12:12:09,365 - INFO - auto_fusion - main_auto_fusion.py - Creating registration for moving image named MR 1...
2026-04-03 12:12:11,561 - INFO - auto_fusion - main_auto_fusion.py - Initial Alignment: {'YawDegrees': 0, 'PitchDegrees': 0, 'RollDegrees': 0, 'Translation': {'x': -2.351790998357014, 'y': 0.6073491713089618, 'z': -15.613965707159812}, 'RotationCenter': {'x': 0, 'y': 0, 'z': 0}}
2026-04-03 12:12:26,465 - INFO - auto_fusion - AutoFusion.py - 

===== Finished AutoFusion =====


2026-04-03 13:15:47,038 - INFO - auto_fusion - AutoFusion.py - 

===== Running AutoFusion =====
2026-04-03 13:15:47,127 - INFO - auto_fusion - AutoFusion.py - Patient_ID: 10306510 || CaseName: Case 2
2026-04-03 13:15:47,132 - INFO - auto_fusion - AutoFusion.py - Current Windows User: NYUMC\CHANG05
2026-04-03 13:15:47,197 - INFO - auto_fusion - main_auto_fusion.py - AutoFusion initialized...
2026-04-03 13:15:47,385 - INFO - auto_fusion - main_auto_fusion.py - Assigned target roi name to GTVp
2026-04-03 13:15:47,385 - INFO - auto_fusion - main_auto_fusion.py - Fusion popup window step skipped.
2026-04-03 13:15:47,507 - INFO - auto_fusion - main_auto_fusion.py - Target center of ROI target GTVp is: {'x': -0.011496808709846719, 'y': 0.9572481610746749, 'z': -6.940457496331425}
2026-04-03 13:15:47,532 - INFO - auto_fusion - main_auto_fusion.py - Creating fusion box...
2026-04-03 13:15:47,651 - INFO - auto_fusion - main_auto_fusion.py - Current moving image name: MRI_CK
2026-04-03 13:15:47,680 - INFO - auto_fusion - main_auto_fusion.py - Fixed Bounding Box: [{'x': -35.068359400000006, 'y': -35.068359400000006, 'z': -26.75}, {'x': 34.931666199999995, 'y': 34.931666199999995, 'z': 22.5}]
2026-04-03 13:15:47,680 - INFO - auto_fusion - main_auto_fusion.py - Moving Bounding Box: [{'x': -11.507005119323441, 'y': -14.346582603454442, 'z': -6.3074142456054}, {'x': 14.0929962158204, 'y': 11.253418731689399, 'z': 8.392585754394528}]
2026-04-03 13:15:47,681 - INFO - auto_fusion - main_auto_fusion.py - Moving image transation: {'x': -1.372838956958331, 'y': 2.435483496957191, 'z': -10.108043250725991}
2026-04-03 13:15:47,681 - INFO - auto_fusion - main_auto_fusion.py - Creating registration for moving image named MRI_CK...
2026-04-03 13:15:49,472 - INFO - auto_fusion - main_auto_fusion.py - Initial Alignment: {'YawDegrees': 0, 'PitchDegrees': 0, 'RollDegrees': 0, 'Translation': {'x': -1.372838956958331, 'y': 2.435483496957191, 'z': -10.108043250725991}, 'RotationCenter': {'x': 0, 'y': 0, 'z': 0}}
2026-04-03 13:16:03,277 - INFO - auto_fusion - AutoFusion.py - 

===== Finished AutoFusion =====


2026-04-06 09:25:56,890 - INFO - auto_fusion - AutoFusion.py - 

===== Running AutoFusion =====
2026-04-06 09:25:56,957 - INFO - auto_fusion - AutoFusion.py - Patient_ID: 10254826 || CaseName: Case 1
2026-04-06 09:25:56,963 - INFO - auto_fusion - AutoFusion.py - Current Windows User: NYUMC\WESTJ05
2026-04-06 09:25:57,030 - INFO - auto_fusion - main_auto_fusion.py - AutoFusion initialized...
2026-04-06 09:25:57,411 - INFO - auto_fusion - main_auto_fusion.py - Assigned target roi name to GTVp
2026-04-06 09:25:57,411 - INFO - auto_fusion - main_auto_fusion.py - Fusion popup window step skipped.
2026-04-06 09:25:57,573 - INFO - auto_fusion - main_auto_fusion.py - Target center of ROI target GTVp is: {'x': -0.82011360264027, 'y': 1.8840282166161055, 'z': 5.662445401612466}
2026-04-06 09:25:57,598 - INFO - auto_fusion - main_auto_fusion.py - Creating fusion box...
2026-04-06 09:25:57,873 - INFO - auto_fusion - main_auto_fusion.py - Current moving image name: MR_for_CK
2026-04-06 09:25:57,978 - INFO - auto_fusion - main_auto_fusion.py - Fixed Bounding Box: [{'x': -26.60185545, 'y': -26.60185545, 'z': -17.541999999999998}, {'x': 26.498125350000006, 'y': 26.498125350000006, 'z': 30.833000000000002}]
2026-04-06 09:25:57,978 - INFO - auto_fusion - main_auto_fusion.py - Moving Bounding Box: [{'x': -12.498990631103442, 'y': -15.609107685088441, 'z': -5.0448905944824}, {'x': 13.101010704040398, 'y': 9.9908936500554, 'z': 9.65510940551758}]
2026-04-06 09:25:57,979 - INFO - auto_fusion - main_auto_fusion.py - Moving image transation: {'x': -1.1729886891087442, 'y': 4.64127018413263, 'z': 10.002835996094877}
2026-04-06 09:25:57,979 - INFO - auto_fusion - main_auto_fusion.py - Creating registration for moving image named MR_for_CK...
2026-04-06 09:25:59,543 - INFO - auto_fusion - main_auto_fusion.py - Initial Alignment: {'YawDegrees': 0, 'PitchDegrees': 0, 'RollDegrees': 0, 'Translation': {'x': -1.1729886891087442, 'y': 4.64127018413263, 'z': 10.002835996094877}, 'RotationCenter': {'x': 0, 'y': 0, 'z': 0}}
2026-04-06 09:26:54,407 - INFO - auto_fusion - AutoFusion.py - 

===== Finished AutoFusion =====


2026-04-06 11:05:08,274 - INFO - auto_fusion - AutoFusion.py - 

===== Running AutoFusion =====
2026-04-06 11:05:08,386 - INFO - auto_fusion - AutoFusion.py - Patient_ID: 9765795 || CaseName: Case 1
2026-04-06 11:05:08,391 - INFO - auto_fusion - AutoFusion.py - Current Windows User: NYUMC\CHANG05
2026-04-06 11:05:08,461 - INFO - auto_fusion - main_auto_fusion.py - AutoFusion initialized...
2026-04-06 11:05:08,650 - INFO - auto_fusion - main_auto_fusion.py - Assigned target roi name to GTVp
2026-04-06 11:05:08,650 - INFO - auto_fusion - main_auto_fusion.py - Fusion popup window step skipped.
2026-04-06 11:05:08,777 - INFO - auto_fusion - main_auto_fusion.py - Target center of ROI target GTVp is: {'x': -1.2422788332856576, 'y': 0.5893446378836577, 'z': 1.0210541103628874}
2026-04-06 11:05:08,809 - INFO - auto_fusion - main_auto_fusion.py - Creating fusion box...
2026-04-06 11:05:08,940 - INFO - auto_fusion - main_auto_fusion.py - Current moving image name: MR 1
2026-04-06 11:05:08,972 - INFO - auto_fusion - main_auto_fusion.py - Fixed Bounding Box: [{'x': -25.0488281, 'y': -25.0488281, 'z': -22.2815}, {'x': 24.951146299999998, 'y': 24.951146299999998, 'z': 32.2185}]
2026-04-06 11:05:08,972 - INFO - auto_fusion - main_auto_fusion.py - Moving Bounding Box: [{'x': -13.310615015029441, 'y': -14.526942348479443, 'z': -9.824449920654299}, {'x': 12.2893863201144, 'y': 11.073058986664398, 'z': 4.8755500793457}]
2026-04-06 11:05:08,972 - INFO - auto_fusion - main_auto_fusion.py - Moving image transation: {'x': -0.7805053858281386, 'y': 2.267445418791178, 'z': 8.464004031017186}
2026-04-06 11:05:08,972 - INFO - auto_fusion - main_auto_fusion.py - Creating registration for moving image named MR 1...
2026-04-06 11:05:11,295 - INFO - auto_fusion - main_auto_fusion.py - Initial Alignment: {'YawDegrees': 0, 'PitchDegrees': 0, 'RollDegrees': 0, 'Translation': {'x': -0.7805053858281386, 'y': 2.267445418791178, 'z': 8.464004031017186}, 'RotationCenter': {'x': 0, 'y': 0, 'z': 0}}
2026-04-06 11:05:31,016 - INFO - auto_fusion - AutoFusion.py - 

===== Finished AutoFusion =====


2026-04-06 11:40:09,711 - INFO - auto_fusion - AutoFusion.py - 

===== Running AutoFusion =====
2026-04-06 11:40:09,777 - INFO - auto_fusion - AutoFusion.py - Patient_ID: 17054729 || CaseName: Case 1
2026-04-06 11:40:09,781 - INFO - auto_fusion - AutoFusion.py - Current Windows User: NYUMC\WESTJ05
2026-04-06 11:40:09,846 - INFO - auto_fusion - main_auto_fusion.py - AutoFusion initialized...
2026-04-06 11:40:10,330 - INFO - auto_fusion - main_auto_fusion.py - Assigned target roi name to GTVp
2026-04-06 11:40:10,330 - INFO - auto_fusion - main_auto_fusion.py - Fusion popup window step skipped.
2026-04-06 11:40:10,455 - INFO - auto_fusion - main_auto_fusion.py - Target center of ROI target GTVp is: {'x': -0.1482140057035343, 'y': 0.6588605607572467, 'z': -4.143128244154587}
2026-04-06 11:40:10,476 - INFO - auto_fusion - main_auto_fusion.py - Creating fusion box...
2026-04-06 11:40:10,657 - INFO - auto_fusion - main_auto_fusion.py - Current moving image name: MR_for_ck
2026-04-06 11:40:10,818 - INFO - auto_fusion - main_auto_fusion.py - Fixed Bounding Box: [{'x': -26.702050800000002, 'y': -26.702050800000002, 'z': -26.5}, {'x': 26.597968399999992, 'y': 26.597968399999992, 'z': 26.25}]
2026-04-06 11:40:10,818 - INFO - auto_fusion - main_auto_fusion.py - Moving Bounding Box: [{'x': -10.424843692779442, 'y': -15.158205509185441, 'z': -7.209218597412099}, {'x': 15.175157642364399, 'y': 10.4417958259584, 'z': 7.490781402587889}]
2026-04-06 11:40:10,818 - INFO - auto_fusion - main_auto_fusion.py - Moving image transation: {'x': -2.5754121804960177, 'y': 2.9650242023707625, 'z': -4.408909646742482}
2026-04-06 11:40:10,818 - INFO - auto_fusion - main_auto_fusion.py - Creating registration for moving image named MR_for_ck...
2026-04-06 11:40:11,580 - INFO - auto_fusion - main_auto_fusion.py - Initial Alignment: {'YawDegrees': 0, 'PitchDegrees': 0, 'RollDegrees': 0, 'Translation': {'x': -2.5754121804960177, 'y': 2.9650242023707625, 'z': -4.408909646742482}, 'RotationCenter': {'x': 0, 'y': 0, 'z': 0}}
2026-04-06 13:07:51,671 - INFO - auto_fusion - AutoFusion.py - 

===== Running AutoFusion =====
2026-04-06 13:07:51,738 - INFO - auto_fusion - AutoFusion.py - Patient_ID: 10368514 || CaseName: Case 1
2026-04-06 13:07:51,743 - INFO - auto_fusion - AutoFusion.py - Current Windows User: NYUMC\MACMEW01
2026-04-06 13:07:51,807 - INFO - auto_fusion - main_auto_fusion.py - AutoFusion initialized...
2026-04-06 13:07:52,022 - INFO - auto_fusion - main_auto_fusion.py - Assigned target roi name to GTVp
2026-04-06 13:07:52,022 - INFO - auto_fusion - main_auto_fusion.py - Fusion popup window step skipped.
2026-04-06 13:07:52,150 - INFO - auto_fusion - main_auto_fusion.py - Target center of ROI target GTVp is: {'x': -1.1714454996453365, 'y': -0.8090978137673869, 'z': -3.7305420078740683}
2026-04-06 13:07:52,174 - INFO - auto_fusion - main_auto_fusion.py - Creating fusion box...
2026-04-06 13:07:52,370 - INFO - auto_fusion - main_auto_fusion.py - Current moving image name: MR 1
2026-04-06 13:07:52,412 - INFO - auto_fusion - main_auto_fusion.py - Fixed Bounding Box: [{'x': -25.0488281, 'y': -25.0488281, 'z': -26.5}, {'x': 24.951146299999998, 'y': 24.951146299999998, 'z': 26.125}]
2026-04-06 13:07:52,412 - INFO - auto_fusion - main_auto_fusion.py - Moving Bounding Box: [{'x': -12.498990631103442, 'y': -14.256401348113442, 'z': -4.4136283874511}, {'x': 13.101010704040398, 'y': 11.343599987030398, 'z': 10.2863716125488}]
2026-04-06 13:07:52,412 - INFO - auto_fusion - main_auto_fusion.py - Moving image transation: {'x': -1.5212964361138162, 'y': 0.5984619667741334, 'z': -6.8544136204229185}
2026-04-06 13:07:52,412 - INFO - auto_fusion - main_auto_fusion.py - Creating registration for moving image named MR 1...
2026-04-06 13:07:53,408 - INFO - auto_fusion - main_auto_fusion.py - Initial Alignment: {'YawDegrees': 0, 'PitchDegrees': 0, 'RollDegrees': 0, 'Translation': {'x': -1.5212964361138162, 'y': 0.5984619667741334, 'z': -6.8544136204229185}, 'RotationCenter': {'x': 0, 'y': 0, 'z': 0}}
2026-04-06 13:08:18,972 - INFO - auto_fusion - AutoFusion.py - 

===== Finished AutoFusion =====


2026-04-07 09:27:44,372 - INFO - auto_fusion - AutoFusion.py - 

===== Running AutoFusion =====
2026-04-07 09:27:44,460 - INFO - auto_fusion - AutoFusion.py - Patient_ID: 2602196 || CaseName: Case 2
2026-04-07 09:27:44,464 - INFO - auto_fusion - AutoFusion.py - Current Windows User: NYUMC\CHANG05
2026-04-07 09:27:44,530 - INFO - auto_fusion - main_auto_fusion.py - AutoFusion initialized...
2026-04-07 09:27:44,721 - INFO - auto_fusion - main_auto_fusion.py - Assigned target roi name to GTVp
2026-04-07 09:27:44,721 - INFO - auto_fusion - main_auto_fusion.py - Fusion popup window step skipped.
2026-04-07 09:27:44,845 - INFO - auto_fusion - main_auto_fusion.py - Target center of ROI target GTVp is: {'x': -0.20705924979947174, 'y': 1.3291843197713282, 'z': -7.109096834517465}
2026-04-07 09:27:44,873 - INFO - auto_fusion - main_auto_fusion.py - Creating fusion box...
2026-04-07 09:27:44,987 - INFO - auto_fusion - main_auto_fusion.py - Current moving image name: MR 1
2026-04-07 09:27:45,022 - INFO - auto_fusion - main_auto_fusion.py - Fixed Bounding Box: [{'x': -33.4652344, 'y': -33.4652344, 'z': -29.8045}, {'x': 33.3347912, 'y': 33.3347912, 'z': 27.3205}]
2026-04-07 09:27:45,022 - INFO - auto_fusion - main_auto_fusion.py - Moving Bounding Box: [{'x': -12.632981000127074, 'y': -9.83299100000025, 'z': -9.21879}, {'x': 13.366891000000248, 'y': 16.16688100012707, 'z': 5.481209999999999}]
2026-04-07 09:27:45,022 - INFO - auto_fusion - main_auto_fusion.py - Moving image transation: {'x': -0.6392358497360594, 'y': -1.9029822802920817, 'z': -6.482306834517466}
2026-04-07 09:27:45,022 - INFO - auto_fusion - main_auto_fusion.py - Creating registration for moving image named MR 1...
2026-04-07 09:27:48,195 - INFO - auto_fusion - main_auto_fusion.py - Initial Alignment: {'YawDegrees': 0, 'PitchDegrees': 0, 'RollDegrees': 0, 'Translation': {'x': -0.6392358497360594, 'y': -1.9029822802920817, 'z': -6.482306834517466}, 'RotationCenter': {'x': 0, 'y': 0, 'z': 0}}
2026-04-07 09:28:04,086 - INFO - auto_fusion - AutoFusion.py - 

===== Finished AutoFusion =====


2026-04-07 11:15:31,313 - INFO - auto_fusion - AutoFusion.py - 

===== Running AutoFusion =====
2026-04-07 11:15:31,428 - INFO - auto_fusion - AutoFusion.py - Patient_ID: 15977537 || CaseName: Case 1
2026-04-07 11:15:31,433 - INFO - auto_fusion - AutoFusion.py - Current Windows User: NYUMC\CHANG05
2026-04-07 11:15:31,513 - INFO - auto_fusion - main_auto_fusion.py - AutoFusion initialized...
2026-04-07 11:15:31,740 - INFO - auto_fusion - main_auto_fusion.py - Assigned target roi name to GTVp
2026-04-07 11:15:31,741 - INFO - auto_fusion - main_auto_fusion.py - Fusion popup window step skipped.
2026-04-07 11:15:31,880 - INFO - auto_fusion - main_auto_fusion.py - Target center of ROI target GTVp is: {'x': 1.87462355818941, 'y': 2.008977948044561, 'z': -0.4437068308465}
2026-04-07 11:15:31,921 - INFO - auto_fusion - main_auto_fusion.py - Creating fusion box...
2026-04-07 11:15:32,080 - INFO - auto_fusion - main_auto_fusion.py - Current moving image name: MR 1
2026-04-07 11:15:32,116 - INFO - auto_fusion - main_auto_fusion.py - Fixed Bounding Box: [{'x': -30.2088867, 'y': -30.2088867, 'z': -25.8495}, {'x': 30.0910941, 'y': 30.0910941, 'z': 31.0255}]
2026-04-07 11:15:32,116 - INFO - auto_fusion - main_auto_fusion.py - Moving Bounding Box: [{'x': -12.498990631103442, 'y': -13.985860347747442, 'z': -1.5278572082519}, {'x': 13.101010704040398, 'y': 11.614140987396398, 'z': 13.1721435546875}]
2026-04-07 11:15:32,116 - INFO - auto_fusion - main_auto_fusion.py - Moving image transation: {'x': 1.5147172217209315, 'y': 3.135941328220082, 'z': -3.6778500040642985}
2026-04-07 11:15:32,116 - INFO - auto_fusion - main_auto_fusion.py - Creating registration for moving image named MR 1...
2026-04-07 11:15:34,458 - INFO - auto_fusion - main_auto_fusion.py - Initial Alignment: {'YawDegrees': 0, 'PitchDegrees': 0, 'RollDegrees': 0, 'Translation': {'x': 1.5147172217209315, 'y': 3.135941328220082, 'z': -3.6778500040642985}, 'RotationCenter': {'x': 0, 'y': 0, 'z': 0}}
2026-04-07 11:15:51,216 - INFO - auto_fusion - AutoFusion.py - 

===== Finished AutoFusion =====


2026-04-08 09:24:03,950 - INFO - auto_fusion - AutoFusion.py - 

===== Running AutoFusion =====
2026-04-08 09:24:04,019 - INFO - auto_fusion - AutoFusion.py - Patient_ID: 15286617 || CaseName: Case 1
2026-04-08 09:24:04,027 - INFO - auto_fusion - AutoFusion.py - Current Windows User: NYUMC\WESTJ05
2026-04-08 09:24:04,101 - INFO - auto_fusion - main_auto_fusion.py - AutoFusion initialized...
2026-04-08 09:24:04,432 - INFO - auto_fusion - main_auto_fusion.py - Assigned target roi name to GTVp
2026-04-08 09:24:04,432 - INFO - auto_fusion - main_auto_fusion.py - Fusion popup window step skipped.
2026-04-08 09:24:04,584 - INFO - auto_fusion - main_auto_fusion.py - Target center of ROI target GTVp is: {'x': -0.7310200688512429, 'y': 0.3590155661606259, 'z': -7.845134313604737}
2026-04-08 09:24:04,608 - INFO - auto_fusion - main_auto_fusion.py - Creating fusion box...
2026-04-08 09:24:04,758 - INFO - auto_fusion - main_auto_fusion.py - Current moving image name: MR _for_CK
2026-04-08 09:24:04,848 - INFO - auto_fusion - main_auto_fusion.py - Fixed Bounding Box: [{'x': -32.563476550000004, 'y': -32.563476550000004, 'z': -27.425}, {'x': 32.43651064999999, 'y': 32.43651064999999, 'z': 20.2}]
2026-04-08 09:24:04,848 - INFO - auto_fusion - main_auto_fusion.py - Moving Bounding Box: [{'x': -11.687366294860443, 'y': -14.977844524383443, 'z': -7.6601203918457}, {'x': 13.912635040283398, 'y': 10.622156810760398, 'z': 7.039879608154299}]
2026-04-08 09:24:04,849 - INFO - auto_fusion - main_auto_fusion.py - Moving image transation: {'x': -1.9071373915627285, 'y': 2.47337647297214, 'z': -11.147513921759037}
2026-04-08 09:24:04,849 - INFO - auto_fusion - main_auto_fusion.py - Creating registration for moving image named MR _for_CK...
2026-04-08 09:24:05,989 - INFO - auto_fusion - main_auto_fusion.py - Initial Alignment: {'YawDegrees': 0, 'PitchDegrees': 0, 'RollDegrees': 0, 'Translation': {'x': -1.9071373915627285, 'y': 2.47337647297214, 'z': -11.147513921759037}, 'RotationCenter': {'x': 0, 'y': 0, 'z': 0}}
2026-04-08 09:24:41,996 - INFO - auto_fusion - AutoFusion.py - 

===== Finished AutoFusion =====


2026-04-08 11:02:18,830 - INFO - auto_fusion - AutoFusion.py - 

===== Running AutoFusion =====
2026-04-08 11:02:18,935 - INFO - auto_fusion - AutoFusion.py - Patient_ID: 17745026 || CaseName: Case 1
2026-04-08 11:02:18,939 - INFO - auto_fusion - AutoFusion.py - Current Windows User: NYUMC\CHANG05
2026-04-08 11:02:19,001 - INFO - auto_fusion - main_auto_fusion.py - AutoFusion initialized...
2026-04-08 11:02:19,194 - INFO - auto_fusion - main_auto_fusion.py - Assigned target roi name to GTVp
2026-04-08 11:02:19,195 - INFO - auto_fusion - main_auto_fusion.py - Fusion popup window step skipped.
2026-04-08 11:02:19,310 - INFO - auto_fusion - main_auto_fusion.py - Target center of ROI target GTVp is: {'x': 0.24887488797124369, 'y': 2.852194263257954, 'z': -16.01625166038143}
2026-04-08 11:02:19,337 - INFO - auto_fusion - main_auto_fusion.py - Creating fusion box...
2026-04-08 11:02:19,446 - INFO - auto_fusion - main_auto_fusion.py - Current moving image name: MR 1
2026-04-08 11:02:19,478 - INFO - auto_fusion - main_auto_fusion.py - Fixed Bounding Box: [{'x': -32.563476550000004, 'y': -32.563476550000004, 'z': -35.55}, {'x': 32.43651064999999, 'y': 32.43651064999999, 'z': 9.450000000000003}]
2026-04-08 11:02:19,478 - INFO - auto_fusion - main_auto_fusion.py - Moving Bounding Box: [{'x': -9.853492355410072, 'y': -10.12326889044525, 'z': -0.82916564941406}, {'x': 16.14650764471725, 'y': 15.876731109682073, 'z': 10.870834350586}]
2026-04-08 11:02:19,478 - INFO - auto_fusion - main_auto_fusion.py - Moving image transation: {'x': -2.961115706682353, 'y': -0.08801979636046564, 'z': -34.0870860109674}
2026-04-08 11:02:19,478 - INFO - auto_fusion - main_auto_fusion.py - Creating registration for moving image named MR 1...
2026-04-08 11:02:22,039 - INFO - auto_fusion - main_auto_fusion.py - Initial Alignment: {'YawDegrees': 180, 'PitchDegrees': 0, 'RollDegrees': 0, 'Translation': {'x': -2.961115706682353, 'y': -0.08801979636046564, 'z': -34.0870860109674}, 'RotationCenter': {'x': 0, 'y': 0, 'z': 0}}
2026-04-08 11:02:33,412 - INFO - auto_fusion - AutoFusion.py - 

===== Finished AutoFusion =====


2026-04-08 11:08:51,907 - INFO - auto_fusion - AutoFusion.py - 

===== Running AutoFusion =====
2026-04-08 11:08:52,019 - INFO - auto_fusion - AutoFusion.py - Patient_ID: 17741453 || CaseName: Case 1
2026-04-08 11:08:52,025 - INFO - auto_fusion - AutoFusion.py - Current Windows User: NYUMC\CHANG05
2026-04-08 11:08:52,100 - INFO - auto_fusion - main_auto_fusion.py - AutoFusion initialized...
2026-04-08 11:08:52,330 - INFO - auto_fusion - main_auto_fusion.py - Assigned target roi name to GTVp
2026-04-08 11:08:52,330 - INFO - auto_fusion - main_auto_fusion.py - Fusion popup window step skipped.
2026-04-08 11:08:52,471 - INFO - auto_fusion - main_auto_fusion.py - Target center of ROI target GTVp is: {'x': -0.05681212362998458, 'y': -2.700681778319524, 'z': -1.8354421407983608}
2026-04-08 11:08:52,511 - INFO - auto_fusion - main_auto_fusion.py - Creating fusion box...
2026-04-08 11:08:52,670 - INFO - auto_fusion - main_auto_fusion.py - Current moving image name: MR 1
2026-04-08 11:08:52,701 - INFO - auto_fusion - main_auto_fusion.py - Fixed Bounding Box: [{'x': -40.078125, 'y': -40.078125, 'z': -22.75}, {'x': 39.921875, 'y': 39.921875, 'z': 32.5}]
2026-04-08 11:08:52,702 - INFO - auto_fusion - main_auto_fusion.py - Moving Bounding Box: [{'x': -13.971181000127077, 'y': -11.59728100000025, 'z': -3.3228299999999997}, {'x': 12.028691000000245, 'y': 14.402591000127073, 'z': 8.37717}]
2026-04-08 11:08:52,702 - INFO - auto_fusion - main_auto_fusion.py - Moving image transation: {'x': 0.8363078764334311, 'y': -4.1814617783829355, 'z': 0.5123878592016391}
2026-04-08 11:08:52,702 - INFO - auto_fusion - main_auto_fusion.py - Creating registration for moving image named MR 1...
2026-04-08 11:09:00,486 - INFO - auto_fusion - main_auto_fusion.py - Initial Alignment: {'YawDegrees': 0, 'PitchDegrees': 0, 'RollDegrees': 0, 'Translation': {'x': 0.8363078764334311, 'y': -4.1814617783829355, 'z': 0.5123878592016391}, 'RotationCenter': {'x': 0, 'y': 0, 'z': 0}}
2026-04-08 11:09:27,480 - INFO - auto_fusion - AutoFusion.py - 

===== Finished AutoFusion =====


2026-04-09 08:50:54,573 - INFO - auto_fusion - AutoFusion.py - 

===== Running AutoFusion =====
2026-04-09 08:50:54,664 - INFO - auto_fusion - AutoFusion.py - Patient_ID: 8878825 || CaseName: Case 1
2026-04-09 08:50:54,668 - INFO - auto_fusion - AutoFusion.py - Current Windows User: NYUMC\CHANG05
2026-04-09 08:50:54,755 - INFO - auto_fusion - main_auto_fusion.py - AutoFusion initialized...
2026-04-09 08:50:54,932 - INFO - auto_fusion - main_auto_fusion.py - Assigned target roi name to GTVp
2026-04-09 08:50:54,932 - INFO - auto_fusion - main_auto_fusion.py - Fusion popup window step skipped.
2026-04-09 08:50:55,092 - INFO - auto_fusion - main_auto_fusion.py - Target center of ROI target GTVp is: {'x': -0.08266996890621772, 'y': -1.2030102212931408, 'z': -10.551793943820398}
2026-04-09 08:50:55,144 - INFO - auto_fusion - main_auto_fusion.py - Creating fusion box...
2026-04-09 08:50:55,269 - INFO - auto_fusion - main_auto_fusion.py - Current moving image name: MRI_CK
2026-04-09 08:50:55,300 - INFO - auto_fusion - main_auto_fusion.py - Fixed Bounding Box: [{'x': -32.563476550000004, 'y': -32.563476550000004, 'z': -31.875}, {'x': 32.43651064999999, 'y': 32.43651064999999, 'z': 18.625}]
2026-04-09 08:50:55,301 - INFO - auto_fusion - main_auto_fusion.py - Moving Bounding Box: [{'x': -13.505681000127076, 'y': -11.866581000000249, 'z': -2.36593}, {'x': 12.494191000000246, 'y': 14.133291000127073, 'z': 9.334069999999999}]
2026-04-09 08:50:55,301 - INFO - auto_fusion - main_auto_fusion.py - Moving image transation: {'x': 0.35959208115718944, 'y': -2.3998481713565614, 'z': -20.6608639438204}
2026-04-09 08:50:55,301 - INFO - auto_fusion - main_auto_fusion.py - Creating registration for moving image named MRI_CK...
2026-04-09 08:50:57,145 - INFO - auto_fusion - main_auto_fusion.py - Initial Alignment: {'YawDegrees': 180, 'PitchDegrees': 0, 'RollDegrees': 0, 'Translation': {'x': 0.35959208115718944, 'y': -2.3998481713565614, 'z': -20.6608639438204}, 'RotationCenter': {'x': 0, 'y': 0, 'z': 0}}
2026-04-09 08:51:11,634 - INFO - auto_fusion - AutoFusion.py - 

===== Finished AutoFusion =====


2026-04-09 11:44:06,685 - INFO - auto_fusion - AutoFusion.py - 

===== Running AutoFusion =====
2026-04-09 11:44:06,773 - INFO - auto_fusion - AutoFusion.py - Patient_ID: 17836401 || CaseName: Case 1
2026-04-09 11:44:06,776 - INFO - auto_fusion - AutoFusion.py - Current Windows User: NYUMC\CHANG05
2026-04-09 11:44:06,857 - INFO - auto_fusion - main_auto_fusion.py - AutoFusion initialized...
2026-04-09 11:44:07,027 - INFO - auto_fusion - main_auto_fusion.py - Assigned target roi name to GTVp
2026-04-09 11:44:07,027 - INFO - auto_fusion - main_auto_fusion.py - Fusion popup window step skipped.
2026-04-09 11:44:07,174 - INFO - auto_fusion - main_auto_fusion.py - Target center of ROI target GTVp is: {'x': 0.6952904195520287, 'y': 0.29082311504829794, 'z': -4.177849103038731}
2026-04-09 11:44:07,203 - INFO - auto_fusion - main_auto_fusion.py - Creating fusion box...
2026-04-09 11:44:07,334 - INFO - auto_fusion - main_auto_fusion.py - Current moving image name: MRI_CK
2026-04-09 11:44:07,361 - INFO - auto_fusion - main_auto_fusion.py - Fixed Bounding Box: [{'x': -32.563476550000004, 'y': -32.563476550000004, 'z': -25.525}, {'x': 32.43651064999999, 'y': 32.43651064999999, 'z': 24.475}]
2026-04-09 11:44:07,361 - INFO - auto_fusion - main_auto_fusion.py - Moving Bounding Box: [{'x': -10.334662532806442, 'y': -15.338566684722442, 'z': -4.503807067871}, {'x': 15.265338802337398, 'y': 10.261434650421398, 'z': 10.1961929321289}]
2026-04-09 11:44:07,361 - INFO - auto_fusion - main_auto_fusion.py - Moving image transation: {'x': -1.8335306652134573, 'y': 2.7659061821988122, 'z': -7.5490420351676795}
2026-04-09 11:44:07,362 - INFO - auto_fusion - main_auto_fusion.py - Creating registration for moving image named MRI_CK...
2026-04-09 11:44:09,453 - INFO - auto_fusion - main_auto_fusion.py - Initial Alignment: {'YawDegrees': 0, 'PitchDegrees': 0, 'RollDegrees': 0, 'Translation': {'x': -1.8335306652134573, 'y': 2.7659061821988122, 'z': -7.5490420351676795}, 'RotationCenter': {'x': 0, 'y': 0, 'z': 0}}
2026-04-09 11:44:23,344 - INFO - auto_fusion - AutoFusion.py - 

===== Finished AutoFusion =====


2026-04-13 10:55:00,818 - INFO - auto_fusion - AutoFusion.py - 

===== Running AutoFusion =====
2026-04-13 10:55:00,893 - INFO - auto_fusion - AutoFusion.py - Patient_ID: 12018365 || CaseName: Case 2
2026-04-13 10:55:00,897 - INFO - auto_fusion - AutoFusion.py - Current Windows User: NYUMC\WESTJ05
2026-04-13 10:55:00,984 - INFO - auto_fusion - main_auto_fusion.py - AutoFusion initialized...
2026-04-13 10:55:01,254 - INFO - auto_fusion - main_auto_fusion.py - Assigned target roi name to GTVp
2026-04-13 10:55:01,254 - INFO - auto_fusion - main_auto_fusion.py - Fusion popup window step skipped.
2026-04-13 10:55:01,449 - INFO - auto_fusion - main_auto_fusion.py - Target center of ROI target GTVp is: {'x': -0.32735841787036835, 'y': -0.07049724855394494, 'z': -7.797391849808713}
2026-04-13 10:55:01,481 - INFO - auto_fusion - main_auto_fusion.py - Creating fusion box...
2026-04-13 10:55:01,732 - INFO - auto_fusion - main_auto_fusion.py - Current moving image name: MR_For_CK
2026-04-13 10:55:01,808 - INFO - auto_fusion - main_auto_fusion.py - Fixed Bounding Box: [{'x': -29.457421900000003, 'y': -29.457421900000003, 'z': -30.5645}, {'x': 29.3426037, 'y': 29.3426037, 'z': 24.5605}]
2026-04-13 10:55:01,808 - INFO - auto_fusion - main_auto_fusion.py - Moving Bounding Box: [{'x': -12.705781000127073, 'y': -11.89638100000025, 'z': -3.5655200000000002}, {'x': 13.294091000000249, 'y': 14.103491000127072, 'z': 8.13448}]
2026-04-13 10:55:01,808 - INFO - auto_fusion - main_auto_fusion.py - Moving image transation: {'x': -0.6789225178069569, 'y': -1.2314613486173567, 'z': -13.083871849808713}
2026-04-13 10:55:01,808 - INFO - auto_fusion - main_auto_fusion.py - Creating registration for moving image named MR_For_CK...
2026-04-13 10:55:02,604 - INFO - auto_fusion - main_auto_fusion.py - Initial Alignment: {'YawDegrees': 0, 'PitchDegrees': 0, 'RollDegrees': 0, 'Translation': {'x': -0.6789225178069569, 'y': -1.2314613486173567, 'z': -13.083871849808713}, 'RotationCenter': {'x': 0, 'y': 0, 'z': 0}}
2026-04-13 10:56:21,340 - INFO - auto_fusion - AutoFusion.py - 

===== Finished AutoFusion =====


2026-04-13 11:00:25,625 - INFO - auto_fusion - AutoFusion.py - 

===== Running AutoFusion =====
2026-04-13 11:00:25,714 - INFO - auto_fusion - AutoFusion.py - Patient_ID: 12342728 || CaseName: Case 1
2026-04-13 11:00:25,720 - INFO - auto_fusion - AutoFusion.py - Current Windows User: NYUMC\DIBARD04
2026-04-13 11:00:25,788 - INFO - auto_fusion - main_auto_fusion.py - AutoFusion initialized...
2026-04-13 11:00:25,961 - INFO - auto_fusion - main_auto_fusion.py - Assigned target roi name to GTVp
2026-04-13 11:00:25,962 - INFO - auto_fusion - main_auto_fusion.py - Fusion popup window step skipped.
2026-04-13 11:00:26,091 - INFO - auto_fusion - main_auto_fusion.py - Target center of ROI target GTVp is: {'x': 1.5224899060502641, 'y': -1.3820473122557284, 'z': -12.491795366751967}
2026-04-13 11:00:26,129 - INFO - auto_fusion - main_auto_fusion.py - Creating fusion box...
2026-04-13 11:00:26,260 - INFO - auto_fusion - main_auto_fusion.py - Current moving image name: MR 1
2026-04-13 11:00:26,290 - INFO - auto_fusion - main_auto_fusion.py - Fixed Bounding Box: [{'x': -38.3748047, 'y': -38.3748047, 'z': -41.074}, {'x': 38.2252081, 'y': 38.2252081, 'z': 14.426000000000002}]
2026-04-13 11:00:26,290 - INFO - auto_fusion - main_auto_fusion.py - Moving Bounding Box: [{'x': -12.85971287488844, 'y': -15.158205509185441, 'z': -1.6180385589598998}, {'x': 12.7402884602554, 'y': 10.4417958259584, 'z': 13.0819610595703}]
2026-04-13 11:00:26,290 - INFO - auto_fusion - main_auto_fusion.py - Moving image transation: {'x': 1.507403813366787, 'y': 0.9013592293577948, 'z': -31.547756617057164}
2026-04-13 11:00:26,290 - INFO - auto_fusion - main_auto_fusion.py - Creating registration for moving image named MR 1...
2026-04-13 11:00:27,054 - INFO - auto_fusion - main_auto_fusion.py - Initial Alignment: {'YawDegrees': 0, 'PitchDegrees': 0, 'RollDegrees': 0, 'Translation': {'x': 1.507403813366787, 'y': 0.9013592293577948, 'z': -31.547756617057164}, 'RotationCenter': {'x': 0, 'y': 0, 'z': 0}}
2026-04-13 11:00:52,870 - INFO - auto_fusion - AutoFusion.py - 

===== Finished AutoFusion =====


2026-04-14 11:40:07,535 - INFO - auto_fusion - AutoFusion.py - 

===== Running AutoFusion =====
2026-04-14 11:40:07,601 - INFO - auto_fusion - AutoFusion.py - Patient_ID: 12454014 || CaseName: Brain_CK
2026-04-14 11:40:07,607 - INFO - auto_fusion - AutoFusion.py - Current Windows User: NYUMC\CLANCO01
2026-04-14 11:40:07,768 - INFO - auto_fusion - main_auto_fusion.py - AutoFusion initialized...
2026-04-14 11:40:17,098 - INFO - auto_fusion - main_auto_fusion.py - Fusion Popup Selected Values: {'ReferenceImageName': 'BRAIN', 'FusingImageName': ['CT 1'], 'TargetName': 'Brain', 'RegistrtaionType': 'Frame of Reference'}
2026-04-14 11:40:17,745 - INFO - auto_fusion - main_auto_fusion.py - Running DSL model...
2026-04-14 11:40:17,900 - INFO - auto_fusion - main_auto_fusion.py - Target center of ROI target Brain is: {'x': -1.3511554085390303, 'y': 1.0426027186347966, 'z': -1.8502137228676427}
2026-04-14 11:40:18,179 - INFO - auto_fusion - main_auto_fusion.py - Creating fusion box...
2026-04-14 11:40:18,412 - INFO - auto_fusion - main_auto_fusion.py - Current moving image name: CT 1
2026-04-14 11:40:19,014 - INFO - auto_fusion - main_auto_fusion.py - Running DSL model...
2026-04-14 11:40:19,031 - INFO - auto_fusion - main_auto_fusion.py - Fixed Bounding Box: [{'x': -25.0488281, 'y': -25.0488281, 'z': -26.5}, {'x': 24.951146299999998, 'y': 24.951146299999998, 'z': 12.5}]
2026-04-14 11:40:19,031 - INFO - auto_fusion - main_auto_fusion.py - Moving Bounding Box: [{'x': -24.1470703, 'y': -24.1470703, 'z': -17.25}, {'x': 24.052916899999996, 'y': 24.052916899999996, 'z': 21.125}]
2026-04-14 11:40:19,031 - INFO - auto_fusion - main_auto_fusion.py - Moving image transation: {'x': -1.3529196085390305, 'y': 1.0408385186347964, 'z': -10.787713722867643}
2026-04-14 11:40:19,031 - INFO - auto_fusion - main_auto_fusion.py - Creating registration for moving image named CT 1...
2026-04-14 11:40:21,138 - INFO - auto_fusion - main_auto_fusion.py - Initial Alignment: {'YawDegrees': 0, 'PitchDegrees': 0, 'RollDegrees': 0, 'Translation': {'x': -1.3529196085390305, 'y': 1.0408385186347964, 'z': -10.787713722867643}, 'RotationCenter': {'x': 0, 'y': 0, 'z': 0}}
2026-04-14 11:42:02,222 - INFO - auto_fusion - AutoFusion.py - 

===== Finished AutoFusion =====


2026-04-15 08:28:20,392 - INFO - auto_fusion - AutoFusion.py - 

===== Running AutoFusion =====
2026-04-15 08:28:20,483 - INFO - auto_fusion - AutoFusion.py - Patient_ID: 13294752 || CaseName: Case 1
2026-04-15 08:28:20,488 - INFO - auto_fusion - AutoFusion.py - Current Windows User: NYUMC\CHANG05
2026-04-15 08:28:20,556 - INFO - auto_fusion - main_auto_fusion.py - AutoFusion initialized...
2026-04-15 08:28:20,741 - INFO - auto_fusion - main_auto_fusion.py - Assigned target roi name to GTVp
2026-04-15 08:28:20,742 - INFO - auto_fusion - main_auto_fusion.py - Fusion popup window step skipped.
2026-04-15 08:28:20,868 - INFO - auto_fusion - main_auto_fusion.py - Target center of ROI target GTVp is: {'x': -0.9385603389912152, 'y': 3.656296768750621, 'z': 1.921576628709801}
2026-04-15 08:28:20,899 - INFO - auto_fusion - main_auto_fusion.py - Creating fusion box...
2026-04-15 08:28:21,005 - INFO - auto_fusion - main_auto_fusion.py - Current moving image name: MR 1
2026-04-15 08:28:21,037 - INFO - auto_fusion - main_auto_fusion.py - Fixed Bounding Box: [{'x': -40.078125, 'y': -40.078125, 'z': -14.4}, {'x': 39.921875, 'y': 39.921875, 'z': 41.475}]
2026-04-15 08:28:21,037 - INFO - auto_fusion - main_auto_fusion.py - Moving Bounding Box: [{'x': -15.186581000127076, 'y': -10.012421000000248, 'z': -6.31824}, {'x': 10.813291000000246, 'y': 15.987451000127074, 'z': 5.381759999999999}]
2026-04-15 08:28:21,038 - INFO - auto_fusion - main_auto_fusion.py - Moving image transation: {'x': 1.1699596610721994, 'y': 0.5906567686872086, 'z': 15.9273166287098}
2026-04-15 08:28:21,038 - INFO - auto_fusion - main_auto_fusion.py - Creating registration for moving image named MR 1...
2026-04-15 08:28:23,198 - INFO - auto_fusion - main_auto_fusion.py - Initial Alignment: {'YawDegrees': 0, 'PitchDegrees': 0, 'RollDegrees': 0, 'Translation': {'x': 1.1699596610721994, 'y': 0.5906567686872086, 'z': 15.9273166287098}, 'RotationCenter': {'x': 0, 'y': 0, 'z': 0}}
2026-04-15 08:28:39,072 - INFO - auto_fusion - AutoFusion.py - 

===== Finished AutoFusion =====


2026-04-15 11:24:14,975 - INFO - auto_fusion - AutoFusion.py - 

===== Running AutoFusion =====
2026-04-15 11:24:15,061 - INFO - auto_fusion - AutoFusion.py - Patient_ID: 9065660 || CaseName: Case 1
2026-04-15 11:24:15,065 - INFO - auto_fusion - AutoFusion.py - Current Windows User: NYUMC\DIBARD04
2026-04-15 11:24:15,128 - INFO - auto_fusion - main_auto_fusion.py - AutoFusion initialized...
2026-04-15 11:24:15,301 - INFO - auto_fusion - main_auto_fusion.py - Assigned target roi name to GTVp
2026-04-15 11:24:15,302 - INFO - auto_fusion - main_auto_fusion.py - Fusion popup window step skipped.
2026-04-15 11:24:15,431 - INFO - auto_fusion - main_auto_fusion.py - Target center of ROI target GTVp is: {'x': -0.6827311362521921, 'y': 0.6820443083039377, 'z': -4.828473623037256}
2026-04-15 11:24:15,481 - INFO - auto_fusion - main_auto_fusion.py - Creating fusion box...
2026-04-15 11:24:15,613 - INFO - auto_fusion - main_auto_fusion.py - Current moving image name: MR 1
2026-04-15 11:24:15,648 - INFO - auto_fusion - main_auto_fusion.py - Fixed Bounding Box: [{'x': -32.563476550000004, 'y': -32.563476550000004, 'z': -28.775}, {'x': 32.43651064999999, 'y': 32.43651064999999, 'z': 20.475}]
2026-04-15 11:24:15,648 - INFO - auto_fusion - main_auto_fusion.py - Moving Bounding Box: [{'x': -14.301481000127076, 'y': -9.92408100000025, 'z': -6.672490000000001}, {'x': 11.698391000000246, 'y': 16.075791000127072, 'z': 5.027509999999999}]
2026-04-15 11:24:15,648 - INFO - auto_fusion - main_auto_fusion.py - Moving image transation: {'x': 0.5553309138112149, 'y': -2.4572936417594815, 'z': -8.155983623037255}
2026-04-15 11:24:15,648 - INFO - auto_fusion - main_auto_fusion.py - Creating registration for moving image named MR 1...
2026-04-15 11:24:16,542 - INFO - auto_fusion - main_auto_fusion.py - Initial Alignment: {'YawDegrees': 0, 'PitchDegrees': 0, 'RollDegrees': 0, 'Translation': {'x': 0.5553309138112149, 'y': -2.4572936417594815, 'z': -8.155983623037255}, 'RotationCenter': {'x': 0, 'y': 0, 'z': 0}}
2026-04-15 11:24:39,229 - INFO - auto_fusion - AutoFusion.py - 

===== Finished AutoFusion =====


2026-04-15 11:30:46,380 - INFO - auto_fusion - AutoFusion.py - 

===== Running AutoFusion =====
2026-04-15 11:30:46,453 - INFO - auto_fusion - AutoFusion.py - Patient_ID: 12401573 || CaseName: Case 1
2026-04-15 11:30:46,457 - INFO - auto_fusion - AutoFusion.py - Current Windows User: NYUMC\DIBARD04
2026-04-15 11:30:46,534 - INFO - auto_fusion - main_auto_fusion.py - AutoFusion initialized...
2026-04-15 11:30:46,717 - INFO - auto_fusion - main_auto_fusion.py - Assigned target roi name to GTVp
2026-04-15 11:30:46,717 - INFO - auto_fusion - main_auto_fusion.py - Fusion popup window step skipped.
2026-04-15 11:30:46,878 - INFO - auto_fusion - main_auto_fusion.py - Target center of ROI target GTVp is: {'x': -1.4890809561371419, 'y': -0.3667544699173797, 'z': -8.956947354221347}
2026-04-15 11:30:46,908 - INFO - auto_fusion - main_auto_fusion.py - Creating fusion box...
2026-04-15 11:30:47,019 - INFO - auto_fusion - main_auto_fusion.py - Current moving image name: MR 1
2026-04-15 11:30:47,049 - INFO - auto_fusion - main_auto_fusion.py - Fixed Bounding Box: [{'x': -32.563476550000004, 'y': -32.563476550000004, 'z': -33.8}, {'x': 32.43651064999999, 'y': 32.43651064999999, 'z': 18.075000000000003}]
2026-04-15 11:30:47,049 - INFO - auto_fusion - main_auto_fusion.py - Moving Bounding Box: [{'x': -13.638681000127075, 'y': -9.122421000000248, 'z': -6.8328500000000005}, {'x': 12.361191000000247, 'y': 16.877451000127074, 'z': 4.867149999999999}]
2026-04-15 11:30:47,049 - INFO - auto_fusion - main_auto_fusion.py - Moving image transation: {'x': -0.9138189060737356, 'y': -4.307752419980801, 'z': -15.836597354221345}
2026-04-15 11:30:47,050 - INFO - auto_fusion - main_auto_fusion.py - Creating registration for moving image named MR 1...
2026-04-15 11:30:47,957 - INFO - auto_fusion - main_auto_fusion.py - Initial Alignment: {'YawDegrees': 0, 'PitchDegrees': 0, 'RollDegrees': 0, 'Translation': {'x': -0.9138189060737356, 'y': -4.307752419980801, 'z': -15.836597354221345}, 'RotationCenter': {'x': 0, 'y': 0, 'z': 0}}
2026-04-15 11:31:09,023 - INFO - auto_fusion - AutoFusion.py - 

===== Finished AutoFusion =====


2026-04-15 12:48:51,171 - INFO - auto_fusion - AutoFusion.py - 

===== Running AutoFusion =====
2026-04-15 12:48:51,259 - INFO - auto_fusion - AutoFusion.py - Patient_ID: 14795219 || CaseName: Case 1
2026-04-15 12:48:51,265 - INFO - auto_fusion - AutoFusion.py - Current Windows User: NYUMC\WESTJ05
2026-04-15 12:48:51,351 - INFO - auto_fusion - main_auto_fusion.py - AutoFusion initialized...
2026-04-15 12:48:51,539 - INFO - auto_fusion - main_auto_fusion.py - Assigned target roi name to GTVp
2026-04-15 12:48:51,539 - INFO - auto_fusion - main_auto_fusion.py - Fusion popup window step skipped.
2026-04-15 12:48:51,694 - INFO - auto_fusion - main_auto_fusion.py - Target center of ROI target GTVp is: {'x': -1.0849108611694427, 'y': -2.933189590720425, 'z': -10.969742662246286}
2026-04-15 12:48:51,733 - INFO - auto_fusion - main_auto_fusion.py - Creating fusion box...
2026-04-15 12:48:51,898 - INFO - auto_fusion - main_auto_fusion.py - Current moving image name: MR_for_CK
2026-04-15 12:48:51,934 - INFO - auto_fusion - main_auto_fusion.py - Fixed Bounding Box: [{'x': -40.078125, 'y': -40.078125, 'z': -32.875}, {'x': 39.921875, 'y': 39.921875, 'z': 20.0}]
2026-04-15 12:48:51,934 - INFO - auto_fusion - main_auto_fusion.py - Moving Bounding Box: [{'x': -11.112881000127073, 'y': -8.354421000000249, 'z': -6.94535}, {'x': 14.886991000000249, 'y': 17.645451000127075, 'z': 4.754649999999999}]
2026-04-15 12:48:51,934 - INFO - auto_fusion - main_auto_fusion.py - Moving image transation: {'x': -3.0500908611060304, 'y': -7.656829590783839, 'z': -16.311892662246287}
2026-04-15 12:48:51,934 - INFO - auto_fusion - main_auto_fusion.py - Creating registration for moving image named MR_for_CK...
2026-04-15 12:48:52,483 - INFO - auto_fusion - main_auto_fusion.py - Initial Alignment: {'YawDegrees': 0, 'PitchDegrees': 0, 'RollDegrees': 0, 'Translation': {'x': -3.0500908611060304, 'y': -7.656829590783839, 'z': -16.311892662246287}, 'RotationCenter': {'x': 0, 'y': 0, 'z': 0}}
2026-04-15 12:49:28,530 - INFO - auto_fusion - AutoFusion.py - 

===== Finished AutoFusion =====


2026-04-15 14:46:06,970 - INFO - auto_fusion - AutoFusion.py - 

===== Running AutoFusion =====
2026-04-15 14:46:07,059 - INFO - auto_fusion - AutoFusion.py - Patient_ID: 10241284 || CaseName: Case 2
2026-04-15 14:46:07,063 - INFO - auto_fusion - AutoFusion.py - Current Windows User: NYUMC\CLANCO01
2026-04-15 14:46:07,135 - INFO - auto_fusion - main_auto_fusion.py - AutoFusion initialized...
2026-04-15 14:46:07,318 - INFO - auto_fusion - main_auto_fusion.py - Assigned target roi name to Brain
2026-04-15 14:46:07,318 - INFO - auto_fusion - main_auto_fusion.py - Fusion popup window step skipped.
2026-04-15 14:46:07,531 - INFO - auto_fusion - main_auto_fusion.py - Target center of ROI target Brain is: {'x': -0.484988570610499, 'y': 2.9642576148271766, 'z': 4.220246588916155}
2026-04-15 14:46:07,702 - INFO - auto_fusion - main_auto_fusion.py - Creating fusion box...
2026-04-15 14:46:07,843 - INFO - auto_fusion - main_auto_fusion.py - Current moving image name: MR 1
2026-04-15 14:46:07,878 - INFO - auto_fusion - main_auto_fusion.py - Fixed Bounding Box: [{'x': -29.206933600000003, 'y': -29.206933600000003, 'z': -19.75}, {'x': 29.09307279999999, 'y': 29.09307279999999, 'z': 22.25}]
2026-04-15 14:46:07,878 - INFO - auto_fusion - main_auto_fusion.py - Moving Bounding Box: [{'x': -13.848588920333855, 'y': -13.7024258508917, 'z': -14.402292816879168}, {'x': 15.110663967770567, 'y': 14.11240980565901, 'z': 6.406509099180489}]
2026-04-15 14:46:07,878 - INFO - auto_fusion - main_auto_fusion.py - Moving image transation: {'x': -1.1729564943288617, 'y': 2.702335237443516, 'z': 9.468138447765494}
2026-04-15 14:46:07,879 - INFO - auto_fusion - main_auto_fusion.py - Creating registration for moving image named MR 1...
2026-04-15 14:46:08,776 - INFO - auto_fusion - main_auto_fusion.py - Initial Alignment: {'YawDegrees': 0, 'PitchDegrees': 0, 'RollDegrees': 0, 'Translation': {'x': -1.1729564943288617, 'y': 2.702335237443516, 'z': 9.468138447765494}, 'RotationCenter': {'x': 0, 'y': 0, 'z': 0}}
2026-04-15 14:46:30,350 - INFO - auto_fusion - AutoFusion.py - 

===== Finished AutoFusion =====


2026-04-15 14:56:51,450 - INFO - auto_fusion - AutoFusion.py - 

===== Running AutoFusion =====
2026-04-15 14:56:51,536 - INFO - auto_fusion - AutoFusion.py - Patient_ID: 9805303 || CaseName: Case 1
2026-04-15 14:56:51,540 - INFO - auto_fusion - AutoFusion.py - Current Windows User: NYUMC\CLANCO01
2026-04-15 14:56:51,581 - INFO - auto_fusion - main_auto_fusion.py - AutoFusion initialized...
2026-04-15 14:57:13,889 - INFO - auto_fusion - main_auto_fusion.py - Fusion Popup Selected Values: {'ReferenceImageName': 'T12', 'FusingImageName': ['MR 1'], 'TargetName': 'T12', 'RegistrtaionType': 'Frame of Reference'}
2026-04-15 14:57:13,987 - INFO - auto_fusion - main_auto_fusion.py - Running DSL model...
2026-04-15 14:57:14,003 - INFO - auto_fusion - main_auto_fusion.py - Target center of ROI target T12 is: {'x': 1.1828856332158226, 'y': 2.388002922056479, 'z': -4.784653126172761}
2026-04-15 14:57:14,017 - INFO - auto_fusion - main_auto_fusion.py - Creating fusion box...
2026-04-15 14:57:14,360 - INFO - auto_fusion - main_auto_fusion.py - Current moving image name: MR 1
2026-04-15 14:57:14,563 - INFO - auto_fusion - main_auto_fusion.py - Fixed Bounding Box: [{'x': -27.5036133, 'y': -27.5036133, 'z': -22.5}, {'x': 27.396405899999994, 'y': 27.396405899999994, 'z': 22.5}]
2026-04-15 14:57:14,563 - INFO - auto_fusion - main_auto_fusion.py - Moving Bounding Box: [{'x': -11.416823863982442, 'y': -13.985859012603441, 'z': -1.6180358886718}, {'x': 14.183177471161398, 'y': 11.614142322540399, 'z': 13.0819641113281}]
2026-04-15 14:57:14,564 - INFO - auto_fusion - main_auto_fusion.py - Moving image transation: {'x': -0.2538948703736592, 'y': 3.5202575670879965, 'z': -10.51661723750091}
2026-04-15 14:57:14,564 - INFO - auto_fusion - main_auto_fusion.py - Creating registration for moving image named MR 1...
2026-04-15 14:57:15,647 - INFO - auto_fusion - main_auto_fusion.py - Initial Alignment: {'YawDegrees': 0, 'PitchDegrees': 0, 'RollDegrees': 0, 'Translation': {'x': -0.2538948703736592, 'y': 3.5202575670879965, 'z': -10.51661723750091}, 'RotationCenter': {'x': 0, 'y': 0, 'z': 0}}
2026-04-16 15:20:10,159 - INFO - auto_fusion - AutoFusion.py - 

===== Running AutoFusion =====
2026-04-16 15:20:10,247 - INFO - auto_fusion - AutoFusion.py - Patient_ID: 9805303 || CaseName: Case 1
2026-04-16 15:20:10,251 - INFO - auto_fusion - AutoFusion.py - Current Windows User: NYUMC\CLANCO01
2026-04-16 15:20:10,299 - INFO - auto_fusion - main_auto_fusion.py - AutoFusion initialized...
2026-04-16 15:20:20,622 - INFO - auto_fusion - main_auto_fusion.py - Fusion Popup Selected Values: {'ReferenceImageName': 'T12', 'FusingImageName': ['MR 2'], 'TargetName': 'Bone_Mandible', 'RegistrtaionType': 'Frame of Reference'}
2026-04-16 15:20:20,755 - INFO - auto_fusion - main_auto_fusion.py - Running DSL model...
2026-04-16 15:20:58,056 - INFO - auto_fusion - AutoFusion.py - 

===== Running AutoFusion =====
2026-04-16 15:20:58,123 - INFO - auto_fusion - AutoFusion.py - Patient_ID: 9805303 || CaseName: Case 1
2026-04-16 15:20:58,127 - INFO - auto_fusion - AutoFusion.py - Current Windows User: NYUMC\CLANCO01
2026-04-16 15:20:58,171 - INFO - auto_fusion - main_auto_fusion.py - AutoFusion initialized...
2026-04-16 15:21:08,016 - INFO - auto_fusion - main_auto_fusion.py - Fusion Popup Selected Values: {'ReferenceImageName': 'T12', 'FusingImageName': ['MR 2'], 'TargetName': 'T12', 'RegistrtaionType': 'Frame of Reference'}
2026-04-16 15:21:08,107 - INFO - auto_fusion - main_auto_fusion.py - Running DSL model...
2026-04-16 15:21:08,119 - INFO - auto_fusion - main_auto_fusion.py - Target center of ROI target T12 is: {'x': 1.1828856332158226, 'y': 2.388002922056479, 'z': -4.784653126172761}
2026-04-16 15:21:08,141 - INFO - auto_fusion - main_auto_fusion.py - Creating fusion box...
2026-04-16 15:21:08,226 - INFO - auto_fusion - main_auto_fusion.py - Current moving image name: MR 2
2026-04-16 15:21:08,425 - INFO - auto_fusion - main_auto_fusion.py - Fixed Bounding Box: [{'x': -27.5036133, 'y': -27.5036133, 'z': -22.5}, {'x': 27.396405899999994, 'y': 27.396405899999994, 'z': 22.5}]
2026-04-16 15:21:08,425 - INFO - auto_fusion - main_auto_fusion.py - Moving Bounding Box: [{'x': -8.892811081028256, 'y': -2.29868, 'z': -37.079179376903184}, {'x': 11.542096508764944, 'y': 17.700039999999998, 'z': -21.49249741844739}]
2026-04-16 15:21:08,426 - INFO - auto_fusion - main_auto_fusion.py - Moving image transation: {'x': -0.19536078065252394, 'y': -5.366280777943524, 'z': 24.501185271502525}
2026-04-16 15:21:08,426 - INFO - auto_fusion - main_auto_fusion.py - Creating registration for moving image named MR 2...
2026-04-16 15:21:09,040 - INFO - auto_fusion - main_auto_fusion.py - Initial Alignment: {'YawDegrees': 0, 'PitchDegrees': 0, 'RollDegrees': 0, 'Translation': {'x': -0.19536078065252394, 'y': -5.366280777943524, 'z': 24.501185271502525}, 'RotationCenter': {'x': 0, 'y': 0, 'z': 0}}
2026-04-16 15:23:32,187 - INFO - auto_fusion - AutoFusion.py - 

===== Finished AutoFusion =====


2026-04-16 15:24:39,151 - INFO - auto_fusion - AutoFusion.py - 

===== Running AutoFusion =====
2026-04-16 15:24:39,217 - INFO - auto_fusion - AutoFusion.py - Patient_ID: 9805303 || CaseName: Case 1
2026-04-16 15:24:39,221 - INFO - auto_fusion - AutoFusion.py - Current Windows User: NYUMC\CLANCO01
2026-04-16 15:24:39,269 - INFO - auto_fusion - main_auto_fusion.py - AutoFusion initialized...
2026-04-16 15:24:48,729 - INFO - auto_fusion - main_auto_fusion.py - Fusion Popup Selected Values: {'ReferenceImageName': 'T12', 'FusingImageName': ['MR 3'], 'TargetName': 'T12', 'RegistrtaionType': 'Frame of Reference'}
2026-04-16 15:24:48,829 - INFO - auto_fusion - main_auto_fusion.py - Running DSL model...
2026-04-16 15:24:48,840 - INFO - auto_fusion - main_auto_fusion.py - Target center of ROI target T12 is: {'x': 1.1828856332158226, 'y': 2.388002922056479, 'z': -4.784653126172761}
2026-04-16 15:24:48,852 - INFO - auto_fusion - main_auto_fusion.py - Creating fusion box...
2026-04-16 15:24:48,952 - INFO - auto_fusion - main_auto_fusion.py - Current moving image name: MR 3
2026-04-16 15:24:49,147 - INFO - auto_fusion - main_auto_fusion.py - Fixed Bounding Box: [{'x': -27.5036133, 'y': -27.5036133, 'z': -22.5}, {'x': 27.396405899999994, 'y': 27.396405899999994, 'z': 22.5}]
2026-04-16 15:24:49,147 - INFO - auto_fusion - main_auto_fusion.py - Moving Bounding Box: [{'x': -8.912975776690919, 'y': -6.3813525, 'z': -37.07975882797136}, {'x': 11.523212042283761, 'y': 21.7436475, 'z': -21.493038920562856}]
2026-04-16 15:24:49,147 - INFO - auto_fusion - main_auto_fusion.py - Moving image transation: {'x': -0.17583619958060215, 'y': -5.346748277943524, 'z': 24.501745748094347}
2026-04-16 15:24:49,147 - INFO - auto_fusion - main_auto_fusion.py - Creating registration for moving image named MR 3...
2026-04-16 15:24:55,049 - INFO - auto_fusion - main_auto_fusion.py - Initial Alignment: {'YawDegrees': 0, 'PitchDegrees': 0, 'RollDegrees': 0, 'Translation': {'x': -0.17583619958060215, 'y': -5.346748277943524, 'z': 24.501745748094347}, 'RotationCenter': {'x': 0, 'y': 0, 'z': 0}}
2026-04-16 15:25:36,865 - INFO - auto_fusion - AutoFusion.py - 

===== Finished AutoFusion =====


2026-04-17 10:59:35,491 - INFO - auto_fusion - AutoFusion.py - 

===== Running AutoFusion =====
2026-04-17 10:59:35,580 - INFO - auto_fusion - AutoFusion.py - Patient_ID: 16481344 || CaseName: Case 2
2026-04-17 10:59:35,584 - INFO - auto_fusion - AutoFusion.py - Current Windows User: NYUMC\WESTJ05
2026-04-17 10:59:35,646 - INFO - auto_fusion - main_auto_fusion.py - AutoFusion initialized...
2026-04-17 10:59:35,863 - INFO - auto_fusion - main_auto_fusion.py - Assigned target roi name to GTVp
2026-04-17 10:59:35,864 - INFO - auto_fusion - main_auto_fusion.py - Fusion popup window step skipped.
2026-04-17 10:59:35,976 - INFO - auto_fusion - main_auto_fusion.py - Target center of ROI target GTVp is: {'x': 0.21447864779417872, 'y': -0.9575053023322585, 'z': 2.9299527733464843}
2026-04-17 10:59:36,001 - INFO - auto_fusion - main_auto_fusion.py - Creating fusion box...
2026-04-17 10:59:36,144 - INFO - auto_fusion - main_auto_fusion.py - Current moving image name: MR_for_CK
2026-04-17 10:59:36,183 - INFO - auto_fusion - main_auto_fusion.py - Fixed Bounding Box: [{'x': -40.078125, 'y': -40.078125, 'z': -15.482499999999998}, {'x': 39.921875, 'y': 39.921875, 'z': 34.8925}]
2026-04-17 10:59:36,184 - INFO - auto_fusion - main_auto_fusion.py - Moving Bounding Box: [{'x': -13.106181000127076, 'y': -9.09160100000025, 'z': -13.0862}, {'x': 12.893691000000246, 'y': 16.908271000127073, 'z': -1.3861500000000007}]
2026-04-17 10:59:36,184 - INFO - auto_fusion - main_auto_fusion.py - Moving image transation: {'x': 0.24259864785759414, 'y': -4.94396530239567, 'z': 19.871127773346487}
2026-04-17 10:59:36,184 - INFO - auto_fusion - main_auto_fusion.py - Creating registration for moving image named MR_for_CK...
2026-04-17 10:59:36,760 - INFO - auto_fusion - main_auto_fusion.py - Initial Alignment: {'YawDegrees': 0, 'PitchDegrees': 0, 'RollDegrees': 0, 'Translation': {'x': 0.24259864785759414, 'y': -4.94396530239567, 'z': 19.871127773346487}, 'RotationCenter': {'x': 0, 'y': 0, 'z': 0}}
2026-04-17 11:00:09,803 - INFO - auto_fusion - AutoFusion.py - 

===== Finished AutoFusion =====


2026-04-17 11:07:18,907 - INFO - auto_fusion - AutoFusion.py - 

===== Running AutoFusion =====
2026-04-17 11:07:18,978 - INFO - auto_fusion - AutoFusion.py - Patient_ID: 11178768 || CaseName: Case 1
2026-04-17 11:07:18,982 - INFO - auto_fusion - AutoFusion.py - Current Windows User: NYUMC\MACMEW01
2026-04-17 11:07:19,051 - INFO - auto_fusion - main_auto_fusion.py - AutoFusion initialized...
2026-04-17 11:08:29,430 - INFO - auto_fusion - main_auto_fusion.py - Fusion Popup Selected Values: {'ReferenceImageName': 'CK BRAIN', 'FusingImageName': ['MR 1'], 'TargetName': 'Bone_Mandible', 'RegistrtaionType': 'Frame of Reference'}
2026-04-17 11:08:29,557 - INFO - auto_fusion - main_auto_fusion.py - Running DSL model...
2026-04-17 11:08:55,094 - INFO - auto_fusion - main_auto_fusion.py - Target center of ROI target Bone_Mandible is: {'x': -0.24123495944980078, 'y': -4.448972403424141, 'z': -5.797424436689784}
2026-04-17 11:08:55,139 - INFO - auto_fusion - main_auto_fusion.py - Creating fusion box...
2026-04-17 11:08:55,317 - INFO - auto_fusion - main_auto_fusion.py - Current moving image name: MR 1
2026-04-17 11:08:55,353 - INFO - auto_fusion - main_auto_fusion.py - Fixed Bounding Box: [{'x': -40.078125, 'y': -40.078125, 'z': -20.625}, {'x': 39.921875, 'y': 39.921875, 'z': 25.0}]
2026-04-17 11:08:55,353 - INFO - auto_fusion - main_auto_fusion.py - Moving Bounding Box: [{'x': -13.845481586456163, 'y': -13.879688549041163, 'z': -9.842581939697201}, {'x': 12.154518795013438, 'y': 12.120311832428438, 'z': 10.057418060302698}]
2026-04-17 11:08:55,354 - INFO - auto_fusion - main_auto_fusion.py - Moving image transation: {'x': 0.5261214362715619, 'y': -3.6474090451177785, 'z': -3.717342496992533}
2026-04-17 11:08:55,354 - INFO - auto_fusion - main_auto_fusion.py - Creating registration for moving image named MR 1...
2026-04-17 11:08:56,775 - INFO - auto_fusion - main_auto_fusion.py - Initial Alignment: {'YawDegrees': 0, 'PitchDegrees': 0, 'RollDegrees': 0, 'Translation': {'x': 0.5261214362715619, 'y': -3.6474090451177785, 'z': -3.717342496992533}, 'RotationCenter': {'x': 0, 'y': 0, 'z': 0}}
2026-04-17 11:10:35,117 - INFO - auto_fusion - AutoFusion.py - 

===== Finished AutoFusion =====


2026-04-17 12:24:17,818 - INFO - auto_fusion - AutoFusion.py - 

===== Running AutoFusion =====
2026-04-17 12:24:17,889 - INFO - auto_fusion - AutoFusion.py - Patient_ID: 2068958 || CaseName: Case 2
2026-04-17 12:24:17,893 - INFO - auto_fusion - AutoFusion.py - Current Windows User: NYUMC\MACMEW01
2026-04-17 12:24:17,976 - INFO - auto_fusion - main_auto_fusion.py - AutoFusion initialized...
2026-04-17 12:24:18,168 - INFO - auto_fusion - main_auto_fusion.py - Assigned target roi name to GTVp
2026-04-17 12:24:18,168 - INFO - auto_fusion - main_auto_fusion.py - Fusion popup window step skipped.
2026-04-17 12:24:18,305 - INFO - auto_fusion - main_auto_fusion.py - Target center of ROI target GTVp is: {'x': -0.5223014478442789, 'y': 0.49575063926052493, 'z': -4.51478936351475}
2026-04-17 12:24:18,333 - INFO - auto_fusion - main_auto_fusion.py - Creating fusion box...
2026-04-17 12:24:18,552 - INFO - auto_fusion - main_auto_fusion.py - Current moving image name: MR 1
2026-04-17 12:24:18,595 - INFO - auto_fusion - main_auto_fusion.py - Fixed Bounding Box: [{'x': -40.078125, 'y': -40.078125, 'z': -18.327}, {'x': 39.921875, 'y': 39.921875, 'z': 32.923}]
2026-04-17 12:24:18,595 - INFO - auto_fusion - main_auto_fusion.py - Moving Bounding Box: [{'x': -12.498990631103442, 'y': -16.060008525847444, 'z': -4.4136268615722}, {'x': 13.101010704040398, 'y': 9.539992809296397, 'z': 10.286373138427699}]
2026-04-17 12:24:18,595 - INFO - auto_fusion - main_auto_fusion.py - Moving image transation: {'x': -0.9014364843127567, 'y': 3.6776334975360485, 'z': -0.1531625019425018}
2026-04-17 12:24:18,595 - INFO - auto_fusion - main_auto_fusion.py - Creating registration for moving image named MR 1...
2026-04-17 12:24:19,518 - INFO - auto_fusion - main_auto_fusion.py - Initial Alignment: {'YawDegrees': 0, 'PitchDegrees': 0, 'RollDegrees': 0, 'Translation': {'x': -0.9014364843127567, 'y': 3.6776334975360485, 'z': -0.1531625019425018}, 'RotationCenter': {'x': 0, 'y': 0, 'z': 0}}
2026-04-17 12:25:53,504 - INFO - auto_fusion - AutoFusion.py - 

===== Finished AutoFusion =====


2026-04-17 13:15:33,478 - INFO - auto_fusion - AutoFusion.py - 

===== Running AutoFusion =====
2026-04-17 13:15:33,545 - INFO - auto_fusion - AutoFusion.py - Patient_ID: 9877455 || CaseName: Case 2
2026-04-17 13:15:33,549 - INFO - auto_fusion - AutoFusion.py - Current Windows User: NYUMC\WESTJ05
2026-04-17 13:15:33,618 - INFO - auto_fusion - main_auto_fusion.py - AutoFusion initialized...
2026-04-17 13:15:33,809 - INFO - auto_fusion - main_auto_fusion.py - Assigned target roi name to GTVp
2026-04-17 13:15:33,809 - INFO - auto_fusion - main_auto_fusion.py - Fusion popup window step skipped.
2026-04-17 13:15:33,945 - INFO - auto_fusion - main_auto_fusion.py - Target center of ROI target GTVp is: {'x': -0.3101781003882154, 'y': -0.7232301506082127, 'z': -3.534817853805925}
2026-04-17 13:15:33,968 - INFO - auto_fusion - main_auto_fusion.py - Creating fusion box...
2026-04-17 13:15:34,091 - INFO - auto_fusion - main_auto_fusion.py - Current moving image name: MR_for_CK
2026-04-17 13:15:34,121 - INFO - auto_fusion - main_auto_fusion.py - Fixed Bounding Box: [{'x': -40.078125, 'y': -40.078125, 'z': -22.75}, {'x': 39.921875, 'y': 39.921875, 'z': 30.0}]
2026-04-17 13:15:34,122 - INFO - auto_fusion - main_auto_fusion.py - Moving Bounding Box: [{'x': -12.465781000127075, 'y': -9.653561000000249, 'z': -10.051300000000001}, {'x': 13.534091000000247, 'y': 16.346311000127073, 'z': 1.6487099999999995}]
2026-04-17 13:15:34,122 - INFO - auto_fusion - main_auto_fusion.py - Moving image transation: {'x': -0.9224581003248014, 'y': -4.1477301506716255, 'z': 4.291477146194076}
2026-04-17 13:15:34,122 - INFO - auto_fusion - main_auto_fusion.py - Creating registration for moving image named MR_for_CK...
2026-04-17 13:15:34,688 - INFO - auto_fusion - main_auto_fusion.py - Initial Alignment: {'YawDegrees': 0, 'PitchDegrees': 0, 'RollDegrees': 0, 'Translation': {'x': -0.9224581003248014, 'y': -4.1477301506716255, 'z': 4.291477146194076}, 'RotationCenter': {'x': 0, 'y': 0, 'z': 0}}
2026-04-17 13:16:08,355 - INFO - auto_fusion - AutoFusion.py - 

===== Finished AutoFusion =====


2026-04-20 08:53:18,191 - INFO - auto_fusion - AutoFusion.py - 

===== Running AutoFusion =====
2026-04-20 08:53:18,258 - INFO - auto_fusion - AutoFusion.py - Patient_ID: 12370698 || CaseName: Case 2
2026-04-20 08:53:18,262 - INFO - auto_fusion - AutoFusion.py - Current Windows User: NYUMC\CLANCO01
2026-04-20 08:53:18,351 - INFO - auto_fusion - main_auto_fusion.py - AutoFusion initialized...
2026-04-20 08:54:28,600 - INFO - auto_fusion - AutoFusion.py - 

===== Running AutoFusion =====
2026-04-20 08:54:28,665 - INFO - auto_fusion - AutoFusion.py - Patient_ID: 12370698 || CaseName: Case 2
2026-04-20 08:54:28,669 - INFO - auto_fusion - AutoFusion.py - Current Windows User: NYUMC\CLANCO01
2026-04-20 08:54:28,759 - INFO - auto_fusion - main_auto_fusion.py - AutoFusion initialized...
2026-04-20 08:57:58,802 - INFO - auto_fusion - AutoFusion.py - 

===== Running AutoFusion =====
2026-04-20 08:57:58,867 - INFO - auto_fusion - AutoFusion.py - Patient_ID: 12370698 || CaseName: Case 2
2026-04-20 08:57:58,871 - INFO - auto_fusion - AutoFusion.py - Current Windows User: NYUMC\CLANCO01
2026-04-20 08:57:58,963 - INFO - auto_fusion - main_auto_fusion.py - AutoFusion initialized...
2026-04-20 08:58:18,027 - INFO - auto_fusion - main_auto_fusion.py - Fusion Popup Selected Values: {'ReferenceImageName': 'LEFT LUNG TB', 'FusingImageName': ['Left Lung CK'], 'TargetName': 'CK Fiducial', 'RegistrtaionType': 'Frame of Reference'}
2026-04-20 08:58:18,217 - INFO - auto_fusion - main_auto_fusion.py - Running DSL model...
2026-04-20 08:58:18,227 - INFO - auto_fusion - main_auto_fusion.py - Target center of ROI target CK Fiducial is: {'x': 11.15199727321975, 'y': 5.295927658487523, 'z': -7.08608635336869}
2026-04-20 08:58:18,237 - INFO - auto_fusion - main_auto_fusion.py - Creating fusion box...
2026-04-20 08:58:18,423 - INFO - auto_fusion - main_auto_fusion.py - Current moving image name: Left Lung CK
2026-04-20 08:58:18,821 - INFO - auto_fusion - main_auto_fusion.py - Creating External ROI contours...
2026-04-20 08:58:21,516 - INFO - auto_fusion - main_auto_fusion.py - Running DSL model...
2026-04-20 08:58:21,546 - INFO - auto_fusion - main_auto_fusion.py - Fixed Bounding Box: [{'x': -35.068359400000006, 'y': -35.068359400000006, 'z': -20.875}, {'x': 34.931666199999995, 'y': 34.931666199999995, 'z': 22.75}]
2026-04-20 08:58:21,547 - INFO - auto_fusion - main_auto_fusion.py - Moving Bounding Box: [{'x': -30.8100586, 'y': -30.8100586, 'z': -27.625}, {'x': 30.689947799999995, 'y': 30.689947799999995, 'z': 24.875}]
2026-04-20 08:58:21,547 - INFO - auto_fusion - main_auto_fusion.py - Moving image transation: {'x': 11.143706073219748, 'y': 5.287636458487521, 'z': -4.77358635336869}
2026-04-20 08:58:21,547 - INFO - auto_fusion - main_auto_fusion.py - Creating registration for moving image named Left Lung CK...
2026-04-20 08:58:23,991 - INFO - auto_fusion - main_auto_fusion.py - Initial Alignment: {'YawDegrees': 0, 'PitchDegrees': 0, 'RollDegrees': 0, 'Translation': {'x': 11.143706073219748, 'y': 5.287636458487521, 'z': -4.77358635336869}, 'RotationCenter': {'x': 0, 'y': 0, 'z': 0}}
2026-04-20 09:01:04,038 - INFO - auto_fusion - AutoFusion.py - 

===== Finished AutoFusion =====


2026-04-20 16:16:00,551 - INFO - auto_fusion - AutoFusion.py - 

===== Running AutoFusion =====
2026-04-20 16:16:00,624 - INFO - auto_fusion - AutoFusion.py - Patient_ID: 9805303 || CaseName: Case 1
2026-04-20 16:16:00,628 - INFO - auto_fusion - AutoFusion.py - Current Windows User: NYUMC\CLANCO01
2026-04-20 16:16:00,738 - INFO - auto_fusion - main_auto_fusion.py - AutoFusion initialized...
2026-04-20 16:16:21,919 - INFO - auto_fusion - main_auto_fusion.py - Fusion Popup Selected Values: {'ReferenceImageName': 'T12', 'FusingImageName': ['CT Pelvis EBRT'], 'TargetName': 'T12', 'RegistrtaionType': 'Frame of Reference'}
2026-04-20 16:16:22,135 - INFO - auto_fusion - main_auto_fusion.py - Running DSL model...
2026-04-20 16:16:22,151 - INFO - auto_fusion - main_auto_fusion.py - Target center of ROI target T12 is: {'x': 1.1828856332158226, 'y': 2.388002922056479, 'z': -4.784653126172761}
2026-04-20 16:16:22,167 - INFO - auto_fusion - main_auto_fusion.py - Creating fusion box...
2026-04-20 16:16:22,407 - INFO - auto_fusion - main_auto_fusion.py - Current moving image name: CT Pelvis EBRT
2026-04-20 16:16:22,973 - INFO - auto_fusion - main_auto_fusion.py - Creating External ROI contours...
2026-04-20 16:16:25,344 - INFO - auto_fusion - main_auto_fusion.py - Running DSL model...
2026-04-20 16:16:25,408 - INFO - auto_fusion - main_auto_fusion.py - Fixed Bounding Box: [{'x': -27.5036133, 'y': -27.5036133, 'z': -22.5}, {'x': 27.396405899999994, 'y': 27.396405899999994, 'z': 22.5}]
2026-04-20 16:16:25,408 - INFO - auto_fusion - main_auto_fusion.py - Moving Bounding Box: [{'x': -25.0488281, 'y': -25.0488281, 'z': -23.0}, {'x': 24.951146299999998, 'y': 24.951146299999998, 'z': 23.5}]
2026-04-20 16:16:25,408 - INFO - auto_fusion - main_auto_fusion.py - Moving image transation: {'x': 1.178122833215821, 'y': 2.383240122056477, 'z': -5.034653126172761}
2026-04-20 16:16:25,409 - INFO - auto_fusion - main_auto_fusion.py - Creating registration for moving image named CT Pelvis EBRT...
2026-04-20 16:16:28,397 - INFO - auto_fusion - main_auto_fusion.py - Initial Alignment: {'YawDegrees': 0, 'PitchDegrees': 0, 'RollDegrees': 0, 'Translation': {'x': 1.178122833215821, 'y': 2.383240122056477, 'z': -5.034653126172761}, 'RotationCenter': {'x': 0, 'y': 0, 'z': 0}}
2026-04-20 16:18:06,240 - INFO - auto_fusion - AutoFusion.py - 

===== Finished AutoFusion =====


2026-04-20 16:19:02,750 - INFO - auto_fusion - AutoFusion.py - 

===== Running AutoFusion =====
2026-04-20 16:19:02,816 - INFO - auto_fusion - AutoFusion.py - Patient_ID: 9805303 || CaseName: Case 1
2026-04-20 16:19:02,820 - INFO - auto_fusion - AutoFusion.py - Current Windows User: NYUMC\CLANCO01
2026-04-20 16:19:02,935 - INFO - auto_fusion - main_auto_fusion.py - AutoFusion initialized...
2026-04-20 16:19:27,016 - INFO - auto_fusion - main_auto_fusion.py - Fusion Popup Selected Values: {'ReferenceImageName': 'T12', 'FusingImageName': ['CT Prostate CK'], 'TargetName': 'T12', 'RegistrtaionType': 'Frame of Reference'}
2026-04-20 16:19:27,238 - INFO - auto_fusion - main_auto_fusion.py - Running DSL model...
2026-04-20 16:19:27,253 - INFO - auto_fusion - main_auto_fusion.py - Target center of ROI target T12 is: {'x': 1.1828856332158226, 'y': 2.388002922056479, 'z': -4.784653126172761}
2026-04-20 16:19:27,267 - INFO - auto_fusion - main_auto_fusion.py - Creating fusion box...
2026-04-20 16:19:27,511 - INFO - auto_fusion - main_auto_fusion.py - Current moving image name: CT Prostate CK
2026-04-20 16:19:28,129 - INFO - auto_fusion - main_auto_fusion.py - Creating External ROI contours...
2026-04-20 16:19:30,034 - INFO - auto_fusion - main_auto_fusion.py - Running DSL model...
2026-04-20 16:19:30,107 - INFO - auto_fusion - main_auto_fusion.py - Fixed Bounding Box: [{'x': -27.5036133, 'y': -27.5036133, 'z': -22.5}, {'x': 27.396405899999994, 'y': 27.396405899999994, 'z': 22.5}]
2026-04-20 16:19:30,107 - INFO - auto_fusion - main_auto_fusion.py - Moving Bounding Box: [{'x': -25.0488281, 'y': -25.0488281, 'z': -23.375}, {'x': 24.951146299999998, 'y': 24.951146299999998, 'z': 22.125}]
2026-04-20 16:19:30,108 - INFO - auto_fusion - main_auto_fusion.py - Moving image transation: {'x': 1.178122833215821, 'y': 2.383240122056477, 'z': -4.159653126172761}
2026-04-20 16:19:30,108 - INFO - auto_fusion - main_auto_fusion.py - Creating registration for moving image named CT Prostate CK...
2026-04-20 16:19:31,982 - INFO - auto_fusion - main_auto_fusion.py - Initial Alignment: {'YawDegrees': 0, 'PitchDegrees': 0, 'RollDegrees': 0, 'Translation': {'x': 1.178122833215821, 'y': 2.383240122056477, 'z': -4.159653126172761}, 'RotationCenter': {'x': 0, 'y': 0, 'z': 0}}
2026-04-20 16:20:21,820 - INFO - auto_fusion - AutoFusion.py - 

===== Finished AutoFusion =====


2026-04-21 14:12:59,864 - INFO - auto_fusion - AutoFusion.py - 

===== Running AutoFusion =====
2026-04-21 14:12:59,929 - INFO - auto_fusion - AutoFusion.py - Patient_ID: 9023833 || CaseName: Case 2
2026-04-21 14:12:59,934 - INFO - auto_fusion - AutoFusion.py - Current Windows User: NYUMC\MACMEW01
2026-04-21 14:13:00,001 - INFO - auto_fusion - main_auto_fusion.py - AutoFusion initialized...
2026-04-21 14:13:00,179 - INFO - auto_fusion - main_auto_fusion.py - Assigned target roi name to GTVp
2026-04-21 14:13:00,180 - INFO - auto_fusion - main_auto_fusion.py - Fusion popup window step skipped.
2026-04-21 14:13:00,326 - INFO - auto_fusion - main_auto_fusion.py - Target center of ROI target GTVp is: {'x': -0.44411854724749034, 'y': -0.23653933666675564, 'z': -4.671682067505736}
2026-04-21 14:13:00,346 - INFO - auto_fusion - main_auto_fusion.py - Creating fusion box...
2026-04-21 14:13:00,454 - INFO - auto_fusion - main_auto_fusion.py - Current moving image name: MR 1
2026-04-21 14:13:00,489 - INFO - auto_fusion - main_auto_fusion.py - Fixed Bounding Box: [{'x': -36.671484400000004, 'y': -36.671484400000004, 'z': -25.125}, {'x': 36.5285412, 'y': 36.5285412, 'z': 23.25}]
2026-04-21 14:13:00,489 - INFO - auto_fusion - main_auto_fusion.py - Moving Bounding Box: [{'x': -8.440875530242842, 'y': -13.44477829933144, 'z': -5.4056125640868995}, {'x': 17.159125804901, 'y': 12.1552230358124, 'z': 9.29438781738281}]
2026-04-21 14:13:00,489 - INFO - auto_fusion - main_auto_fusion.py - Moving image transation: {'x': -4.874715284576571, 'y': 0.3367666950927626, 'z': -7.553569694153691}
2026-04-21 14:13:00,490 - INFO - auto_fusion - main_auto_fusion.py - Creating registration for moving image named MR 1...
2026-04-21 14:13:01,440 - INFO - auto_fusion - main_auto_fusion.py - Initial Alignment: {'YawDegrees': 0, 'PitchDegrees': 0, 'RollDegrees': 0, 'Translation': {'x': -4.874715284576571, 'y': 0.3367666950927626, 'z': -7.553569694153691}, 'RotationCenter': {'x': 0, 'y': 0, 'z': 0}}
2026-04-21 14:13:15,000 - INFO - auto_fusion - AutoFusion.py - 

===== Finished AutoFusion =====


2026-04-22 09:29:56,527 - INFO - auto_fusion - AutoFusion.py - 

===== Running AutoFusion =====
2026-04-22 09:29:56,616 - INFO - auto_fusion - AutoFusion.py - Patient_ID: 9052980 || CaseName: Case 2
2026-04-22 09:29:56,619 - INFO - auto_fusion - AutoFusion.py - Current Windows User: NYUMC\CLANCO01
2026-04-22 09:29:56,695 - INFO - auto_fusion - main_auto_fusion.py - AutoFusion initialized...
2026-04-22 09:30:23,199 - INFO - auto_fusion - main_auto_fusion.py - Fusion Popup Selected Values: {'ReferenceImageName': 'CT 1', 'FusingImageName': ['CT 3'], 'TargetName': 'GTVp', 'RegistrtaionType': 'Frame of Reference'}
2026-04-22 09:30:23,348 - INFO - auto_fusion - main_auto_fusion.py - Running DSL model...
2026-04-22 09:30:23,362 - INFO - auto_fusion - main_auto_fusion.py - Target center of ROI target GTVp is: {'x': -1.684093363250348, 'y': 0.4585419584122079, 'z': -8.932075456227436}
2026-04-22 09:30:23,380 - INFO - auto_fusion - main_auto_fusion.py - Creating fusion box...
2026-04-22 09:30:23,526 - INFO - auto_fusion - main_auto_fusion.py - Current moving image name: CT 3
2026-04-22 09:30:23,872 - INFO - auto_fusion - main_auto_fusion.py - Creating External ROI contours...
2026-04-22 09:30:25,689 - INFO - auto_fusion - main_auto_fusion.py - Running DSL model...
2026-04-22 09:30:25,725 - INFO - auto_fusion - main_auto_fusion.py - Fixed Bounding Box: [{'x': -25.0488281, 'y': -25.0488281, 'z': -23.625}, {'x': 24.951146299999998, 'y': 24.951146299999998, 'z': 24.875}]
2026-04-22 09:30:25,725 - INFO - auto_fusion - main_auto_fusion.py - Moving Bounding Box: [{'x': -25.0488281, 'y': -25.0488281, 'z': -22.5}, {'x': 24.951146299999998, 'y': 24.951146299999998, 'z': 23.125}]
2026-04-22 09:30:25,725 - INFO - auto_fusion - main_auto_fusion.py - Moving image transation: {'x': -1.684093363250348, 'y': 0.4585419584122079, 'z': -8.619575456227436}
2026-04-22 09:30:25,726 - INFO - auto_fusion - main_auto_fusion.py - Creating registration for moving image named CT 3...
2026-04-22 09:30:26,534 - INFO - auto_fusion - main_auto_fusion.py - Initial Alignment: {'YawDegrees': 0, 'PitchDegrees': 0, 'RollDegrees': 0, 'Translation': {'x': -1.684093363250348, 'y': 0.4585419584122079, 'z': -8.619575456227436}, 'RotationCenter': {'x': 0, 'y': 0, 'z': 0}}
2026-04-22 09:30:57,718 - INFO - auto_fusion - AutoFusion.py - 

===== Finished AutoFusion =====


2026-04-22 09:59:55,547 - INFO - auto_fusion - AutoFusion.py - 

===== Running AutoFusion =====
2026-04-22 09:59:55,633 - INFO - auto_fusion - AutoFusion.py - Patient_ID: 17834650 || CaseName: Case 2
2026-04-22 09:59:55,639 - INFO - auto_fusion - AutoFusion.py - Current Windows User: NYUMC\DIBARD04
2026-04-22 09:59:55,710 - INFO - auto_fusion - main_auto_fusion.py - AutoFusion initialized...
2026-04-22 09:59:55,889 - INFO - auto_fusion - main_auto_fusion.py - Assigned target roi name to GTVp
2026-04-22 09:59:55,889 - INFO - auto_fusion - main_auto_fusion.py - Fusion popup window step skipped.
2026-04-22 09:59:56,029 - INFO - auto_fusion - main_auto_fusion.py - Target center of ROI target GTVp is: {'x': -0.5108332767740464, 'y': -3.5027516064736424, 'z': 2.6033093094840005}
2026-04-22 09:59:56,055 - INFO - auto_fusion - main_auto_fusion.py - Creating fusion box...
2026-04-22 09:59:56,185 - INFO - auto_fusion - main_auto_fusion.py - Current moving image name: MR 1
2026-04-22 09:59:56,214 - INFO - auto_fusion - main_auto_fusion.py - Fixed Bounding Box: [{'x': -32.563476550000004, 'y': -32.563476550000004, 'z': -20.975}, {'x': 32.43651064999999, 'y': 32.43651064999999, 'z': 29.025}]
2026-04-22 09:59:56,215 - INFO - auto_fusion - main_auto_fusion.py - Moving Bounding Box: [{'x': -12.589171862601443, 'y': -14.977844524383443, 'z': -4.323447418212799}, {'x': 13.010829472542397, 'y': 10.622156810760398, 'z': 10.376552581787099}]
2026-04-22 09:59:56,215 - INFO - auto_fusion - main_auto_fusion.py - Moving image transation: {'x': -0.7851450317445317, 'y': -1.388390699662128, 'z': 3.6017567276968494}
2026-04-22 09:59:56,215 - INFO - auto_fusion - main_auto_fusion.py - Creating registration for moving image named MR 1...
2026-04-22 09:59:56,764 - INFO - auto_fusion - main_auto_fusion.py - Initial Alignment: {'YawDegrees': 0, 'PitchDegrees': 0, 'RollDegrees': 0, 'Translation': {'x': -0.7851450317445317, 'y': -1.388390699662128, 'z': 3.6017567276968494}, 'RotationCenter': {'x': 0, 'y': 0, 'z': 0}}
2026-04-22 10:00:38,386 - INFO - auto_fusion - AutoFusion.py - 

===== Finished AutoFusion =====


2026-04-22 12:13:37,726 - INFO - auto_fusion - AutoFusion.py - 

===== Running AutoFusion =====
2026-04-22 12:13:37,794 - INFO - auto_fusion - AutoFusion.py - Patient_ID: 17822778 || CaseName: Case 1
2026-04-22 12:13:37,798 - INFO - auto_fusion - AutoFusion.py - Current Windows User: NYUMC\MACMEW01
2026-04-22 12:13:37,875 - INFO - auto_fusion - main_auto_fusion.py - AutoFusion initialized...
2026-04-22 12:13:38,056 - INFO - auto_fusion - main_auto_fusion.py - Assigned target roi name to GTVp
2026-04-22 12:13:38,056 - INFO - auto_fusion - main_auto_fusion.py - Fusion popup window step skipped.
2026-04-22 12:13:38,205 - INFO - auto_fusion - main_auto_fusion.py - Target center of ROI target GTVp is: {'x': -1.8781736508928064, 'y': -3.9160930211777867, 'z': -2.047071884172886}
2026-04-22 12:13:38,237 - INFO - auto_fusion - main_auto_fusion.py - Creating fusion box...
2026-04-22 12:13:38,387 - INFO - auto_fusion - main_auto_fusion.py - Current moving image name: MR 1
2026-04-22 12:13:38,423 - INFO - auto_fusion - main_auto_fusion.py - Fixed Bounding Box: [{'x': -40.078125, 'y': -40.078125, 'z': -25.625}, {'x': 39.921875, 'y': 39.921875, 'z': 31.75}]
2026-04-22 12:13:38,423 - INFO - auto_fusion - main_auto_fusion.py - Moving Bounding Box: [{'x': -14.230881000127074, 'y': -10.93948100000025, 'z': -5.26673}, {'x': 11.768991000000248, 'y': 15.060391000127073, 'z': 6.433269999999999}]
2026-04-22 12:13:38,423 - INFO - auto_fusion - main_auto_fusion.py - Moving image transation: {'x': -0.7253536508293938, 'y': -6.054673021241198, 'z': 0.4321581158271144}
2026-04-22 12:13:38,423 - INFO - auto_fusion - main_auto_fusion.py - Creating registration for moving image named MR 1...
2026-04-22 12:13:39,340 - INFO - auto_fusion - main_auto_fusion.py - Initial Alignment: {'YawDegrees': 0, 'PitchDegrees': 0, 'RollDegrees': 0, 'Translation': {'x': -0.7253536508293938, 'y': -6.054673021241198, 'z': 0.4321581158271144}, 'RotationCenter': {'x': 0, 'y': 0, 'z': 0}}
2026-04-22 12:13:56,177 - INFO - auto_fusion - AutoFusion.py - 

===== Finished AutoFusion =====


2026-04-22 13:04:34,471 - INFO - auto_fusion - AutoFusion.py - 

===== Running AutoFusion =====
2026-04-22 13:04:34,538 - INFO - auto_fusion - AutoFusion.py - Patient_ID: 9725141 || CaseName: Case 1
2026-04-22 13:04:34,542 - INFO - auto_fusion - AutoFusion.py - Current Windows User: NYUMC\WESTJ05
2026-04-22 13:04:34,614 - INFO - auto_fusion - main_auto_fusion.py - AutoFusion initialized...
2026-04-22 13:04:35,080 - INFO - auto_fusion - main_auto_fusion.py - Assigned target roi name to GTVp
2026-04-22 13:04:35,080 - INFO - auto_fusion - main_auto_fusion.py - Fusion popup window step skipped.
2026-04-22 13:04:35,223 - INFO - auto_fusion - main_auto_fusion.py - Target center of ROI target GTVp is: {'x': -1.0477053818676951, 'y': -1.6658391783881523, 'z': -6.348222453669772}
2026-04-22 13:04:35,240 - INFO - auto_fusion - main_auto_fusion.py - Creating fusion box...
2026-04-22 13:04:35,414 - INFO - auto_fusion - main_auto_fusion.py - Current moving image name: MR_for_CK
2026-04-22 13:04:35,570 - INFO - auto_fusion - main_auto_fusion.py - Fixed Bounding Box: [{'x': -32.563476550000004, 'y': -32.563476550000004, 'z': -31.025}, {'x': 32.43651064999999, 'y': 32.43651064999999, 'z': 24.1}]
2026-04-22 13:04:35,570 - INFO - auto_fusion - main_auto_fusion.py - Moving Bounding Box: [{'x': -11.726881000127074, 'y': -10.221681000000249, 'z': -4.27974}, {'x': 14.272991000000248, 'y': 15.778191000127073, 'z': 7.420259999999999}]
2026-04-22 13:04:35,571 - INFO - auto_fusion - main_auto_fusion.py - Moving image transation: {'x': -2.3842433318042904, 'y': -4.507577128451572, 'z': -11.38098245366977}
2026-04-22 13:04:35,571 - INFO - auto_fusion - main_auto_fusion.py - Creating registration for moving image named MR_for_CK...
2026-04-22 13:04:36,701 - INFO - auto_fusion - main_auto_fusion.py - Initial Alignment: {'YawDegrees': 0, 'PitchDegrees': 0, 'RollDegrees': 0, 'Translation': {'x': -2.3842433318042904, 'y': -4.507577128451572, 'z': -11.38098245366977}, 'RotationCenter': {'x': 0, 'y': 0, 'z': 0}}
2026-04-22 13:05:17,174 - INFO - auto_fusion - AutoFusion.py - 

===== Finished AutoFusion =====


2026-04-22 13:17:38,685 - INFO - auto_fusion - AutoFusion.py - 

===== Running AutoFusion =====
2026-04-22 13:17:38,749 - INFO - auto_fusion - AutoFusion.py - Patient_ID: 16263374 || CaseName: Case 1
2026-04-22 13:17:38,752 - INFO - auto_fusion - AutoFusion.py - Current Windows User: NYUMC\MACMEW01
2026-04-22 13:17:38,821 - INFO - auto_fusion - main_auto_fusion.py - AutoFusion initialized...
2026-04-22 13:17:38,993 - INFO - auto_fusion - main_auto_fusion.py - Assigned target roi name to GTVp
2026-04-22 13:17:38,993 - INFO - auto_fusion - main_auto_fusion.py - Fusion popup window step skipped.
2026-04-22 13:17:39,123 - INFO - auto_fusion - main_auto_fusion.py - Target center of ROI target GTVp is: {'x': 0.6275289882062841, 'y': -2.6101118729689237, 'z': -3.3489416149265363}
2026-04-22 13:17:39,147 - INFO - auto_fusion - main_auto_fusion.py - Creating fusion box...
2026-04-22 13:17:39,286 - INFO - auto_fusion - main_auto_fusion.py - Current moving image name: MR 1
2026-04-22 13:17:39,321 - INFO - auto_fusion - main_auto_fusion.py - Fixed Bounding Box: [{'x': -40.078125, 'y': -40.078125, 'z': -23.25}, {'x': 39.921875, 'y': 39.921875, 'z': 28.25}]
2026-04-22 13:17:39,321 - INFO - auto_fusion - main_auto_fusion.py - Moving Bounding Box: [{'x': -13.220432424544441, 'y': -14.79748201370244, 'z': -5.3154312133789}, {'x': 12.3795689105994, 'y': 10.8025193214414, 'z': 9.384568786621088}]
2026-04-22 13:17:39,321 - INFO - auto_fusion - main_auto_fusion.py - Moving image transation: {'x': 0.969835745178805, 'y': -0.6907555268384034, 'z': -2.883510401547631}
2026-04-22 13:17:39,322 - INFO - auto_fusion - main_auto_fusion.py - Creating registration for moving image named MR 1...
2026-04-22 13:17:40,227 - INFO - auto_fusion - main_auto_fusion.py - Initial Alignment: {'YawDegrees': 0, 'PitchDegrees': 0, 'RollDegrees': 0, 'Translation': {'x': 0.969835745178805, 'y': -0.6907555268384034, 'z': -2.883510401547631}, 'RotationCenter': {'x': 0, 'y': 0, 'z': 0}}
2026-04-22 13:17:55,612 - INFO - auto_fusion - AutoFusion.py - 

===== Finished AutoFusion =====


2026-04-23 07:27:57,563 - INFO - auto_fusion - AutoFusion.py - 

===== Running AutoFusion =====
2026-04-23 07:27:57,664 - INFO - auto_fusion - AutoFusion.py - Patient_ID: 5189751 || CaseName: Case 1
2026-04-23 07:27:57,671 - INFO - auto_fusion - AutoFusion.py - Current Windows User: NYUMC\CLANCO01
2026-04-23 07:27:57,737 - INFO - auto_fusion - main_auto_fusion.py - AutoFusion initialized...
2026-04-23 07:27:57,909 - INFO - auto_fusion - main_auto_fusion.py - Assigned target roi name to GTVp
2026-04-23 07:27:57,909 - INFO - auto_fusion - main_auto_fusion.py - Fusion popup window step skipped.
2026-04-23 07:27:58,031 - INFO - auto_fusion - main_auto_fusion.py - Target center of ROI target GTVp is: {'x': -0.7101790765871162, 'y': -0.4587120687293409, 'z': -1.380984964118233}
2026-04-23 07:27:58,054 - INFO - auto_fusion - main_auto_fusion.py - Creating fusion box...
2026-04-23 07:27:58,195 - INFO - auto_fusion - main_auto_fusion.py - Current moving image name: MR 1
2026-04-23 07:27:58,226 - INFO - auto_fusion - main_auto_fusion.py - Fixed Bounding Box: [{'x': -27.55371095, 'y': -27.55371095, 'z': -21.375}, {'x': 27.44630185, 'y': 27.44630185, 'z': 31.0}]
2026-04-23 07:27:58,227 - INFO - auto_fusion - main_auto_fusion.py - Moving Bounding Box: [{'x': -8.320717484583048, 'y': -11.249955789495981, 'z': -0.07585601806641}, {'x': 9.990684342605402, 'y': 7.061446037692469, 'z': 8.6241439819336}]
2026-04-23 07:27:58,227 - INFO - auto_fusion - main_auto_fusion.py - Moving image transation: {'x': -1.5988670555982916, 'y': 1.5818382571724159, 'z': -0.8426289460518284}
2026-04-23 07:27:58,227 - INFO - auto_fusion - main_auto_fusion.py - Creating registration for moving image named MR 1...
2026-04-23 07:27:59,141 - INFO - auto_fusion - main_auto_fusion.py - Initial Alignment: {'YawDegrees': 0, 'PitchDegrees': 0, 'RollDegrees': 0, 'Translation': {'x': -1.5988670555982916, 'y': 1.5818382571724159, 'z': -0.8426289460518284}, 'RotationCenter': {'x': 0, 'y': 0, 'z': 0}}
2026-04-23 07:28:29,645 - INFO - auto_fusion - AutoFusion.py - 

===== Finished AutoFusion =====


2026-04-23 07:33:24,593 - INFO - auto_fusion - AutoFusion.py - 

===== Running AutoFusion =====
2026-04-23 07:33:24,657 - INFO - auto_fusion - AutoFusion.py - Patient_ID: 17864937 || CaseName: Case 1
2026-04-23 07:33:24,661 - INFO - auto_fusion - AutoFusion.py - Current Windows User: NYUMC\CLANCO01
2026-04-23 07:33:24,728 - INFO - auto_fusion - main_auto_fusion.py - AutoFusion initialized...
2026-04-23 07:33:24,893 - INFO - auto_fusion - main_auto_fusion.py - Assigned target roi name to GTVp
2026-04-23 07:33:24,894 - INFO - auto_fusion - main_auto_fusion.py - Fusion popup window step skipped.
2026-04-23 07:33:25,029 - INFO - auto_fusion - main_auto_fusion.py - Target center of ROI target GTVp is: {'x': -0.8487696600875824, 'y': -1.8620665575590414, 'z': -3.9329842036941445}
2026-04-23 07:33:25,047 - INFO - auto_fusion - main_auto_fusion.py - Creating fusion box...
2026-04-23 07:33:25,174 - INFO - auto_fusion - main_auto_fusion.py - Current moving image name: MR 1
2026-04-23 07:33:25,204 - INFO - auto_fusion - main_auto_fusion.py - Fixed Bounding Box: [{'x': -25.0488281, 'y': -25.0488281, 'z': -19.5}, {'x': 24.951146299999998, 'y': 24.951146299999998, 'z': 25.75}]
2026-04-23 07:33:25,204 - INFO - auto_fusion - main_auto_fusion.py - Moving Bounding Box: [{'x': -10.303630735341768, 'y': -9.270293738297985, 'z': -8.7436328887939}, {'x': 7.696369268350086, 'y': 8.729706265393869, 'z': -0.043632888793951}]
2026-04-23 07:33:25,204 - INFO - auto_fusion - main_auto_fusion.py - Moving image transation: {'x': 0.4060201734082577, 'y': -1.6406137211069842, 'z': 3.5856486850997813}
2026-04-23 07:33:25,204 - INFO - auto_fusion - main_auto_fusion.py - Creating registration for moving image named MR 1...
2026-04-23 07:33:26,147 - INFO - auto_fusion - main_auto_fusion.py - Initial Alignment: {'YawDegrees': 0, 'PitchDegrees': 0, 'RollDegrees': 0, 'Translation': {'x': 0.4060201734082577, 'y': -1.6406137211069842, 'z': 3.5856486850997813}, 'RotationCenter': {'x': 0, 'y': 0, 'z': 0}}
2026-04-23 07:34:03,402 - INFO - auto_fusion - AutoFusion.py - 

===== Finished AutoFusion =====


2026-04-23 10:35:53,601 - INFO - auto_fusion - AutoFusion.py - 

===== Running AutoFusion =====
2026-04-23 10:35:53,667 - INFO - auto_fusion - AutoFusion.py - Patient_ID: 14125830 || CaseName: Case 1
2026-04-23 10:35:53,671 - INFO - auto_fusion - AutoFusion.py - Current Windows User: NYUMC\CLANCO01
2026-04-23 10:35:53,742 - INFO - auto_fusion - main_auto_fusion.py - AutoFusion initialized...
2026-04-23 10:36:14,799 - INFO - auto_fusion - main_auto_fusion.py - Fusion Popup Selected Values: {'ReferenceImageName': 'CT 1', 'FusingImageName': ['MR 1'], 'TargetName': 'GTVp', 'RegistrtaionType': 'Frame of Reference'}
2026-04-23 10:36:14,950 - INFO - auto_fusion - main_auto_fusion.py - Running DSL model...
2026-04-23 10:36:14,969 - INFO - auto_fusion - main_auto_fusion.py - Target center of ROI target GTVp is: {'x': 0.0726557085838885, 'y': -3.7623006976740823, 'z': -3.8340867942504095}
2026-04-23 10:36:14,998 - INFO - auto_fusion - main_auto_fusion.py - Creating fusion box...
2026-04-23 10:36:15,195 - INFO - auto_fusion - main_auto_fusion.py - Current moving image name: MR 1
2026-04-23 10:36:15,406 - INFO - auto_fusion - main_auto_fusion.py - Fixed Bounding Box: [{'x': -32.563476550000004, 'y': -32.563476550000004, 'z': -24.0}, {'x': 32.43651064999999, 'y': 32.43651064999999, 'z': 28.625}]
2026-04-23 10:36:15,407 - INFO - auto_fusion - main_auto_fusion.py - Moving Bounding Box: [{'x': -10.207245161000767, 'y': -12.643787767343085, 'z': -2.6231510162353997}, {'x': 7.792754842691087, 'y': 5.356212236348769, 'z': 6.0768489837646}]
2026-04-23 10:36:15,407 - INFO - auto_fusion - main_auto_fusion.py - Moving image transation: {'x': 1.2164179177387213, 'y': -0.18199588217693163, 'z': -3.2484357780150095}
2026-04-23 10:36:15,407 - INFO - auto_fusion - main_auto_fusion.py - Creating registration for moving image named MR 1...
2026-04-23 10:36:16,995 - INFO - auto_fusion - main_auto_fusion.py - Initial Alignment: {'YawDegrees': 0, 'PitchDegrees': 0, 'RollDegrees': 0, 'Translation': {'x': 1.2164179177387213, 'y': -0.18199588217693163, 'z': -3.2484357780150095}, 'RotationCenter': {'x': 0, 'y': 0, 'z': 0}}
2026-04-23 10:37:00,713 - INFO - auto_fusion - AutoFusion.py - 

===== Finished AutoFusion =====


2026-04-23 15:08:18,400 - INFO - auto_fusion - AutoFusion.py - 

===== Running AutoFusion =====
2026-04-23 15:08:18,490 - INFO - auto_fusion - AutoFusion.py - Patient_ID: 16276710 || CaseName: Case 1
2026-04-23 15:08:18,494 - INFO - auto_fusion - AutoFusion.py - Current Windows User: NYUMC\CLANCO01
2026-04-23 15:08:18,569 - INFO - auto_fusion - main_auto_fusion.py - AutoFusion initialized...
2026-04-23 15:08:18,755 - INFO - auto_fusion - main_auto_fusion.py - Assigned target roi name to GTVp
2026-04-23 15:08:18,755 - INFO - auto_fusion - main_auto_fusion.py - Fusion popup window step skipped.
2026-04-23 15:08:18,903 - INFO - auto_fusion - main_auto_fusion.py - Target center of ROI target GTVp is: {'x': -0.9572088286624766, 'y': -1.1128884666101586, 'z': -9.431402646223479}
2026-04-23 15:08:18,945 - INFO - auto_fusion - main_auto_fusion.py - Creating fusion box...
2026-04-23 15:08:19,083 - INFO - auto_fusion - main_auto_fusion.py - Current moving image name: MR 1
2026-04-23 15:08:19,266 - INFO - auto_fusion - main_auto_fusion.py - Fixed Bounding Box: [{'x': -25.0488281, 'y': -25.0488281, 'z': -26.375}, {'x': 24.951146299999998, 'y': 24.951146299999998, 'z': 25.125}]
2026-04-23 15:08:19,267 - INFO - auto_fusion - main_auto_fusion.py - Moving Bounding Box: [{'x': -8.08676319307487, 'y': -9.998004629067985, 'z': -11.35796585083}, {'x': 9.913236810616985, 'y': 8.001995374623869, 'z': -2.6579658508301005}]
2026-04-23 15:08:19,267 - INFO - auto_fusion - main_auto_fusion.py - Moving image transation: {'x': -1.919286537433535, 'y': -0.1637247393881014, 'z': -3.048436795393428}
2026-04-23 15:08:19,267 - INFO - auto_fusion - main_auto_fusion.py - Creating registration for moving image named MR 1...
2026-04-23 15:08:20,523 - INFO - auto_fusion - main_auto_fusion.py - Initial Alignment: {'YawDegrees': 0, 'PitchDegrees': 0, 'RollDegrees': 0, 'Translation': {'x': -1.919286537433535, 'y': -0.1637247393881014, 'z': -3.048436795393428}, 'RotationCenter': {'x': 0, 'y': 0, 'z': 0}}
2026-04-23 15:08:53,707 - INFO - auto_fusion - AutoFusion.py - 

===== Finished AutoFusion =====


2026-04-23 16:07:35,495 - INFO - auto_fusion - AutoFusion.py - 

===== Running AutoFusion =====
2026-04-23 16:07:35,563 - INFO - auto_fusion - AutoFusion.py - Patient_ID: 15511491 || CaseName: Case 1
2026-04-23 16:07:35,567 - INFO - auto_fusion - AutoFusion.py - Current Windows User: NYUMC\MACMEW01
2026-04-23 16:07:35,619 - INFO - auto_fusion - main_auto_fusion.py - AutoFusion initialized...
2026-04-23 16:08:01,573 - INFO - auto_fusion - main_auto_fusion.py - Fusion Popup Selected Values: {'ReferenceImageName': 'ESOPHAGUS', 'FusingImageName': ['CT 1'], 'TargetName': 'Bone_Mandible', 'RegistrtaionType': 'Frame of Reference'}
2026-04-23 16:08:01,676 - INFO - auto_fusion - main_auto_fusion.py - Running DSL model...
2026-04-23 16:08:28,403 - INFO - auto_fusion - main_auto_fusion.py - Target center of ROI target Bone_Mandible is: {'x': 1.9847701727273994, 'y': -13.733314003877334, 'z': 22.948712442176504}
2026-04-23 16:08:28,476 - INFO - auto_fusion - main_auto_fusion.py - Creating fusion box...
2026-04-23 16:08:28,612 - INFO - auto_fusion - main_auto_fusion.py - Current moving image name: CT 1
2026-04-23 16:08:28,751 - INFO - auto_fusion - main_auto_fusion.py - Creating External ROI contours...
2026-04-23 16:08:30,760 - INFO - auto_fusion - main_auto_fusion.py - Running DSL model...
2026-04-23 16:12:39,468 - INFO - auto_fusion - AutoFusion.py - 

===== Running AutoFusion =====
2026-04-23 16:12:39,570 - INFO - auto_fusion - AutoFusion.py - Patient_ID: 15511491 || CaseName: Case 1
2026-04-23 16:12:39,573 - INFO - auto_fusion - AutoFusion.py - Current Windows User: NYUMC\MACMEW01
2026-04-23 16:12:39,643 - INFO - auto_fusion - main_auto_fusion.py - AutoFusion initialized...
2026-04-23 16:13:10,698 - INFO - auto_fusion - main_auto_fusion.py - Fusion Popup Selected Values: {'ReferenceImageName': 'ESOPHAGUS', 'FusingImageName': ['CT 1'], 'TargetName': 'GTV', 'RegistrtaionType': 'Frame of Reference'}
2026-04-23 16:13:10,810 - INFO - auto_fusion - main_auto_fusion.py - Running DSL model...
2026-04-23 16:13:10,820 - INFO - auto_fusion - main_auto_fusion.py - Target center of ROI target GTV is: {'x': 0.2422398356661218, 'y': 2.4789905129166363, 'z': 5.438600566717751}
2026-04-23 16:13:10,833 - INFO - auto_fusion - main_auto_fusion.py - Creating fusion box...
2026-04-23 16:13:10,923 - INFO - auto_fusion - main_auto_fusion.py - Current moving image name: CT 1
2026-04-23 16:13:11,027 - INFO - auto_fusion - main_auto_fusion.py - Running DSL model...
2026-04-23 16:13:11,039 - INFO - auto_fusion - main_auto_fusion.py - Fixed Bounding Box: [{'x': -27.55371095, 'y': -27.55371095, 'z': -19.288}, {'x': 27.44630185, 'y': 27.44630185, 'z': 29.962}]
2026-04-23 16:13:11,039 - INFO - auto_fusion - main_auto_fusion.py - Moving Bounding Box: [{'x': -25.0, 'y': -40.6, 'z': 47.95}, {'x': 25.0, 'y': 9.399999999999999, 'z': 123.85000000000001}]
2026-04-23 16:13:11,040 - INFO - auto_fusion - main_auto_fusion.py - Moving image transation: {'x': 0.18853528566612274, 'y': 18.025285962916637, 'z': -75.12439943328225}
2026-04-23 16:13:11,040 - INFO - auto_fusion - main_auto_fusion.py - Creating registration for moving image named CT 1...
2026-04-23 16:13:11,922 - INFO - auto_fusion - main_auto_fusion.py - Initial Alignment: {'YawDegrees': 0, 'PitchDegrees': 0, 'RollDegrees': 0, 'Translation': {'x': 0.18853528566612274, 'y': 18.025285962916637, 'z': -75.12439943328225}, 'RotationCenter': {'x': 0, 'y': 0, 'z': 0}}
2026-04-23 16:13:51,137 - INFO - auto_fusion - AutoFusion.py - 

===== Finished AutoFusion =====


2026-04-24 10:21:02,062 - INFO - auto_fusion - AutoFusion.py - 

===== Running AutoFusion =====
2026-04-24 10:21:02,127 - INFO - auto_fusion - AutoFusion.py - Patient_ID: 11908974 || CaseName: Case 1
2026-04-24 10:21:02,140 - INFO - auto_fusion - AutoFusion.py - Current Windows User: NYUMC\WESTJ05
2026-04-24 10:21:02,212 - INFO - auto_fusion - main_auto_fusion.py - AutoFusion initialized...
2026-04-24 10:21:02,520 - INFO - auto_fusion - main_auto_fusion.py - Assigned target roi name to GTVp
2026-04-24 10:21:02,520 - INFO - auto_fusion - main_auto_fusion.py - Fusion popup window step skipped.
2026-04-24 10:21:02,660 - INFO - auto_fusion - main_auto_fusion.py - Target center of ROI target GTVp is: {'x': -1.6348998381549575, 'y': -0.8138272465714906, 'z': 1.7176522813197561}
2026-04-24 10:21:02,676 - INFO - auto_fusion - main_auto_fusion.py - Creating fusion box...
2026-04-24 10:21:02,887 - INFO - auto_fusion - main_auto_fusion.py - Current moving image name: MR_for_CK
2026-04-24 10:21:02,963 - INFO - auto_fusion - main_auto_fusion.py - Fixed Bounding Box: [{'x': -40.078125, 'y': -40.078125, 'z': -17.1465}, {'x': 39.921875, 'y': 39.921875, 'z': 40.4785}]
2026-04-24 10:21:02,963 - INFO - auto_fusion - main_auto_fusion.py - Moving Bounding Box: [{'x': -13.246381000127075, 'y': -10.82728100000025, 'z': -4.68642}, {'x': 12.753491000000247, 'y': 15.172591000127072, 'z': 7.013579999999999}]
2026-04-24 10:21:02,963 - INFO - auto_fusion - main_auto_fusion.py - Moving image transation: {'x': -1.4665798380915438, 'y': -3.064607246634902, 'z': 12.220072281319757}
2026-04-24 10:21:02,964 - INFO - auto_fusion - main_auto_fusion.py - Creating registration for moving image named MR_for_CK...
2026-04-24 10:21:04,436 - INFO - auto_fusion - main_auto_fusion.py - Initial Alignment: {'YawDegrees': 0, 'PitchDegrees': 0, 'RollDegrees': 0, 'Translation': {'x': -1.4665798380915438, 'y': -3.064607246634902, 'z': 12.220072281319757}, 'RotationCenter': {'x': 0, 'y': 0, 'z': 0}}
2026-04-24 10:21:51,193 - INFO - auto_fusion - AutoFusion.py - 

===== Finished AutoFusion =====


2026-04-24 12:57:28,625 - INFO - auto_fusion - AutoFusion.py - 

===== Running AutoFusion =====
2026-04-24 12:57:28,710 - INFO - auto_fusion - AutoFusion.py - Patient_ID: 17857977 || CaseName: Case 1
2026-04-24 12:57:28,715 - INFO - auto_fusion - AutoFusion.py - Current Windows User: NYUMC\WESTJ05
2026-04-24 12:57:28,801 - INFO - auto_fusion - main_auto_fusion.py - AutoFusion initialized...
2026-04-24 12:57:29,245 - INFO - auto_fusion - main_auto_fusion.py - Assigned target roi name to GTVp
2026-04-24 12:57:29,245 - INFO - auto_fusion - main_auto_fusion.py - Fusion popup window step skipped.
2026-04-24 12:57:29,412 - INFO - auto_fusion - main_auto_fusion.py - Target center of ROI target GTVp is: {'x': -2.4241421461091672, 'y': -0.34294759217535087, 'z': -7.542595209786087}
2026-04-24 12:57:29,437 - INFO - auto_fusion - main_auto_fusion.py - Creating fusion box...
2026-04-24 12:57:29,610 - INFO - auto_fusion - main_auto_fusion.py - Current moving image name: MR_for_CK
2026-04-24 12:57:29,671 - INFO - auto_fusion - main_auto_fusion.py - Fixed Bounding Box: [{'x': -40.078125, 'y': -40.078125, 'z': -22.625}, {'x': 39.921875, 'y': 39.921875, 'z': 18.375}]
2026-04-24 12:57:29,671 - INFO - auto_fusion - main_auto_fusion.py - Moving Bounding Box: [{'x': -15.40525916470914, 'y': -14.727798100752675, 'z': -2.5198413848877}, {'x': 10.95717643529748, 'y': 11.634637499256316, 'z': 12.180158996582001}]
2026-04-24 12:57:29,672 - INFO - auto_fusion - main_auto_fusion.py - Moving image transation: {'x': -0.27822578140333754, 'y': 1.125507708572828, 'z': -14.497754015633237}
2026-04-24 12:57:29,672 - INFO - auto_fusion - main_auto_fusion.py - Creating registration for moving image named MR_for_CK...
2026-04-24 12:57:30,848 - INFO - auto_fusion - main_auto_fusion.py - Initial Alignment: {'YawDegrees': 0, 'PitchDegrees': 0, 'RollDegrees': 0, 'Translation': {'x': -0.27822578140333754, 'y': 1.125507708572828, 'z': -14.497754015633237}, 'RotationCenter': {'x': 0, 'y': 0, 'z': 0}}
2026-04-24 12:58:26,187 - INFO - auto_fusion - AutoFusion.py - 

===== Finished AutoFusion =====


2026-04-27 10:11:35,348 - INFO - auto_fusion - AutoFusion.py - 

===== Running AutoFusion =====
2026-04-27 10:11:35,442 - INFO - auto_fusion - AutoFusion.py - Patient_ID: 13252266 || CaseName: Case 1
2026-04-27 10:11:35,446 - INFO - auto_fusion - AutoFusion.py - Current Windows User: NYUMC\CLANCO01
2026-04-27 10:11:35,510 - INFO - auto_fusion - main_auto_fusion.py - AutoFusion initialized...
2026-04-27 10:11:35,697 - INFO - auto_fusion - main_auto_fusion.py - Assigned target roi name to GTVp
2026-04-27 10:11:35,697 - INFO - auto_fusion - main_auto_fusion.py - Fusion popup window step skipped.
2026-04-27 10:11:35,816 - INFO - auto_fusion - main_auto_fusion.py - Target center of ROI target GTVp is: {'x': -1.0047689287753125, 'y': 0.6135421821063088, 'z': -8.184344480174}
2026-04-27 10:11:35,845 - INFO - auto_fusion - main_auto_fusion.py - Creating fusion box...
2026-04-27 10:11:35,987 - INFO - auto_fusion - main_auto_fusion.py - Current moving image name: MR 1
2026-04-27 10:11:36,020 - INFO - auto_fusion - main_auto_fusion.py - Fixed Bounding Box: [{'x': -40.078125, 'y': -40.078125, 'z': -26.75}, {'x': 39.921875, 'y': 39.921875, 'z': 25.25}]
2026-04-27 10:11:36,020 - INFO - auto_fusion - main_auto_fusion.py - Moving Bounding Box: [{'x': -12.859711533784443, 'y': -14.797483348846441, 'z': -9.644091796875}, {'x': 12.740289801359397, 'y': 10.8025179862974, 'z': 5.055908203125}]
2026-04-27 10:11:36,021 - INFO - auto_fusion - main_auto_fusion.py - Moving image transation: {'x': -1.0231830625627896, 'y': 2.53289986338083, 'z': -6.640252683299}
2026-04-27 10:11:36,021 - INFO - auto_fusion - main_auto_fusion.py - Creating registration for moving image named MR 1...
2026-04-27 10:11:36,924 - INFO - auto_fusion - main_auto_fusion.py - Initial Alignment: {'YawDegrees': 0, 'PitchDegrees': 0, 'RollDegrees': 0, 'Translation': {'x': -1.0231830625627896, 'y': 2.53289986338083, 'z': -6.640252683299}, 'RotationCenter': {'x': 0, 'y': 0, 'z': 0}}
2026-04-27 10:12:00,553 - INFO - auto_fusion - AutoFusion.py - 

===== Finished AutoFusion =====


2026-04-27 11:39:59,550 - INFO - auto_fusion - AutoFusion.py - 

===== Running AutoFusion =====
2026-04-27 11:39:59,618 - INFO - auto_fusion - AutoFusion.py - Patient_ID: 16115835 || CaseName: Case 1
2026-04-27 11:39:59,623 - INFO - auto_fusion - AutoFusion.py - Current Windows User: NYUMC\WESTJ05
2026-04-27 11:39:59,692 - INFO - auto_fusion - main_auto_fusion.py - AutoFusion initialized...
2026-04-27 11:40:00,031 - INFO - auto_fusion - main_auto_fusion.py - Assigned target roi name to GTVp
2026-04-27 11:40:00,031 - INFO - auto_fusion - main_auto_fusion.py - Fusion popup window step skipped.
2026-04-27 11:40:00,170 - INFO - auto_fusion - main_auto_fusion.py - Target center of ROI target GTVp is: {'x': -0.34088327967629006, 'y': -1.5934652495071655, 'z': -9.626208531556346}
2026-04-27 11:40:00,190 - INFO - auto_fusion - main_auto_fusion.py - Creating fusion box...
2026-04-27 11:40:00,381 - INFO - auto_fusion - main_auto_fusion.py - Current moving image name: MR_for_CK
2026-04-27 11:40:00,468 - INFO - auto_fusion - main_auto_fusion.py - Fixed Bounding Box: [{'x': -40.078125, 'y': -40.078125, 'z': -30.0}, {'x': 39.921875, 'y': 39.921875, 'z': 22.5}]
2026-04-27 11:40:00,469 - INFO - auto_fusion - main_auto_fusion.py - Moving Bounding Box: [{'x': -13.22043108940044, 'y': -14.977844524383443, 'z': -6.0368732452392}, {'x': 12.3795702457434, 'y': 10.622156810760398, 'z': 8.663127136230468}]
2026-04-27 11:40:00,469 - INFO - auto_fusion - main_auto_fusion.py - Moving image transation: {'x': 0.0014221421522301325, 'y': 0.5062536073043569, 'z': -14.68933547705198}
2026-04-27 11:40:00,469 - INFO - auto_fusion - main_auto_fusion.py - Creating registration for moving image named MR_for_CK...
2026-04-27 11:40:01,186 - INFO - auto_fusion - main_auto_fusion.py - Initial Alignment: {'YawDegrees': 0, 'PitchDegrees': 0, 'RollDegrees': 0, 'Translation': {'x': 0.0014221421522301325, 'y': 0.5062536073043569, 'z': -14.68933547705198}, 'RotationCenter': {'x': 0, 'y': 0, 'z': 0}}
2026-04-27 11:40:31,904 - INFO - auto_fusion - AutoFusion.py - 

===== Finished AutoFusion =====


2026-04-27 11:52:40,850 - INFO - auto_fusion - AutoFusion.py - 

===== Running AutoFusion =====
2026-04-27 11:52:40,918 - INFO - auto_fusion - AutoFusion.py - Patient_ID: 9684676 || CaseName: Case 1
2026-04-27 11:52:40,923 - INFO - auto_fusion - AutoFusion.py - Current Windows User: NYUMC\CHANG05
2026-04-27 11:52:40,982 - INFO - auto_fusion - main_auto_fusion.py - AutoFusion initialized...
2026-04-27 11:52:41,152 - INFO - auto_fusion - main_auto_fusion.py - Assigned target roi name to GTVp
2026-04-27 11:52:41,152 - INFO - auto_fusion - main_auto_fusion.py - Fusion popup window step skipped.
2026-04-27 11:52:41,266 - INFO - auto_fusion - main_auto_fusion.py - Target center of ROI target GTVp is: {'x': 0.9222955235040158, 'y': -1.9310998234455519, 'z': -5.346589365718255}
2026-04-27 11:52:41,284 - INFO - auto_fusion - main_auto_fusion.py - Creating fusion box...
2026-04-27 11:52:41,390 - INFO - auto_fusion - main_auto_fusion.py - Current moving image name: MRI_CK
2026-04-27 11:52:41,420 - INFO - auto_fusion - main_auto_fusion.py - Fixed Bounding Box: [{'x': -27.152929699999998, 'y': -27.152929699999998, 'z': -27.2615}, {'x': 27.047083100000005, 'y': 27.047083100000005, 'z': 24.3635}]
2026-04-27 11:52:41,420 - INFO - auto_fusion - main_auto_fusion.py - Moving Bounding Box: [{'x': -11.999381000127075, 'y': -10.16818100000025, 'z': 0.560184}, {'x': 14.000491000000247, 'y': 15.831691000127073, 'z': 12.260200000000001}]
2026-04-27 11:52:41,420 - INFO - auto_fusion - main_auto_fusion.py - Moving image transation: {'x': -0.1311827764325666, 'y': -4.815778123508959, 'z': -13.205781365718256}
2026-04-27 11:52:41,421 - INFO - auto_fusion - main_auto_fusion.py - Creating registration for moving image named MRI_CK...
2026-04-27 11:52:43,471 - INFO - auto_fusion - main_auto_fusion.py - Initial Alignment: {'YawDegrees': 0, 'PitchDegrees': 0, 'RollDegrees': 0, 'Translation': {'x': -0.1311827764325666, 'y': -4.815778123508959, 'z': -13.205781365718256}, 'RotationCenter': {'x': 0, 'y': 0, 'z': 0}}
2026-04-27 11:52:57,802 - INFO - auto_fusion - AutoFusion.py - 

===== Finished AutoFusion =====


2026-04-27 12:02:31,784 - INFO - auto_fusion - AutoFusion.py - 

===== Running AutoFusion =====
2026-04-27 12:02:31,872 - INFO - auto_fusion - AutoFusion.py - Patient_ID: 16378630 || CaseName: Case 1
2026-04-27 12:02:31,876 - INFO - auto_fusion - AutoFusion.py - Current Windows User: NYUMC\CHANG05
2026-04-27 12:02:31,939 - INFO - auto_fusion - main_auto_fusion.py - AutoFusion initialized...
2026-04-27 12:02:32,135 - INFO - auto_fusion - main_auto_fusion.py - Assigned target roi name to GTVp
2026-04-27 12:02:32,136 - INFO - auto_fusion - main_auto_fusion.py - Fusion popup window step skipped.
2026-04-27 12:02:32,249 - INFO - auto_fusion - main_auto_fusion.py - Target center of ROI target GTVp is: {'x': -0.23300951893780383, 'y': -2.0309853599720213, 'z': -3.177598581059567}
2026-04-27 12:02:32,279 - INFO - auto_fusion - main_auto_fusion.py - Creating fusion box...
2026-04-27 12:02:32,488 - INFO - auto_fusion - main_auto_fusion.py - Current moving image name: MRI_CK
2026-04-27 12:02:32,519 - INFO - auto_fusion - main_auto_fusion.py - Fixed Bounding Box: [{'x': -34.6675781, 'y': -34.6675781, 'z': -22.25}, {'x': 34.5323963, 'y': 34.5323963, 'z': 25.0}]
2026-04-27 12:02:32,520 - INFO - auto_fusion - main_auto_fusion.py - Moving Bounding Box: [{'x': -10.474281000127075, 'y': -10.89988100000025, 'z': 0.265648}, {'x': 15.525591000000247, 'y': 15.099991000127073, 'z': 11.9656}]
2026-04-27 12:02:32,520 - INFO - auto_fusion - main_auto_fusion.py - Moving image transation: {'x': -2.826255418874389, 'y': -4.198631260035432, 'z': -7.918222581059567}
2026-04-27 12:02:32,520 - INFO - auto_fusion - main_auto_fusion.py - Creating registration for moving image named MRI_CK...
2026-04-27 12:02:34,700 - INFO - auto_fusion - main_auto_fusion.py - Initial Alignment: {'YawDegrees': 0, 'PitchDegrees': 0, 'RollDegrees': 0, 'Translation': {'x': -2.826255418874389, 'y': -4.198631260035432, 'z': -7.918222581059567}, 'RotationCenter': {'x': 0, 'y': 0, 'z': 0}}
2026-04-27 12:02:47,468 - INFO - auto_fusion - AutoFusion.py - 

===== Finished AutoFusion =====


2026-04-28 09:21:27,364 - INFO - auto_fusion - AutoFusion.py - 

===== Running AutoFusion =====
2026-04-28 09:21:27,457 - INFO - auto_fusion - AutoFusion.py - Patient_ID: 13187950 || CaseName: Case 1
2026-04-28 09:21:27,463 - INFO - auto_fusion - AutoFusion.py - Current Windows User: NYUMC\WESTJ05
2026-04-28 09:21:27,538 - INFO - auto_fusion - main_auto_fusion.py - AutoFusion initialized...
2026-04-28 09:21:27,767 - INFO - auto_fusion - main_auto_fusion.py - Assigned target roi name to GTVp
2026-04-28 09:21:27,767 - INFO - auto_fusion - main_auto_fusion.py - Fusion popup window step skipped.
2026-04-28 09:21:27,909 - INFO - auto_fusion - main_auto_fusion.py - Target center of ROI target GTVp is: {'x': -2.066404511955592, 'y': 0.17476887508133807, 'z': -6.540211472826968}
2026-04-28 09:21:27,924 - INFO - auto_fusion - main_auto_fusion.py - Creating fusion box...
2026-04-28 09:21:28,072 - INFO - auto_fusion - main_auto_fusion.py - Current moving image name: MR 1
2026-04-28 09:21:28,103 - INFO - auto_fusion - main_auto_fusion.py - Fixed Bounding Box: [{'x': -30.5595703, 'y': -30.5595703, 'z': -31.1065}, {'x': 30.4404169, 'y': 30.4404169, 'z': 21.5185}]
2026-04-28 09:21:28,103 - INFO - auto_fusion - main_auto_fusion.py - Moving Bounding Box: [{'x': -13.894181000127075, 'y': -9.31568100000025, 'z': 1.13036}, {'x': 12.105691000000247, 'y': 16.684191000127072, 'z': 12.8304}]
2026-04-28 09:21:28,103 - INFO - auto_fusion - main_auto_fusion.py - Moving image transation: {'x': -1.231736211892179, 'y': -3.569062824982074, 'z': -18.31459147282697}
2026-04-28 09:21:28,103 - INFO - auto_fusion - main_auto_fusion.py - Creating registration for moving image named MR 1...
2026-04-28 09:21:28,721 - INFO - auto_fusion - main_auto_fusion.py - Initial Alignment: {'YawDegrees': 0, 'PitchDegrees': 0, 'RollDegrees': 0, 'Translation': {'x': -1.231736211892179, 'y': -3.569062824982074, 'z': -18.31459147282697}, 'RotationCenter': {'x': 0, 'y': 0, 'z': 0}}
2026-04-28 09:22:06,618 - INFO - auto_fusion - AutoFusion.py - 

===== Finished AutoFusion =====


2026-04-29 09:50:48,094 - INFO - auto_fusion - AutoFusion.py - 

===== Running AutoFusion =====
2026-04-29 09:50:48,174 - INFO - auto_fusion - AutoFusion.py - Patient_ID: 12276225 || CaseName: Case 2
2026-04-29 09:50:48,179 - INFO - auto_fusion - AutoFusion.py - Current Windows User: NYUMC\CLANCO01
2026-04-29 09:50:48,285 - INFO - auto_fusion - main_auto_fusion.py - AutoFusion initialized...
2026-04-29 09:50:53,351 - INFO - auto_fusion - main_auto_fusion.py - Fusion Popup Selected Values: {'ReferenceImageName': 'CYBER BRAIN', 'FusingImageName': ['CT 1'], 'TargetName': 'Brain', 'RegistrtaionType': 'Frame of Reference'}
2026-04-29 09:50:53,540 - INFO - auto_fusion - main_auto_fusion.py - Running DSL model...
2026-04-29 09:50:53,708 - INFO - auto_fusion - main_auto_fusion.py - Target center of ROI target Brain is: {'x': -0.19484969952465295, 'y': 1.6860399274793352, 'z': 1.2335121654130896}
2026-04-29 09:50:53,969 - INFO - auto_fusion - main_auto_fusion.py - Creating fusion box...
2026-04-29 09:50:54,157 - INFO - auto_fusion - main_auto_fusion.py - Current moving image name: CT 1
2026-04-29 09:50:54,390 - INFO - auto_fusion - main_auto_fusion.py - Creating External ROI contours...
2026-04-29 09:50:56,182 - INFO - auto_fusion - main_auto_fusion.py - Running DSL model...
2026-04-29 09:51:32,351 - INFO - auto_fusion - main_auto_fusion.py - Fixed Bounding Box: [{'x': -17.534179700000003, 'y': -17.534179700000003, 'z': -16.5}, {'x': 17.465833099999998, 'y': 17.465833099999998, 'z': 12.75}]
2026-04-29 09:51:32,351 - INFO - auto_fusion - main_auto_fusion.py - Moving Bounding Box: [{'x': -25.0488281, 'y': -25.0488281, 'z': -21.825}, {'x': 24.951146299999998, 'y': 24.951146299999998, 'z': 25.55}]
2026-04-29 09:51:32,352 - INFO - auto_fusion - main_auto_fusion.py - Moving image transation: {'x': -0.18018209952465372, 'y': 1.7007075274793344, 'z': -2.503987834586911}
2026-04-29 09:51:32,352 - INFO - auto_fusion - main_auto_fusion.py - Creating registration for moving image named CT 1...
2026-04-29 09:51:34,079 - INFO - auto_fusion - main_auto_fusion.py - Initial Alignment: {'YawDegrees': 0, 'PitchDegrees': 0, 'RollDegrees': 0, 'Translation': {'x': -0.18018209952465372, 'y': 1.7007075274793344, 'z': -2.503987834586911}, 'RotationCenter': {'x': 0, 'y': 0, 'z': 0}}
2026-04-29 09:53:41,302 - INFO - auto_fusion - AutoFusion.py - 

===== Finished AutoFusion =====


2026-04-29 11:16:33,667 - INFO - auto_fusion - AutoFusion.py - 

===== Running AutoFusion =====
2026-04-29 11:16:33,734 - INFO - auto_fusion - AutoFusion.py - Patient_ID: 13618089 || CaseName: Case 1
2026-04-29 11:16:33,738 - INFO - auto_fusion - AutoFusion.py - Current Windows User: NYUMC\MACMEW01
2026-04-29 11:16:33,807 - INFO - auto_fusion - main_auto_fusion.py - AutoFusion initialized...
2026-04-29 11:16:34,008 - INFO - auto_fusion - main_auto_fusion.py - Assigned target roi name to GTVp
2026-04-29 11:16:34,008 - INFO - auto_fusion - main_auto_fusion.py - Fusion popup window step skipped.
2026-04-29 11:16:34,147 - INFO - auto_fusion - main_auto_fusion.py - Target center of ROI target GTVp is: {'x': 0.35098116766128096, 'y': 1.6265277563154101, 'z': -6.873786063877222}
2026-04-29 11:16:34,166 - INFO - auto_fusion - main_auto_fusion.py - Creating fusion box...
2026-04-29 11:16:34,313 - INFO - auto_fusion - main_auto_fusion.py - Current moving image name: MR 1
2026-04-29 11:16:34,351 - INFO - auto_fusion - main_auto_fusion.py - Fixed Bounding Box: [{'x': -32.563476550000004, 'y': -32.563476550000004, 'z': -30.375}, {'x': 32.43651064999999, 'y': 32.43651064999999, 'z': 23.625}]
2026-04-29 11:16:34,351 - INFO - auto_fusion - main_auto_fusion.py - Moving Bounding Box: [{'x': -10.833081000127073, 'y': -10.20708100000025, 'z': -5.74695}, {'x': 15.166791000000249, 'y': 15.792791000127073, 'z': 5.953049999999999}]
2026-04-29 11:16:34,351 - INFO - auto_fusion - main_auto_fusion.py - Moving image transation: {'x': -1.8793567822753148, 'y': -1.2298101937480097, 'z': -10.351836063877222}
2026-04-29 11:16:34,352 - INFO - auto_fusion - main_auto_fusion.py - Creating registration for moving image named MR 1...
2026-04-29 11:16:35,320 - INFO - auto_fusion - main_auto_fusion.py - Initial Alignment: {'YawDegrees': 0, 'PitchDegrees': 0, 'RollDegrees': 0, 'Translation': {'x': -1.8793567822753148, 'y': -1.2298101937480097, 'z': -10.351836063877222}, 'RotationCenter': {'x': 0, 'y': 0, 'z': 0}}
2026-04-29 11:16:51,313 - INFO - auto_fusion - AutoFusion.py - 

===== Finished AutoFusion =====


2026-04-29 11:19:38,230 - INFO - auto_fusion - AutoFusion.py - 

===== Running AutoFusion =====
2026-04-29 11:19:38,317 - INFO - auto_fusion - AutoFusion.py - Patient_ID: 16069610 || CaseName: Case 2
2026-04-29 11:19:38,321 - INFO - auto_fusion - AutoFusion.py - Current Windows User: NYUMC\DIBARD04
2026-04-29 11:19:38,395 - INFO - auto_fusion - main_auto_fusion.py - AutoFusion initialized...
2026-04-29 11:19:38,595 - INFO - auto_fusion - main_auto_fusion.py - Assigned target roi name to GTVp
2026-04-29 11:19:38,596 - INFO - auto_fusion - main_auto_fusion.py - Fusion popup window step skipped.
2026-04-29 11:19:38,739 - INFO - auto_fusion - main_auto_fusion.py - Target center of ROI target GTVp is: {'x': -2.1442071044544018, 'y': -1.722512601612988, 'z': -15.514603764217743}
2026-04-29 11:19:38,784 - INFO - auto_fusion - main_auto_fusion.py - Creating fusion box...
2026-04-29 11:19:38,929 - INFO - auto_fusion - main_auto_fusion.py - Current moving image name: MR 1
2026-04-29 11:19:38,968 - INFO - auto_fusion - main_auto_fusion.py - Fixed Bounding Box: [{'x': -32.563476550000004, 'y': -32.563476550000004, 'z': -38.225}, {'x': 32.43651064999999, 'y': 32.43651064999999, 'z': 10.149999999999999}]
2026-04-29 11:19:38,969 - INFO - auto_fusion - main_auto_fusion.py - Moving Bounding Box: [{'x': -13.76151580810544, 'y': -13.80549917221044, 'z': -7.8404792785644}, {'x': 11.8384855270384, 'y': 11.7945021629334, 'z': 6.859520721435549}]
2026-04-29 11:19:38,969 - INFO - auto_fusion - main_auto_fusion.py - Moving image transation: {'x': -1.2461749139208904, 'y': -0.7804970469744754, 'z': -29.06162448565332}
2026-04-29 11:19:38,969 - INFO - auto_fusion - main_auto_fusion.py - Creating registration for moving image named MR 1...
2026-04-29 11:19:39,903 - INFO - auto_fusion - main_auto_fusion.py - Initial Alignment: {'YawDegrees': 0, 'PitchDegrees': 0, 'RollDegrees': 0, 'Translation': {'x': -1.2461749139208904, 'y': -0.7804970469744754, 'z': -29.06162448565332}, 'RotationCenter': {'x': 0, 'y': 0, 'z': 0}}
2026-04-29 11:20:01,848 - INFO - auto_fusion - AutoFusion.py - 

===== Finished AutoFusion =====


2026-04-29 12:25:09,622 - INFO - auto_fusion - AutoFusion.py - 

===== Running AutoFusion =====
2026-04-29 12:25:09,686 - INFO - auto_fusion - AutoFusion.py - Patient_ID: 14938292 || CaseName: Case 1
2026-04-29 12:25:09,690 - INFO - auto_fusion - AutoFusion.py - Current Windows User: NYUMC\MACMEW01
2026-04-29 12:25:09,759 - INFO - auto_fusion - main_auto_fusion.py - AutoFusion initialized...
2026-04-29 12:25:09,980 - INFO - auto_fusion - main_auto_fusion.py - Assigned target roi name to GTVp
2026-04-29 12:25:09,981 - INFO - auto_fusion - main_auto_fusion.py - Fusion popup window step skipped.
2026-04-29 12:25:10,116 - INFO - auto_fusion - main_auto_fusion.py - Target center of ROI target GTVp is: {'x': -0.9681555583114674, 'y': 1.2518748953752825, 'z': -2.143987371666761}
2026-04-29 12:25:10,131 - INFO - auto_fusion - main_auto_fusion.py - Creating fusion box...
2026-04-29 12:25:10,262 - INFO - auto_fusion - main_auto_fusion.py - Current moving image name: MR 1
2026-04-29 12:25:10,297 - INFO - auto_fusion - main_auto_fusion.py - Fixed Bounding Box: [{'x': -40.078125, 'y': -40.078125, 'z': -25.125}, {'x': 39.921875, 'y': 39.921875, 'z': 28.125}]
2026-04-29 12:25:10,297 - INFO - auto_fusion - main_auto_fusion.py - Moving Bounding Box: [{'x': -11.949979591433074, 'y': -11.76336717612025, 'z': -1.8232353210449}, {'x': 14.050020408694248, 'y': 14.236632824007073, 'z': 12.876764678955}]
2026-04-29 12:25:10,297 - INFO - auto_fusion - main_auto_fusion.py - Moving image transation: {'x': -2.0963009669420547, 'y': -0.06288292856812894, 'z': -6.170752050621811}
2026-04-29 12:25:10,298 - INFO - auto_fusion - main_auto_fusion.py - Creating registration for moving image named MR 1...
2026-04-29 12:25:11,297 - INFO - auto_fusion - main_auto_fusion.py - Initial Alignment: {'YawDegrees': 0, 'PitchDegrees': 0, 'RollDegrees': 0, 'Translation': {'x': -2.0963009669420547, 'y': -0.06288292856812894, 'z': -6.170752050621811}, 'RotationCenter': {'x': 0, 'y': 0, 'z': 0}}
2026-04-29 12:27:06,404 - INFO - auto_fusion - AutoFusion.py - 

===== Finished AutoFusion =====


2026-04-29 12:51:05,548 - INFO - auto_fusion - AutoFusion.py - 

===== Running AutoFusion =====
2026-04-29 12:51:05,674 - INFO - auto_fusion - AutoFusion.py - Patient_ID: 13412763 || CaseName: Case 1
2026-04-29 12:51:05,679 - INFO - auto_fusion - AutoFusion.py - Current Windows User: NYUMC\CHANG05
2026-04-29 12:51:05,768 - INFO - auto_fusion - main_auto_fusion.py - AutoFusion initialized...
2026-04-29 12:51:05,983 - INFO - auto_fusion - main_auto_fusion.py - Assigned target roi name to GTVp
2026-04-29 12:51:05,983 - INFO - auto_fusion - main_auto_fusion.py - Fusion popup window step skipped.
2026-04-29 12:51:06,105 - INFO - auto_fusion - main_auto_fusion.py - Target center of ROI target GTVp is: {'x': 0.5082359164446565, 'y': 0.973478681170807, 'z': -8.207312500937064}
2026-04-29 12:51:06,140 - INFO - auto_fusion - main_auto_fusion.py - Creating fusion box...
2026-04-29 12:51:06,278 - INFO - auto_fusion - main_auto_fusion.py - Current moving image name: MR 1
2026-04-29 12:51:06,319 - INFO - auto_fusion - main_auto_fusion.py - Fixed Bounding Box: [{'x': -32.563476550000004, 'y': -32.563476550000004, 'z': -27.75}, {'x': 32.43651064999999, 'y': 32.43651064999999, 'z': 20.5}]
2026-04-29 12:51:06,319 - INFO - auto_fusion - main_auto_fusion.py - Moving Bounding Box: [{'x': -13.310615015029441, 'y': -13.80549917221044, 'z': -5.766332244873}, {'x': 12.2893863201144, 'y': 11.7945021629334, 'z': 8.93366775512695}]
2026-04-29 12:51:06,320 - INFO - auto_fusion - main_auto_fusion.py - Moving image transation: {'x': 0.9553673139021693, 'y': 1.9154942358093194, 'z': -13.415980256064039}
2026-04-29 12:51:06,320 - INFO - auto_fusion - main_auto_fusion.py - Creating registration for moving image named MR 1...
2026-04-29 12:51:08,253 - INFO - auto_fusion - main_auto_fusion.py - Initial Alignment: {'YawDegrees': 0, 'PitchDegrees': 0, 'RollDegrees': 0, 'Translation': {'x': 0.9553673139021693, 'y': 1.9154942358093194, 'z': -13.415980256064039}, 'RotationCenter': {'x': 0, 'y': 0, 'z': 0}}
2026-04-29 12:51:24,700 - INFO - auto_fusion - AutoFusion.py - 

===== Finished AutoFusion =====


2026-05-01 13:40:42,808 - INFO - auto_fusion - AutoFusion.py - 

===== Running AutoFusion =====
2026-05-01 13:40:42,873 - INFO - auto_fusion - AutoFusion.py - Patient_ID: 12718157 || CaseName: Case 2
2026-05-01 13:40:42,877 - INFO - auto_fusion - AutoFusion.py - Current Windows User: NYUMC\WESTJ05
2026-05-01 13:40:42,938 - INFO - auto_fusion - main_auto_fusion.py - AutoFusion initialized...
2026-05-01 13:40:43,281 - INFO - auto_fusion - main_auto_fusion.py - Assigned target roi name to GTVp
2026-05-01 13:40:43,281 - INFO - auto_fusion - main_auto_fusion.py - Fusion popup window step skipped.
2026-05-01 13:40:43,407 - INFO - auto_fusion - main_auto_fusion.py - Target center of ROI target GTVp is: {'x': -0.14954745679020603, 'y': 1.3255620451284607, 'z': -1.580027018272049}
2026-05-01 13:40:43,437 - INFO - auto_fusion - main_auto_fusion.py - Creating fusion box...
2026-05-01 13:40:43,581 - INFO - auto_fusion - main_auto_fusion.py - Current moving image name: MR_for_CK
2026-05-01 13:40:43,680 - INFO - auto_fusion - main_auto_fusion.py - Fixed Bounding Box: [{'x': -40.078125, 'y': -40.078125, 'z': -21.55}, {'x': 39.921875, 'y': 39.921875, 'z': 27.325}]
2026-05-01 13:40:43,680 - INFO - auto_fusion - main_auto_fusion.py - Moving Bounding Box: [{'x': -12.679353094100442, 'y': -13.44477829933144, 'z': -0.53587188720703}, {'x': 12.920648241043398, 'y': 12.1552230358124, 'z': 14.164128112793001}]
2026-05-01 13:40:43,680 - INFO - auto_fusion - main_auto_fusion.py - Moving image transation: {'x': -0.3483200302616843, 'y': 1.8922146768879813, 'z': -5.506655131065036}
2026-05-01 13:40:43,680 - INFO - auto_fusion - main_auto_fusion.py - Creating registration for moving image named MR_for_CK...
2026-05-01 13:40:44,810 - INFO - auto_fusion - main_auto_fusion.py - Initial Alignment: {'YawDegrees': 0, 'PitchDegrees': 0, 'RollDegrees': 0, 'Translation': {'x': -0.3483200302616843, 'y': 1.8922146768879813, 'z': -5.506655131065036}, 'RotationCenter': {'x': 0, 'y': 0, 'z': 0}}
2026-05-01 13:41:29,906 - INFO - auto_fusion - AutoFusion.py - 

===== Finished AutoFusion =====


2026-05-01 15:00:29,391 - INFO - auto_fusion - AutoFusion.py - 

===== Running AutoFusion =====
2026-05-01 15:00:29,479 - INFO - auto_fusion - AutoFusion.py - Patient_ID: 17370721 || CaseName: Case 3
2026-05-01 15:00:29,483 - INFO - auto_fusion - AutoFusion.py - Current Windows User: NYUMC\CHANG05
2026-05-01 15:00:29,546 - INFO - auto_fusion - main_auto_fusion.py - AutoFusion initialized...
2026-05-01 15:00:29,749 - INFO - auto_fusion - main_auto_fusion.py - Assigned target roi name to GTVp
2026-05-01 15:00:29,750 - INFO - auto_fusion - main_auto_fusion.py - Fusion popup window step skipped.
2026-05-01 15:00:29,866 - INFO - auto_fusion - main_auto_fusion.py - Target center of ROI target GTVp is: {'x': 0.8266326782704602, 'y': -0.702175648654026, 'z': -2.927002303158638}
2026-05-01 15:00:29,885 - INFO - auto_fusion - main_auto_fusion.py - Creating fusion box...
2026-05-01 15:00:30,001 - INFO - auto_fusion - main_auto_fusion.py - Current moving image name: MR 1
2026-05-01 15:00:30,036 - INFO - auto_fusion - main_auto_fusion.py - Fixed Bounding Box: [{'x': -40.078125, 'y': -40.078125, 'z': -26.475}, {'x': 39.921875, 'y': 39.921875, 'z': 28.525}]
2026-05-01 15:00:30,036 - INFO - auto_fusion - main_auto_fusion.py - Moving Bounding Box: [{'x': -12.498990631103442, 'y': -15.248385524749441, 'z': -1.3474948883056}, {'x': 13.101010704040398, 'y': 10.3516158103944, 'z': 13.352505493164099}]
2026-05-01 15:00:30,036 - INFO - auto_fusion - main_auto_fusion.py - Moving image transation: {'x': 0.44749764180198237, 'y': 1.6680842085234948, 'z': -7.90450760558789}
2026-05-01 15:00:30,036 - INFO - auto_fusion - main_auto_fusion.py - Creating registration for moving image named MR 1...
2026-05-01 15:00:31,900 - INFO - auto_fusion - main_auto_fusion.py - Initial Alignment: {'YawDegrees': 0, 'PitchDegrees': 0, 'RollDegrees': 0, 'Translation': {'x': 0.44749764180198237, 'y': 1.6680842085234948, 'z': -7.90450760558789}, 'RotationCenter': {'x': 0, 'y': 0, 'z': 0}}
2026-05-01 15:01:16,532 - INFO - auto_fusion - AutoFusion.py - 

===== Finished AutoFusion =====


2026-05-04 08:53:01,314 - INFO - auto_fusion - AutoFusion.py - 

===== Running AutoFusion =====
2026-05-04 08:53:01,379 - INFO - auto_fusion - AutoFusion.py - Patient_ID: 13243936 || CaseName: Case 1
2026-05-04 08:53:01,383 - INFO - auto_fusion - AutoFusion.py - Current Windows User: NYUMC\WESTJ05
2026-05-04 08:53:01,452 - INFO - auto_fusion - main_auto_fusion.py - AutoFusion initialized...
2026-05-04 08:53:01,719 - INFO - auto_fusion - main_auto_fusion.py - Assigned target roi name to GTVp
2026-05-04 08:53:01,719 - INFO - auto_fusion - main_auto_fusion.py - Fusion popup window step skipped.
2026-05-04 08:53:01,855 - INFO - auto_fusion - main_auto_fusion.py - Target center of ROI target GTVp is: {'x': -0.240868480468709, 'y': 4.067471609610503, 'z': -5.441023220238559}
2026-05-04 08:53:01,877 - INFO - auto_fusion - main_auto_fusion.py - Creating fusion box...
2026-05-04 08:53:02,026 - INFO - auto_fusion - main_auto_fusion.py - Current moving image name: MR 1
2026-05-04 08:53:02,076 - INFO - auto_fusion - main_auto_fusion.py - Fixed Bounding Box: [{'x': -38.77558595, 'y': -38.77558595, 'z': -31.201999999999998}, {'x': 38.62442685, 'y': 38.62442685, 'z': 25.923000000000002}]
2026-05-04 08:53:02,076 - INFO - auto_fusion - main_auto_fusion.py - Moving Bounding Box: [{'x': -12.887981000127077, 'y': -11.02468100000025, 'z': -1.44559}, {'x': 13.111891000000245, 'y': 14.975191000127072, 'z': 10.2544}]
2026-05-04 08:53:02,076 - INFO - auto_fusion - main_auto_fusion.py - Moving image transation: {'x': -0.4284030304052936, 'y': 2.016637059547091, 'z': -12.484928220238558}
2026-05-04 08:53:02,077 - INFO - auto_fusion - main_auto_fusion.py - Creating registration for moving image named MR 1...
2026-05-04 08:53:02,768 - INFO - auto_fusion - main_auto_fusion.py - Initial Alignment: {'YawDegrees': 0, 'PitchDegrees': 0, 'RollDegrees': 0, 'Translation': {'x': -0.4284030304052936, 'y': 2.016637059547091, 'z': -12.484928220238558}, 'RotationCenter': {'x': 0, 'y': 0, 'z': 0}}
2026-05-04 08:53:46,111 - INFO - auto_fusion - AutoFusion.py - 

===== Finished AutoFusion =====


2026-05-04 10:31:43,420 - INFO - auto_fusion - AutoFusion.py - 

===== Running AutoFusion =====
2026-05-04 10:31:43,544 - INFO - auto_fusion - AutoFusion.py - Patient_ID: 5262580 || CaseName: Case 1
2026-05-04 10:31:43,548 - INFO - auto_fusion - AutoFusion.py - Current Windows User: NYUMC\WESTJ05
2026-05-04 10:31:43,633 - INFO - auto_fusion - main_auto_fusion.py - AutoFusion initialized...
2026-05-04 10:31:43,850 - INFO - auto_fusion - main_auto_fusion.py - Assigned target roi name to GTVp
2026-05-04 10:31:43,851 - INFO - auto_fusion - main_auto_fusion.py - Fusion popup window step skipped.
2026-05-04 10:31:44,029 - INFO - auto_fusion - main_auto_fusion.py - Target center of ROI target GTVp is: {'x': 1.1413843825572696, 'y': -0.3530117994434383, 'z': -8.275954777081706}
2026-05-04 10:31:44,058 - INFO - auto_fusion - main_auto_fusion.py - Creating fusion box...
2026-05-04 10:31:44,244 - INFO - auto_fusion - main_auto_fusion.py - Current moving image name: MR 1
2026-05-04 10:31:44,309 - INFO - auto_fusion - main_auto_fusion.py - Fixed Bounding Box: [{'x': -40.078125, 'y': -40.078125, 'z': -28.092000000000002}, {'x': 39.921875, 'y': 39.921875, 'z': 19.032999999999998}]
2026-05-04 10:31:44,309 - INFO - auto_fusion - main_auto_fusion.py - Moving Bounding Box: [{'x': -14.075395965640073, 'y': -7.749328613345149, 'z': -6.6233047485352}, {'x': 11.924604034487249, 'y': 18.250671386782173, 'z': 5.076695251464799}]
2026-05-04 10:31:44,309 - INFO - auto_fusion - main_auto_fusion.py - Moving image transation: {'x': 2.138655348133682, 'y': -5.68180818616195, 'z': -12.032150028546507}
2026-05-04 10:31:44,310 - INFO - auto_fusion - main_auto_fusion.py - Creating registration for moving image named MR 1...
2026-05-04 10:31:45,279 - INFO - auto_fusion - main_auto_fusion.py - Initial Alignment: {'YawDegrees': 0, 'PitchDegrees': 0, 'RollDegrees': 0, 'Translation': {'x': 2.138655348133682, 'y': -5.68180818616195, 'z': -12.032150028546507}, 'RotationCenter': {'x': 0, 'y': 0, 'z': 0}}
2026-05-04 15:09:26,633 - INFO - auto_fusion - AutoFusion.py - 

===== Running AutoFusion =====
2026-05-04 15:09:26,715 - INFO - auto_fusion - AutoFusion.py - Patient_ID: 15906134 || CaseName: Case 1
2026-05-04 15:09:26,720 - INFO - auto_fusion - AutoFusion.py - Current Windows User: NYUMC\MACMEW01
2026-05-04 15:09:26,792 - INFO - auto_fusion - main_auto_fusion.py - AutoFusion initialized...
2026-05-04 15:09:26,974 - INFO - auto_fusion - main_auto_fusion.py - Assigned target roi name to GTVp
2026-05-04 15:09:26,974 - INFO - auto_fusion - main_auto_fusion.py - Fusion popup window step skipped.
2026-05-04 15:09:27,128 - INFO - auto_fusion - main_auto_fusion.py - Target center of ROI target GTVp is: {'x': -2.2095195424409058, 'y': -0.8782079034987054, 'z': -5.850372941426419}
2026-05-04 15:09:27,160 - INFO - auto_fusion - main_auto_fusion.py - Creating fusion box...
2026-05-04 15:09:27,278 - INFO - auto_fusion - main_auto_fusion.py - Current moving image name: MR 1
2026-05-04 15:09:27,312 - INFO - auto_fusion - main_auto_fusion.py - Fixed Bounding Box: [{'x': -31.91220705, 'y': -31.91220705, 'z': -28.633999999999997}, {'x': 31.78781215, 'y': 31.78781215, 'z': 21.491000000000003}]
2026-05-04 15:09:27,313 - INFO - auto_fusion - main_auto_fusion.py - Moving Bounding Box: [{'x': -16.915000534121077, 'y': -8.257068634097148, 'z': -9.8608699798584}, {'x': 9.084999466006245, 'y': 17.742931366030174, 'z': 1.8391300201415994}]
2026-05-04 15:09:27,313 - INFO - auto_fusion - main_auto_fusion.py - Moving image transation: {'x': 1.643283541616511, 'y': -5.683336719465217, 'z': -5.411002961568014}
2026-05-04 15:09:27,313 - INFO - auto_fusion - main_auto_fusion.py - Creating registration for moving image named MR 1...
2026-05-04 15:09:28,227 - INFO - auto_fusion - main_auto_fusion.py - Initial Alignment: {'YawDegrees': 0, 'PitchDegrees': 0, 'RollDegrees': 0, 'Translation': {'x': 1.643283541616511, 'y': -5.683336719465217, 'z': -5.411002961568014}, 'RotationCenter': {'x': 0, 'y': 0, 'z': 0}}
2026-05-04 15:09:42,122 - INFO - auto_fusion - AutoFusion.py - 

===== Finished AutoFusion =====


2026-05-04 15:54:56,528 - INFO - auto_fusion - AutoFusion.py - 

===== Running AutoFusion =====
2026-05-04 15:54:56,594 - INFO - auto_fusion - AutoFusion.py - Patient_ID: 17987448 || CaseName: Case 2
2026-05-04 15:54:56,599 - INFO - auto_fusion - AutoFusion.py - Current Windows User: NYUMC\SANTOJ14
2026-05-04 15:54:56,623 - INFO - auto_fusion - main_auto_fusion.py - AutoFusion initialized...
2026-05-04 15:55:29,126 - INFO - auto_fusion - main_auto_fusion.py - Fusion Popup Selected Values: {'ReferenceImageName': 'MAR', 'FusingImageName': ['t9/l1 spine'], 'TargetName': 'External', 'RegistrtaionType': 'Frame of Reference'}
2026-05-04 15:55:29,185 - INFO - auto_fusion - main_auto_fusion.py - Running DSL model...
2026-05-04 15:55:29,276 - INFO - auto_fusion - main_auto_fusion.py - Target center of ROI target External is: {'x': -0.7134692866950486, 'y': 1.1512539910620243, 'z': 0.2502175578814275}
2026-05-04 15:55:29,376 - INFO - auto_fusion - main_auto_fusion.py - Creating fusion box...
2026-05-04 15:55:29,519 - INFO - auto_fusion - main_auto_fusion.py - Current moving image name: t9/l1 spine
2026-05-04 15:55:29,813 - INFO - auto_fusion - main_auto_fusion.py - Running DSL model...
2026-05-04 15:55:29,825 - INFO - auto_fusion - main_auto_fusion.py - Fixed Bounding Box: [{'x': -36.47109375, 'y': -36.47109375, 'z': -23.5315}, {'x': 36.328906249999996, 'y': 36.328906249999996, 'z': 26.8435}]
2026-05-04 15:55:29,825 - INFO - auto_fusion - main_auto_fusion.py - Moving Bounding Box: [{'x': -36.47109375, 'y': -36.47109375, 'z': -23.5315}, {'x': 36.328906249999996, 'y': 36.328906249999996, 'z': 26.8435}]
2026-05-04 15:55:29,825 - INFO - auto_fusion - main_auto_fusion.py - Moving image transation: {'x': -0.7134692866950486, 'y': 1.1512539910620243, 'z': 0.2502175578814274}
2026-05-04 15:55:29,825 - INFO - auto_fusion - main_auto_fusion.py - Creating registration for moving image named t9/l1 spine...
2026-05-04 15:55:34,848 - INFO - auto_fusion - main_auto_fusion.py - Initial Alignment: {'YawDegrees': 0, 'PitchDegrees': 0, 'RollDegrees': 0, 'Translation': {'x': -0.7134692866950486, 'y': 1.1512539910620243, 'z': 0.2502175578814274}, 'RotationCenter': {'x': 0, 'y': 0, 'z': 0}}
2026-05-06 09:25:52,687 - INFO - auto_fusion - AutoFusion.py - 

===== Running AutoFusion =====
2026-05-06 09:25:52,754 - INFO - auto_fusion - AutoFusion.py - Patient_ID: 15009576 || CaseName: Case 2
2026-05-06 09:25:52,760 - INFO - auto_fusion - AutoFusion.py - Current Windows User: NYUMC\WESTJ05
2026-05-06 09:25:52,827 - INFO - auto_fusion - main_auto_fusion.py - AutoFusion initialized...
2026-05-06 09:25:53,114 - INFO - auto_fusion - main_auto_fusion.py - Assigned target roi name to GTVp
2026-05-06 09:25:53,114 - INFO - auto_fusion - main_auto_fusion.py - Fusion popup window step skipped.
2026-05-06 09:25:53,249 - INFO - auto_fusion - main_auto_fusion.py - Target center of ROI target GTVp is: {'x': -0.9760098713238392, 'y': 0.0007570438579074848, 'z': -2.664933168116845}
2026-05-06 09:25:53,265 - INFO - auto_fusion - main_auto_fusion.py - Creating fusion box...
2026-05-06 09:25:53,459 - INFO - auto_fusion - main_auto_fusion.py - Current moving image name: MR 1
2026-05-06 09:25:53,537 - INFO - auto_fusion - main_auto_fusion.py - Fixed Bounding Box: [{'x': -32.563476550000004, 'y': -32.563476550000004, 'z': -26.2}, {'x': 32.43651064999999, 'y': 32.43651064999999, 'z': 24.675}]
2026-05-06 09:25:53,537 - INFO - auto_fusion - main_auto_fusion.py - Moving Bounding Box: [{'x': -12.447881000127074, 'y': -8.853551000000248, 'z': -6.2227}, {'x': 13.551991000000248, 'y': 17.146321000127074, 'z': 5.4773}]
2026-05-06 09:25:53,537 - INFO - auto_fusion - main_auto_fusion.py - Moving image transation: {'x': -1.5915478212604341, 'y': -4.209110906205513, 'z': -3.054733168116844}
2026-05-06 09:25:53,537 - INFO - auto_fusion - main_auto_fusion.py - Creating registration for moving image named MR 1...
2026-05-06 09:25:54,267 - INFO - auto_fusion - main_auto_fusion.py - Initial Alignment: {'YawDegrees': 0, 'PitchDegrees': 0, 'RollDegrees': 0, 'Translation': {'x': -1.5915478212604341, 'y': -4.209110906205513, 'z': -3.054733168116844}, 'RotationCenter': {'x': 0, 'y': 0, 'z': 0}}
2026-05-06 09:26:34,898 - INFO - auto_fusion - AutoFusion.py - 

===== Finished AutoFusion =====


2026-05-06 10:59:19,377 - INFO - auto_fusion - AutoFusion.py - 

===== Running AutoFusion =====
2026-05-06 10:59:19,445 - INFO - auto_fusion - AutoFusion.py - Patient_ID: 17792330 || CaseName: Case 1
2026-05-06 10:59:19,450 - INFO - auto_fusion - AutoFusion.py - Current Windows User: NYUMC\MACMEW01
2026-05-06 10:59:19,520 - INFO - auto_fusion - main_auto_fusion.py - AutoFusion initialized...
2026-05-06 10:59:19,689 - INFO - auto_fusion - main_auto_fusion.py - Assigned target roi name to GTVp
2026-05-06 10:59:19,689 - INFO - auto_fusion - main_auto_fusion.py - Fusion popup window step skipped.
2026-05-06 10:59:19,828 - INFO - auto_fusion - main_auto_fusion.py - Target center of ROI target GTVp is: {'x': -1.5629735055039058, 'y': 1.2025987865107266, 'z': -1.5324301854717732}
2026-05-06 10:59:19,857 - INFO - auto_fusion - main_auto_fusion.py - Creating fusion box...
2026-05-06 10:59:19,982 - INFO - auto_fusion - main_auto_fusion.py - Current moving image name: MR 1
2026-05-06 10:59:20,021 - INFO - auto_fusion - main_auto_fusion.py - Fixed Bounding Box: [{'x': -32.563476550000004, 'y': -32.563476550000004, 'z': -23.15}, {'x': 32.43651064999999, 'y': 32.43651064999999, 'z': 24.725}]
2026-05-06 10:59:20,022 - INFO - auto_fusion - main_auto_fusion.py - Moving Bounding Box: [{'x': -10.875744533538441, 'y': -15.248385524749441, 'z': -0.35551223754882}, {'x': 14.7242568016054, 'y': 10.3516158103944, 'z': 14.344488525390599}]
2026-05-06 10:59:20,022 - INFO - auto_fusion - main_auto_fusion.py - Moving image transation: {'x': -3.550712589537393, 'y': 3.5875006936882397, 'z': -7.739418329392661}
2026-05-06 10:59:20,022 - INFO - auto_fusion - main_auto_fusion.py - Creating registration for moving image named MR 1...
2026-05-06 10:59:20,911 - INFO - auto_fusion - main_auto_fusion.py - Initial Alignment: {'YawDegrees': 0, 'PitchDegrees': 0, 'RollDegrees': 0, 'Translation': {'x': -3.550712589537393, 'y': 3.5875006936882397, 'z': -7.739418329392661}, 'RotationCenter': {'x': 0, 'y': 0, 'z': 0}}
2026-05-06 10:59:34,521 - INFO - auto_fusion - AutoFusion.py - 

===== Finished AutoFusion =====


2026-05-06 11:39:25,676 - INFO - auto_fusion - AutoFusion.py - 

===== Running AutoFusion =====
2026-05-06 11:39:25,743 - INFO - auto_fusion - AutoFusion.py - Patient_ID: 15363301 || CaseName: Case 1
2026-05-06 11:39:25,747 - INFO - auto_fusion - AutoFusion.py - Current Windows User: NYUMC\MACMEW01
2026-05-06 11:39:25,816 - INFO - auto_fusion - main_auto_fusion.py - AutoFusion initialized...
2026-05-06 11:39:26,024 - INFO - auto_fusion - main_auto_fusion.py - Assigned target roi name to GTVp
2026-05-06 11:39:26,025 - INFO - auto_fusion - main_auto_fusion.py - Fusion popup window step skipped.
2026-05-06 11:39:26,174 - INFO - auto_fusion - main_auto_fusion.py - Target center of ROI target GTVp is: {'x': 0.38982949959279084, 'y': 0.9604953160990138, 'z': 6.81311889654085}
2026-05-06 11:39:26,200 - INFO - auto_fusion - main_auto_fusion.py - Creating fusion box...
2026-05-06 11:39:26,334 - INFO - auto_fusion - main_auto_fusion.py - Current moving image name: MR 1
2026-05-06 11:39:26,376 - INFO - auto_fusion - main_auto_fusion.py - Fixed Bounding Box: [{'x': -40.078125, 'y': -40.078125, 'z': -10.425}, {'x': 39.921875, 'y': 39.921875, 'z': 37.325}]
2026-05-06 11:39:26,376 - INFO - auto_fusion - main_auto_fusion.py - Moving Bounding Box: [{'x': -11.687367630004442, 'y': -14.346581172942441, 'z': -2.7001998901367}, {'x': 13.912633705139399, 'y': 11.2534201622014, 'z': 11.9998001098633}]
2026-05-06 11:39:26,376 - INFO - auto_fusion - main_auto_fusion.py - Moving image transation: {'x': -0.8009285379746878, 'y': 2.428950821469535, 'z': 15.61331878667755}
2026-05-06 11:39:26,377 - INFO - auto_fusion - main_auto_fusion.py - Creating registration for moving image named MR 1...
2026-05-06 11:39:27,328 - INFO - auto_fusion - main_auto_fusion.py - Initial Alignment: {'YawDegrees': 0, 'PitchDegrees': 0, 'RollDegrees': 0, 'Translation': {'x': -0.8009285379746878, 'y': 2.428950821469535, 'z': 15.61331878667755}, 'RotationCenter': {'x': 0, 'y': 0, 'z': 0}}
2026-05-06 11:39:40,717 - INFO - auto_fusion - AutoFusion.py - 

===== Finished AutoFusion =====


2026-05-06 11:40:20,849 - INFO - auto_fusion - AutoFusion.py - 

===== Running AutoFusion =====
2026-05-06 11:40:20,914 - INFO - auto_fusion - AutoFusion.py - Patient_ID: 15363301 || CaseName: Case 1
2026-05-06 11:40:20,918 - INFO - auto_fusion - AutoFusion.py - Current Windows User: NYUMC\MACMEW01
2026-05-06 11:40:20,987 - INFO - auto_fusion - main_auto_fusion.py - AutoFusion initialized...
2026-05-06 11:40:21,187 - INFO - auto_fusion - main_auto_fusion.py - Assigned target roi name to GTVp
2026-05-06 11:40:21,187 - INFO - auto_fusion - main_auto_fusion.py - Fusion popup window step skipped.
2026-05-06 11:40:21,331 - INFO - auto_fusion - main_auto_fusion.py - Target center of ROI target GTVp is: {'x': 0.38982949959279084, 'y': 0.9604953160990138, 'z': 6.81311889654085}
2026-05-06 11:40:21,357 - INFO - auto_fusion - main_auto_fusion.py - Creating fusion box...
2026-05-06 11:40:21,495 - INFO - auto_fusion - main_auto_fusion.py - Current moving image name: MR 1
2026-05-06 11:40:21,529 - INFO - auto_fusion - main_auto_fusion.py - Fixed Bounding Box: [{'x': -40.078125, 'y': -40.078125, 'z': -10.425}, {'x': 39.921875, 'y': 39.921875, 'z': 37.325}]
2026-05-06 11:40:21,529 - INFO - auto_fusion - main_auto_fusion.py - Moving Bounding Box: [{'x': -11.687367630004442, 'y': -14.346581172942441, 'z': -2.7001998901367}, {'x': 13.912633705139399, 'y': 11.2534201622014, 'z': 11.9998001098633}]
2026-05-06 11:40:21,529 - INFO - auto_fusion - main_auto_fusion.py - Moving image transation: {'x': -0.8009285379746878, 'y': 2.428950821469535, 'z': 15.61331878667755}
2026-05-06 11:40:21,529 - INFO - auto_fusion - main_auto_fusion.py - Creating registration for moving image named MR 1...
2026-05-06 11:40:22,492 - INFO - auto_fusion - main_auto_fusion.py - Initial Alignment: {'YawDegrees': 0, 'PitchDegrees': 0, 'RollDegrees': 0, 'Translation': {'x': -0.8009285379746878, 'y': 2.428950821469535, 'z': 15.61331878667755}, 'RotationCenter': {'x': 0, 'y': 0, 'z': 0}}
2026-05-06 11:40:55,891 - INFO - auto_fusion - AutoFusion.py - 

===== Finished AutoFusion =====


2026-05-06 14:55:39,101 - INFO - auto_fusion - AutoFusion.py - 

===== Running AutoFusion =====
2026-05-06 14:55:39,165 - INFO - auto_fusion - AutoFusion.py - Patient_ID: 9389488 || CaseName: Case 1
2026-05-06 14:55:39,169 - INFO - auto_fusion - AutoFusion.py - Current Windows User: NYUMC\MACMEW01
2026-05-06 14:55:39,243 - INFO - auto_fusion - main_auto_fusion.py - AutoFusion initialized...
2026-05-06 14:55:39,484 - INFO - auto_fusion - main_auto_fusion.py - Assigned target roi name to Brain
2026-05-06 14:55:39,484 - INFO - auto_fusion - main_auto_fusion.py - Fusion popup window step skipped.
2026-05-06 14:55:39,836 - INFO - auto_fusion - main_auto_fusion.py - Target center of ROI target Brain is: {'x': -0.544957140426999, 'y': 2.1477933058229723, 'z': 5.651883665112265}
2026-05-06 14:55:40,047 - INFO - auto_fusion - main_auto_fusion.py - Creating fusion box...
2026-05-06 14:55:40,200 - INFO - auto_fusion - main_auto_fusion.py - Current moving image name: MR 1
2026-05-06 14:55:40,249 - INFO - auto_fusion - main_auto_fusion.py - Fixed Bounding Box: [{'x': -25.0488281, 'y': -25.0488281, 'z': -19.25}, {'x': 24.951146299999998, 'y': 24.951146299999998, 'z': 19.375}]
2026-05-06 14:55:40,249 - INFO - auto_fusion - main_auto_fusion.py - Moving Bounding Box: [{'x': -13.938366889953162, 'y': -12.983374893665163, 'z': -8.008510589599599}, {'x': 12.061633491516439, 'y': 13.016625487804438, 'z': 11.8914894104004}]
2026-05-06 14:55:40,249 - INFO - auto_fusion - main_auto_fusion.py - Moving image transation: {'x': 0.3445686587913608, 'y': 2.082327108753333, 'z': 3.772894254711864}
2026-05-06 14:55:40,249 - INFO - auto_fusion - main_auto_fusion.py - Creating registration for moving image named MR 1...
2026-05-06 14:55:43,088 - INFO - auto_fusion - main_auto_fusion.py - Initial Alignment: {'YawDegrees': 0, 'PitchDegrees': 0, 'RollDegrees': 0, 'Translation': {'x': 0.3445686587913608, 'y': 2.082327108753333, 'z': 3.772894254711864}, 'RotationCenter': {'x': 0, 'y': 0, 'z': 0}}
2026-05-06 14:56:13,976 - INFO - auto_fusion - AutoFusion.py - 

===== Finished AutoFusion =====


2026-05-08 12:25:54,909 - INFO - auto_fusion - AutoFusion.py - 

===== Running AutoFusion =====
2026-05-08 12:25:54,977 - INFO - auto_fusion - AutoFusion.py - Patient_ID: 17031245 || CaseName: Case 1
2026-05-08 12:25:54,981 - INFO - auto_fusion - AutoFusion.py - Current Windows User: NYUMC\MACMEW01
2026-05-08 12:25:55,053 - INFO - auto_fusion - main_auto_fusion.py - AutoFusion initialized...
2026-05-08 12:25:55,242 - INFO - auto_fusion - main_auto_fusion.py - Assigned target roi name to GTVp
2026-05-08 12:25:55,242 - INFO - auto_fusion - main_auto_fusion.py - Fusion popup window step skipped.
2026-05-08 12:25:55,385 - INFO - auto_fusion - main_auto_fusion.py - Target center of ROI target GTVp is: {'x': 0.3196945913625802, 'y': -3.208295532231531, 'z': -1.7732424338115607}
2026-05-08 12:25:55,426 - INFO - auto_fusion - main_auto_fusion.py - Creating fusion box...
2026-05-08 12:25:55,539 - INFO - auto_fusion - main_auto_fusion.py - Current moving image name: MR 1
2026-05-08 12:25:55,570 - INFO - auto_fusion - main_auto_fusion.py - Fixed Bounding Box: [{'x': -40.078125, 'y': -40.078125, 'z': -22.211000000000002}, {'x': 39.921875, 'y': 39.921875, 'z': 29.663999999999998}]
2026-05-08 12:25:55,570 - INFO - auto_fusion - main_auto_fusion.py - Moving Bounding Box: [{'x': -14.780481000127075, 'y': -10.92348100000025, 'z': -5.06245}, {'x': 11.219391000000247, 'y': 15.076391000127073, 'z': 6.637549999999999}]
2026-05-08 12:25:55,570 - INFO - auto_fusion - main_auto_fusion.py - Moving image transation: {'x': 2.0221145914259946, 'y': -5.362875532294943, 'z': 1.1657075661884377}
2026-05-08 12:25:55,570 - INFO - auto_fusion - main_auto_fusion.py - Creating registration for moving image named MR 1...
2026-05-08 12:25:56,468 - INFO - auto_fusion - main_auto_fusion.py - Initial Alignment: {'YawDegrees': 0, 'PitchDegrees': 0, 'RollDegrees': 0, 'Translation': {'x': 2.0221145914259946, 'y': -5.362875532294943, 'z': 1.1657075661884377}, 'RotationCenter': {'x': 0, 'y': 0, 'z': 0}}
2026-05-08 12:26:28,753 - INFO - auto_fusion - AutoFusion.py - 

===== Finished AutoFusion =====


2026-05-11 09:00:18,791 - INFO - auto_fusion - AutoFusion.py - 

===== Running AutoFusion =====
2026-05-11 09:00:18,856 - INFO - auto_fusion - AutoFusion.py - Patient_ID: 12561186 || CaseName: Case 1
2026-05-11 09:00:18,861 - INFO - auto_fusion - AutoFusion.py - Current Windows User: NYUMC\WESTJ05
2026-05-11 09:00:18,917 - INFO - auto_fusion - main_auto_fusion.py - AutoFusion initialized...
2026-05-11 09:00:19,310 - INFO - auto_fusion - main_auto_fusion.py - Assigned target roi name to GTVp
2026-05-11 09:00:19,310 - INFO - auto_fusion - main_auto_fusion.py - Fusion popup window step skipped.
2026-05-11 09:00:19,420 - INFO - auto_fusion - main_auto_fusion.py - Target center of ROI target GTVp is: {'x': -0.9491094307271386, 'y': 0.3656146279815809, 'z': -8.973335036854762}
2026-05-11 09:00:19,436 - INFO - auto_fusion - main_auto_fusion.py - Creating fusion box...
2026-05-11 09:00:19,593 - INFO - auto_fusion - main_auto_fusion.py - Current moving image name: MR_for_CK
2026-05-11 09:00:19,676 - INFO - auto_fusion - main_auto_fusion.py - Fixed Bounding Box: [{'x': -40.078125, 'y': -40.078125, 'z': -29.291000000000004}, {'x': 39.921875, 'y': 39.921875, 'z': 18.833999999999996}]
2026-05-11 09:00:19,677 - INFO - auto_fusion - main_auto_fusion.py - Moving Bounding Box: [{'x': -13.315481000127075, 'y': -10.10208100000025, 'z': -2.31098}, {'x': 12.684391000000247, 'y': 15.897791000127071, 'z': 12.389}]
2026-05-11 09:00:19,677 - INFO - auto_fusion - main_auto_fusion.py - Moving image transation: {'x': -0.7116894306637243, 'y': -2.6103653720818296, 'z': -19.240845036854765}
2026-05-11 09:00:19,677 - INFO - auto_fusion - main_auto_fusion.py - Creating registration for moving image named MR_for_CK...
2026-05-11 09:00:20,434 - INFO - auto_fusion - main_auto_fusion.py - Initial Alignment: {'YawDegrees': 0, 'PitchDegrees': 0, 'RollDegrees': 0, 'Translation': {'x': -0.7116894306637243, 'y': -2.6103653720818296, 'z': -19.240845036854765}, 'RotationCenter': {'x': 0, 'y': 0, 'z': 0}}
2026-05-11 09:01:02,937 - INFO - auto_fusion - AutoFusion.py - 

===== Finished AutoFusion =====


2026-05-11 10:15:14,209 - INFO - auto_fusion - AutoFusion.py - 

===== Running AutoFusion =====
2026-05-11 10:15:14,273 - INFO - auto_fusion - AutoFusion.py - Patient_ID: 11219149 || CaseName: Case 1
2026-05-11 10:15:14,277 - INFO - auto_fusion - AutoFusion.py - Current Windows User: NYUMC\WESTJ05
2026-05-11 10:15:14,338 - INFO - auto_fusion - main_auto_fusion.py - AutoFusion initialized...
2026-05-11 10:15:14,719 - INFO - auto_fusion - main_auto_fusion.py - Assigned target roi name to GTVp
2026-05-11 10:15:14,719 - INFO - auto_fusion - main_auto_fusion.py - Fusion popup window step skipped.
2026-05-11 10:15:14,835 - INFO - auto_fusion - main_auto_fusion.py - Target center of ROI target GTVp is: {'x': -0.7775411989133765, 'y': 2.0301100880343643, 'z': -14.886224373966662}
2026-05-11 10:15:14,850 - INFO - auto_fusion - main_auto_fusion.py - Creating fusion box...
2026-05-11 10:15:15,006 - INFO - auto_fusion - main_auto_fusion.py - Current moving image name: MR_for_CK
2026-05-11 10:15:15,080 - INFO - auto_fusion - main_auto_fusion.py - Fixed Bounding Box: [{'x': -32.1626953, 'y': -32.1626953, 'z': -37.4805}, {'x': 32.03729189999999, 'y': 32.03729189999999, 'z': 18.0195}]
2026-05-11 10:15:15,080 - INFO - auto_fusion - main_auto_fusion.py - Moving Bounding Box: [{'x': -12.318630838393442, 'y': -14.617122173308442, 'z': -7.660118865966799}, {'x': 13.281370496750398, 'y': 10.982879161835399, 'z': 7.0398811340332}]
2026-05-11 10:15:15,080 - INFO - auto_fusion - main_auto_fusion.py - Moving image transation: {'x': -1.3216127280918595, 'y': 3.7845298937708804, 'z': -24.306605507999862}
2026-05-11 10:15:15,080 - INFO - auto_fusion - main_auto_fusion.py - Creating registration for moving image named MR_for_CK...
2026-05-11 10:15:15,967 - INFO - auto_fusion - main_auto_fusion.py - Initial Alignment: {'YawDegrees': 0, 'PitchDegrees': 0, 'RollDegrees': 0, 'Translation': {'x': -1.3216127280918595, 'y': 3.7845298937708804, 'z': -24.306605507999862}, 'RotationCenter': {'x': 0, 'y': 0, 'z': 0}}
2026-05-11 10:16:43,214 - INFO - auto_fusion - AutoFusion.py - 

===== Finished AutoFusion =====


2026-05-11 12:37:33,949 - INFO - auto_fusion - AutoFusion.py - 

===== Running AutoFusion =====
2026-05-11 12:37:34,017 - INFO - auto_fusion - AutoFusion.py - Patient_ID: 17201537 || CaseName: Case 1
2026-05-11 12:37:34,022 - INFO - auto_fusion - AutoFusion.py - Current Windows User: NYUMC\MACMEW01
2026-05-11 12:37:34,094 - INFO - auto_fusion - main_auto_fusion.py - AutoFusion initialized...
2026-05-11 12:37:34,288 - INFO - auto_fusion - main_auto_fusion.py - Assigned target roi name to GTVp
2026-05-11 12:37:34,288 - INFO - auto_fusion - main_auto_fusion.py - Fusion popup window step skipped.
2026-05-11 12:37:34,441 - INFO - auto_fusion - main_auto_fusion.py - Target center of ROI target GTVp is: {'x': -1.5577073404779043, 'y': 1.6943522351523468, 'z': 0.276358219718768}
2026-05-11 12:37:34,491 - INFO - auto_fusion - main_auto_fusion.py - Creating fusion box...
2026-05-11 12:37:34,621 - INFO - auto_fusion - main_auto_fusion.py - Current moving image name: MR 1
2026-05-11 12:37:34,652 - INFO - auto_fusion - main_auto_fusion.py - Fixed Bounding Box: [{'x': -35.1685547, 'y': -35.1685547, 'z': -27.243000000000002}, {'x': 35.031458099999995, 'y': 35.031458099999995, 'z': 28.381999999999998}]
2026-05-11 12:37:34,652 - INFO - auto_fusion - main_auto_fusion.py - Moving Bounding Box: [{'x': -12.589171862601443, 'y': -15.15820417404144, 'z': -0.8064125061035099}, {'x': 13.010829472542397, 'y': 10.4417971611024, 'z': 13.893588256835901}]
2026-05-11 12:37:34,652 - INFO - auto_fusion - main_auto_fusion.py - Moving image transation: {'x': -1.8370844454483848, 'y': 3.9840074416218636, 'z': -5.6977296556474295}
2026-05-11 12:37:34,653 - INFO - auto_fusion - main_auto_fusion.py - Creating registration for moving image named MR 1...
2026-05-11 12:37:35,655 - INFO - auto_fusion - main_auto_fusion.py - Initial Alignment: {'YawDegrees': 0, 'PitchDegrees': 0, 'RollDegrees': 0, 'Translation': {'x': -1.8370844454483848, 'y': 3.9840074416218636, 'z': -5.6977296556474295}, 'RotationCenter': {'x': 0, 'y': 0, 'z': 0}}
2026-05-11 12:38:03,454 - INFO - auto_fusion - AutoFusion.py - 

===== Finished AutoFusion =====


2026-05-11 16:13:56,810 - INFO - auto_fusion - AutoFusion.py - 

===== Running AutoFusion =====
2026-05-11 16:13:56,883 - INFO - auto_fusion - AutoFusion.py - Patient_ID: 17663997 || CaseName: Case 1
2026-05-11 16:13:56,888 - INFO - auto_fusion - AutoFusion.py - Current Windows User: NYUMC\MACMEW01
2026-05-11 16:13:56,951 - INFO - auto_fusion - main_auto_fusion.py - AutoFusion initialized...
2026-05-11 16:13:57,179 - INFO - auto_fusion - main_auto_fusion.py - Assigned target roi name to GTVp
2026-05-11 16:13:57,179 - INFO - auto_fusion - main_auto_fusion.py - Fusion popup window step skipped.
2026-05-11 16:13:57,294 - INFO - auto_fusion - main_auto_fusion.py - Target center of ROI target GTVp is: {'x': 0.4270056952434761, 'y': 2.477696982418885, 'z': 1.5484398529304002}
2026-05-11 16:13:57,318 - INFO - auto_fusion - main_auto_fusion.py - Creating fusion box...
2026-05-11 16:13:57,442 - INFO - auto_fusion - main_auto_fusion.py - Current moving image name: MR 1
2026-05-11 16:13:57,486 - INFO - auto_fusion - main_auto_fusion.py - Fixed Bounding Box: [{'x': -30.709863300000002, 'y': -30.709863300000002, 'z': -24.6965}, {'x': 30.590155899999992, 'y': 30.590155899999992, 'z': 30.8035}]
2026-05-11 16:13:57,487 - INFO - auto_fusion - main_auto_fusion.py - Moving Bounding Box: [{'x': -11.996442100396193, 'y': -12.723335146903441, 'z': -7.387873783084156}, {'x': 14.402069774898333, 'y': 12.8766661882404, 'z': 8.751601305941143}]
2026-05-11 16:13:57,487 - INFO - auto_fusion - main_auto_fusion.py - Moving image transation: {'x': -0.8356618420075982, 'y': 2.3411777617504006, 'z': 3.9200760915019055}
2026-05-11 16:13:57,487 - INFO - auto_fusion - main_auto_fusion.py - Creating registration for moving image named MR 1...
2026-05-11 16:13:58,433 - INFO - auto_fusion - main_auto_fusion.py - Initial Alignment: {'YawDegrees': 0, 'PitchDegrees': 0, 'RollDegrees': 0, 'Translation': {'x': -0.8356618420075982, 'y': 2.3411777617504006, 'z': 3.9200760915019055}, 'RotationCenter': {'x': 0, 'y': 0, 'z': 0}}
2026-05-11 16:14:17,274 - INFO - auto_fusion - AutoFusion.py - 

===== Finished AutoFusion =====


2026-05-11 18:07:03,805 - INFO - auto_fusion - AutoFusion.py - 

===== Running AutoFusion =====
2026-05-11 18:07:03,869 - INFO - auto_fusion - AutoFusion.py - Patient_ID: 17822778 || CaseName: Case 1
2026-05-11 18:07:03,873 - INFO - auto_fusion - AutoFusion.py - Current Windows User: NYUMC\MACMEW01
2026-05-11 18:07:03,963 - INFO - auto_fusion - main_auto_fusion.py - AutoFusion initialized...
2026-05-11 18:07:17,410 - INFO - auto_fusion - main_auto_fusion.py - Fusion Popup Selected Values: {'ReferenceImageName': 'PROSTATE NEW', 'FusingImageName': ['MR 1'], 'TargetName': 'Bone_Mandible', 'RegistrtaionType': 'Frame of Reference'}
2026-05-11 18:07:17,575 - INFO - auto_fusion - main_auto_fusion.py - Running DSL model...
2026-05-11 18:08:01,758 - ERROR - auto_fusion - main_auto_fusion.py - [FAILED] in auto_fusion.main_auto_fusion.  Email notification sent.  Exception: RaySearch.CorePlatform.Framework.PreConditionViolationException: There is no geometry set for ROI Bone_Mandible.
   at RaySearch.CorePlatform.Presentation.PatientModeling.ScriptMethods.Rois.GetCenterOfRoi.Call(RoiGeometry context, NoScriptMethodArgs args)
   at RaySearch.CorePlatform.Framework.Scripting.ScriptMethod`3.RaySearch.CorePlatform.Framework.Scripting.IScriptMethod.Call(ICompositeObject context, Object args)
   at RaySearch.Scripting.ScriptService.ScriptService.InvokeScriptMethod_(DataEntity& returnData, DataEntity[] arguments, IScriptMethod method, ICompositeObject context, String methodName)
   at ScriptClient.CPythonScriptMethod.Invoke(String[] argNames, Object[] argValues)
2026-05-11 18:08:27,761 - INFO - auto_fusion - AutoFusion.py - 

===== Running AutoFusion =====
2026-05-11 18:08:27,827 - INFO - auto_fusion - AutoFusion.py - Patient_ID: 17822778 || CaseName: Case 1
2026-05-11 18:08:27,831 - INFO - auto_fusion - AutoFusion.py - Current Windows User: NYUMC\MACMEW01
2026-05-11 18:08:27,927 - INFO - auto_fusion - main_auto_fusion.py - AutoFusion initialized...
2026-05-11 18:08:40,491 - INFO - auto_fusion - main_auto_fusion.py - Fusion Popup Selected Values: {'ReferenceImageName': 'PROSTATE NEW', 'FusingImageName': ['MR 1'], 'TargetName': 'GTVp', 'RegistrtaionType': 'Frame of Reference'}
2026-05-11 18:08:40,688 - INFO - auto_fusion - main_auto_fusion.py - Running DSL model...
2026-05-11 18:08:40,707 - INFO - auto_fusion - main_auto_fusion.py - Target center of ROI target GTVp is: {'x': 0.17704671397542707, 'y': 1.4319520310811236, 'z': -4.683399472051903}
2026-05-11 18:08:40,734 - INFO - auto_fusion - main_auto_fusion.py - Creating fusion box...
2026-05-11 18:08:40,853 - INFO - auto_fusion - main_auto_fusion.py - Current moving image name: MR 1
2026-05-11 18:08:40,889 - INFO - auto_fusion - main_auto_fusion.py - Fixed Bounding Box: [{'x': -40.078125, 'y': -40.078125, 'z': -28.342000000000002}, {'x': 39.921875, 'y': 39.921875, 'z': 25.532999999998463}]
2026-05-11 18:08:40,889 - INFO - auto_fusion - main_auto_fusion.py - Moving Bounding Box: [{'x': -14.230881000127074, 'y': -10.93948100000025, 'z': -5.26673}, {'x': 11.768991000000248, 'y': 15.060391000127073, 'z': 6.433269999999999}]
2026-05-11 18:08:40,890 - INFO - auto_fusion - main_auto_fusion.py - Moving image transation: {'x': 1.3298667140388396, 'y': -0.7066279689822881, 'z': -6.671169472052672}
2026-05-11 18:08:40,890 - INFO - auto_fusion - main_auto_fusion.py - Creating registration for moving image named MR 1...
2026-05-11 18:08:41,457 - INFO - auto_fusion - main_auto_fusion.py - Initial Alignment: {'YawDegrees': 0, 'PitchDegrees': 0, 'RollDegrees': 0, 'Translation': {'x': 1.3298667140388396, 'y': -0.7066279689822881, 'z': -6.671169472052672}, 'RotationCenter': {'x': 0, 'y': 0, 'z': 0}}
2026-05-11 18:09:03,148 - INFO - auto_fusion - AutoFusion.py - 

===== Finished AutoFusion =====


2026-05-12 08:14:40,712 - INFO - auto_fusion - AutoFusion.py - 

===== Running AutoFusion =====
2026-05-12 08:14:40,780 - INFO - auto_fusion - AutoFusion.py - Patient_ID: 10065840 || CaseName: Case 1
2026-05-12 08:14:40,784 - INFO - auto_fusion - AutoFusion.py - Current Windows User: NYUMC\WESTJ05
2026-05-12 08:14:40,851 - INFO - auto_fusion - main_auto_fusion.py - AutoFusion initialized...
2026-05-12 08:14:41,290 - INFO - auto_fusion - main_auto_fusion.py - Assigned target roi name to GTVp
2026-05-12 08:14:41,290 - INFO - auto_fusion - main_auto_fusion.py - Fusion popup window step skipped.
2026-05-12 08:14:41,432 - INFO - auto_fusion - main_auto_fusion.py - Target center of ROI target GTVp is: {'x': -0.6791522539215468, 'y': -0.06539953686520057, 'z': -5.669169188263668}
2026-05-12 08:14:41,453 - INFO - auto_fusion - main_auto_fusion.py - Creating fusion box...
2026-05-12 08:14:41,628 - INFO - auto_fusion - main_auto_fusion.py - Current moving image name: MR_for_CK
2026-05-12 08:14:41,773 - INFO - auto_fusion - main_auto_fusion.py - Fixed Bounding Box: [{'x': -36.72158205, 'y': -36.72158205, 'z': -26.469}, {'x': 36.57843714999999, 'y': 36.57843714999999, 'z': 28.031}]
2026-05-12 08:14:41,773 - INFO - auto_fusion - main_auto_fusion.py - Moving Bounding Box: [{'x': -11.104181000127074, 'y': -11.019981000000248, 'z': -6.8292}, {'x': 14.895691000000248, 'y': 14.979891000127074, 'z': 4.870799999999999}]
2026-05-12 08:14:41,773 - INFO - auto_fusion - main_auto_fusion.py - Moving image transation: {'x': -2.6464797038581387, 'y': -2.1169269869286182, 'z': -3.9089691882636686}
2026-05-12 08:14:41,773 - INFO - auto_fusion - main_auto_fusion.py - Creating registration for moving image named MR_for_CK...
2026-05-12 08:14:42,531 - INFO - auto_fusion - main_auto_fusion.py - Initial Alignment: {'YawDegrees': 0, 'PitchDegrees': 0, 'RollDegrees': 0, 'Translation': {'x': -2.6464797038581387, 'y': -2.1169269869286182, 'z': -3.9089691882636686}, 'RotationCenter': {'x': 0, 'y': 0, 'z': 0}}
2026-05-12 08:15:34,657 - INFO - auto_fusion - AutoFusion.py - 

===== Finished AutoFusion =====


2026-05-12 09:47:06,266 - INFO - auto_fusion - AutoFusion.py - 

===== Running AutoFusion =====
2026-05-12 09:47:06,331 - INFO - auto_fusion - AutoFusion.py - Patient_ID: 15901448 || CaseName: Case 1
2026-05-12 09:47:06,335 - INFO - auto_fusion - AutoFusion.py - Current Windows User: NYUMC\WESTJ05
2026-05-12 09:47:06,413 - INFO - auto_fusion - main_auto_fusion.py - AutoFusion initialized...
2026-05-12 09:47:06,917 - INFO - auto_fusion - main_auto_fusion.py - Assigned target roi name to Brain
2026-05-12 09:47:06,917 - INFO - auto_fusion - main_auto_fusion.py - Fusion popup window step skipped.
2026-05-12 09:47:07,166 - INFO - auto_fusion - main_auto_fusion.py - Target center of ROI target Brain is: {'x': -0.20203404653655269, 'y': 2.9902977925358663, 'z': -3.3724185998305294}
2026-05-12 09:47:07,285 - INFO - auto_fusion - main_auto_fusion.py - Creating fusion box...
2026-05-12 09:47:07,516 - INFO - auto_fusion - main_auto_fusion.py - Current moving image name: MR 1
2026-05-12 09:47:07,603 - INFO - auto_fusion - main_auto_fusion.py - Fixed Bounding Box: [{'x': -32.563476550000004, 'y': -32.563476550000004, 'z': -22.375}, {'x': 32.43651064999999, 'y': 32.43651064999999, 'z': 9.375}]
2026-05-12 09:47:07,603 - INFO - auto_fusion - main_auto_fusion.py - Moving Bounding Box: [{'x': -13.546282946403652, 'y': -16.85676199485058, 'z': -5.647350904363548}, {'x': 13.110055774986652, 'y': 9.475814784712703, 'z': 12.94483435431248}]
2026-05-12 09:47:07,603 - INFO - auto_fusion - main_auto_fusion.py - Moving image transation: {'x': -0.04740341082806143, 'y': 6.617288447604796, 'z': -13.521160324804995}
2026-05-12 09:47:07,603 - INFO - auto_fusion - main_auto_fusion.py - Creating registration for moving image named MR 1...
2026-05-12 09:47:09,663 - INFO - auto_fusion - main_auto_fusion.py - Initial Alignment: {'YawDegrees': 0, 'PitchDegrees': 0, 'RollDegrees': 0, 'Translation': {'x': -0.04740341082806143, 'y': 6.617288447604796, 'z': -13.521160324804995}, 'RotationCenter': {'x': 0, 'y': 0, 'z': 0}}
2026-05-12 09:47:59,290 - INFO - auto_fusion - AutoFusion.py - 

===== Finished AutoFusion =====


2026-05-13 10:12:57,093 - INFO - auto_fusion - AutoFusion.py - 

===== Running AutoFusion =====
2026-05-13 10:12:57,159 - INFO - auto_fusion - AutoFusion.py - Patient_ID: 10095452 || CaseName: Case 1
2026-05-13 10:12:57,163 - INFO - auto_fusion - AutoFusion.py - Current Windows User: NYUMC\WESTJ05
2026-05-13 10:12:57,234 - INFO - auto_fusion - main_auto_fusion.py - AutoFusion initialized...
2026-05-13 10:12:57,515 - INFO - auto_fusion - main_auto_fusion.py - Assigned target roi name to GTVp
2026-05-13 10:12:57,516 - INFO - auto_fusion - main_auto_fusion.py - Fusion popup window step skipped.
2026-05-13 10:12:57,649 - INFO - auto_fusion - main_auto_fusion.py - Target center of ROI target GTVp is: {'x': -0.5115061171292976, 'y': 0.4454914343616594, 'z': -2.2418679803057375}
2026-05-13 10:12:57,677 - INFO - auto_fusion - main_auto_fusion.py - Creating fusion box...
2026-05-13 10:12:57,931 - INFO - auto_fusion - main_auto_fusion.py - Current moving image name: MR_for_CK
2026-05-13 10:12:57,995 - INFO - auto_fusion - main_auto_fusion.py - Fixed Bounding Box: [{'x': -32.563476550000004, 'y': -32.563476550000004, 'z': -26.2}, {'x': 32.43651064999999, 'y': 32.43651064999999, 'z': 23.175}]
2026-05-13 10:12:57,995 - INFO - auto_fusion - main_auto_fusion.py - Moving Bounding Box: [{'x': -12.893081000127076, 'y': -11.089081000000249, 'z': 7.841849999999999}, {'x': 13.106791000000246, 'y': 14.910791000127073, 'z': 19.541800000000002}]
2026-05-13 10:12:57,996 - INFO - auto_fusion - main_auto_fusion.py - Moving image transation: {'x': -0.681844067065891, 'y': -1.5288465157017608, 'z': -17.44619298030574}
2026-05-13 10:12:57,996 - INFO - auto_fusion - main_auto_fusion.py - Creating registration for moving image named MR_for_CK...
2026-05-13 10:12:58,689 - INFO - auto_fusion - main_auto_fusion.py - Initial Alignment: {'YawDegrees': 0, 'PitchDegrees': 0, 'RollDegrees': 0, 'Translation': {'x': -0.681844067065891, 'y': -1.5288465157017608, 'z': -17.44619298030574}, 'RotationCenter': {'x': 0, 'y': 0, 'z': 0}}
2026-05-13 10:14:21,970 - INFO - auto_fusion - AutoFusion.py - 

===== Finished AutoFusion =====


2026-05-13 10:47:50,074 - INFO - auto_fusion - AutoFusion.py - 

===== Running AutoFusion =====
2026-05-13 10:47:50,141 - INFO - auto_fusion - AutoFusion.py - Patient_ID: 17915187 || CaseName: Case 1
2026-05-13 10:47:50,145 - INFO - auto_fusion - AutoFusion.py - Current Windows User: NYUMC\WESTJ05
2026-05-13 10:47:50,217 - INFO - auto_fusion - main_auto_fusion.py - AutoFusion initialized...
2026-05-13 10:47:50,469 - INFO - auto_fusion - main_auto_fusion.py - Assigned target roi name to GTVp
2026-05-13 10:47:50,469 - INFO - auto_fusion - main_auto_fusion.py - Fusion popup window step skipped.
2026-05-13 10:47:50,609 - INFO - auto_fusion - main_auto_fusion.py - Target center of ROI target GTVp is: {'x': 0.4565663603044129, 'y': 0.1891265111941784, 'z': -5.883428776419295}
2026-05-13 10:47:50,625 - INFO - auto_fusion - main_auto_fusion.py - Creating fusion box...
2026-05-13 10:47:50,789 - INFO - auto_fusion - main_auto_fusion.py - Current moving image name: MR_for_CK
2026-05-13 10:47:50,838 - INFO - auto_fusion - main_auto_fusion.py - Fixed Bounding Box: [{'x': -32.563476550000004, 'y': -32.563476550000004, 'z': -26.05}, {'x': 32.43651064999999, 'y': 32.43651064999999, 'z': 22.2}]
2026-05-13 10:47:50,839 - INFO - auto_fusion - main_auto_fusion.py - Moving Bounding Box: [{'x': -15.161381000127076, 'y': -10.55078100000025, 'z': -10.9783}, {'x': 10.838491000000246, 'y': 15.449091000127073, 'z': 0.7216890000000102}]
2026-05-13 10:47:50,839 - INFO - auto_fusion - main_auto_fusion.py - Moving image transation: {'x': 2.5545284103678196, 'y': -2.3235114388692413, 'z': -2.680123276419301}
2026-05-13 10:47:50,839 - INFO - auto_fusion - main_auto_fusion.py - Creating registration for moving image named MR_for_CK...
2026-05-13 10:47:51,923 - INFO - auto_fusion - main_auto_fusion.py - Initial Alignment: {'YawDegrees': 0, 'PitchDegrees': 0, 'RollDegrees': 0, 'Translation': {'x': 2.5545284103678196, 'y': -2.3235114388692413, 'z': -2.680123276419301}, 'RotationCenter': {'x': 0, 'y': 0, 'z': 0}}
2026-05-13 10:48:53,463 - INFO - auto_fusion - AutoFusion.py - 

===== Finished AutoFusion =====


2026-05-13 11:50:02,948 - INFO - auto_fusion - AutoFusion.py - 

===== Running AutoFusion =====
2026-05-13 11:50:03,015 - INFO - auto_fusion - AutoFusion.py - Patient_ID: 16248871 || CaseName: Case 2
2026-05-13 11:50:03,019 - INFO - auto_fusion - AutoFusion.py - Current Windows User: NYUMC\WESTJ05
2026-05-13 11:50:03,112 - INFO - auto_fusion - main_auto_fusion.py - AutoFusion initialized...
2026-05-13 11:50:03,377 - INFO - auto_fusion - main_auto_fusion.py - Assigned target roi name to GTVp
2026-05-13 11:50:03,377 - INFO - auto_fusion - main_auto_fusion.py - Fusion popup window step skipped.
2026-05-13 11:50:03,517 - INFO - auto_fusion - main_auto_fusion.py - Target center of ROI target GTVp is: {'x': -1.0365406289323014, 'y': 2.227197496674661, 'z': -1.9158484075649713}
2026-05-13 11:50:03,536 - INFO - auto_fusion - main_auto_fusion.py - Creating fusion box...
2026-05-13 11:50:03,691 - INFO - auto_fusion - main_auto_fusion.py - Current moving image name: MR_for_CK
2026-05-13 11:50:03,736 - INFO - auto_fusion - main_auto_fusion.py - Fixed Bounding Box: [{'x': -32.71376955, 'y': -32.71376955, 'z': -25.875}, {'x': 32.58624964999999, 'y': 32.58624964999999, 'z': 25.75}]
2026-05-13 11:50:03,736 - INFO - auto_fusion - main_auto_fusion.py - Moving Bounding Box: [{'x': -12.440881000127074, 'y': -10.28158100000025, 'z': -5.206860000000001}, {'x': 13.558991000000248, 'y': 15.718291000127072, 'z': 6.493139999999999}]
2026-05-13 11:50:03,737 - INFO - auto_fusion - main_auto_fusion.py - Moving image transation: {'x': -1.659355578868893, 'y': -0.5549174533887555, 'z': -2.6214884075649705}
2026-05-13 11:50:03,737 - INFO - auto_fusion - main_auto_fusion.py - Creating registration for moving image named MR_for_CK...
2026-05-13 11:50:04,319 - INFO - auto_fusion - main_auto_fusion.py - Initial Alignment: {'YawDegrees': 0, 'PitchDegrees': 0, 'RollDegrees': 0, 'Translation': {'x': -1.659355578868893, 'y': -0.5549174533887555, 'z': -2.6214884075649705}, 'RotationCenter': {'x': 0, 'y': 0, 'z': 0}}
2026-05-13 11:51:39,160 - INFO - auto_fusion - AutoFusion.py - 

===== Finished AutoFusion =====


2026-05-13 13:24:47,850 - INFO - auto_fusion - AutoFusion.py - 

===== Running AutoFusion =====
2026-05-13 13:24:47,954 - INFO - auto_fusion - AutoFusion.py - Patient_ID: 14267292 || CaseName: Case 1
2026-05-13 13:24:47,958 - INFO - auto_fusion - AutoFusion.py - Current Windows User: NYUMC\WESTJ05
2026-05-13 13:24:48,031 - INFO - auto_fusion - main_auto_fusion.py - AutoFusion initialized...
2026-05-13 13:24:48,268 - INFO - auto_fusion - main_auto_fusion.py - Assigned target roi name to GTVp
2026-05-13 13:24:48,268 - INFO - auto_fusion - main_auto_fusion.py - Fusion popup window step skipped.
2026-05-13 13:24:48,410 - INFO - auto_fusion - main_auto_fusion.py - Target center of ROI target GTVp is: {'x': -1.1278979393611197, 'y': -1.895244353542327, 'z': -0.3015575793062953}
2026-05-13 13:24:48,433 - INFO - auto_fusion - main_auto_fusion.py - Creating fusion box...
2026-05-13 13:24:48,600 - INFO - auto_fusion - main_auto_fusion.py - Current moving image name: MR_for_CK
2026-05-13 13:24:48,642 - INFO - auto_fusion - main_auto_fusion.py - Fixed Bounding Box: [{'x': -32.563476550000004, 'y': -32.563476550000004, 'z': -23.725}, {'x': 32.43651064999999, 'y': 32.43651064999999, 'z': 26.4}]
2026-05-13 13:24:48,642 - INFO - auto_fusion - main_auto_fusion.py - Moving Bounding Box: [{'x': -10.154300022124442, 'y': -14.16622142791744, 'z': -5.3154300689697}, {'x': 15.445701313019399, 'y': 11.4337799072264, 'z': 9.384570312500001}]
2026-05-13 13:24:48,642 - INFO - auto_fusion - main_auto_fusion.py - Moving image transation: {'x': -3.837081534808606, 'y': -0.5925065431968148, 'z': -0.998627701071447}
2026-05-13 13:24:48,642 - INFO - auto_fusion - main_auto_fusion.py - Creating registration for moving image named MR_for_CK...
2026-05-13 13:24:49,407 - INFO - auto_fusion - main_auto_fusion.py - Initial Alignment: {'YawDegrees': 0, 'PitchDegrees': 0, 'RollDegrees': 0, 'Translation': {'x': -3.837081534808606, 'y': -0.5925065431968148, 'z': -0.998627701071447}, 'RotationCenter': {'x': 0, 'y': 0, 'z': 0}}
2026-05-13 13:25:34,071 - INFO - auto_fusion - AutoFusion.py - 

===== Finished AutoFusion =====


2026-05-18 10:58:30,264 - INFO - auto_fusion - AutoFusion.py - 

===== Running AutoFusion =====
2026-05-18 10:58:30,360 - INFO - auto_fusion - AutoFusion.py - Patient_ID: 13739328 || CaseName: Case 1
2026-05-18 10:58:30,365 - INFO - auto_fusion - AutoFusion.py - Current Windows User: NYUMC\ANDREN05
2026-05-18 10:58:30,438 - INFO - auto_fusion - main_auto_fusion.py - AutoFusion initialized...
2026-05-18 10:58:30,661 - INFO - auto_fusion - main_auto_fusion.py - Assigned target roi name to GTVp
2026-05-18 10:58:30,661 - INFO - auto_fusion - main_auto_fusion.py - Fusion popup window step skipped.
2026-05-18 10:58:30,802 - INFO - auto_fusion - main_auto_fusion.py - Target center of ROI target GTVp is: {'x': -3.4337138668604585, 'y': 1.3743897500909668, 'z': -8.705409289783647}
2026-05-18 10:58:30,826 - INFO - auto_fusion - main_auto_fusion.py - Creating fusion box...
2026-05-18 10:58:30,983 - INFO - auto_fusion - main_auto_fusion.py - Current moving image name: MR 1
2026-05-18 10:58:31,025 - INFO - auto_fusion - main_auto_fusion.py - Fixed Bounding Box: [{'x': -40.078125, 'y': -40.078125, 'z': -26.169999999999998}, {'x': 39.921875, 'y': 39.921875, 'z': 27.205000000000002}]
2026-05-18 10:58:31,026 - INFO - auto_fusion - main_auto_fusion.py - Moving Bounding Box: [{'x': -11.692881000127075, 'y': -9.922701000000249, 'z': -0.00358276}, {'x': 14.306991000000247, 'y': 16.077171000127073, 'z': 11.6964}]
2026-05-18 10:58:31,026 - INFO - auto_fusion - main_auto_fusion.py - Moving image transation: {'x': -4.818893866797044, 'y': -1.7809702499724456, 'z': -14.034317909783645}
2026-05-18 10:58:31,026 - INFO - auto_fusion - main_auto_fusion.py - Creating registration for moving image named MR 1...
2026-05-18 10:58:36,178 - INFO - auto_fusion - main_auto_fusion.py - Initial Alignment: {'YawDegrees': 0, 'PitchDegrees': 0, 'RollDegrees': 0, 'Translation': {'x': -4.818893866797044, 'y': -1.7809702499724456, 'z': -14.034317909783645}, 'RotationCenter': {'x': 0, 'y': 0, 'z': 0}}
2026-05-18 10:58:50,477 - INFO - auto_fusion - AutoFusion.py - 

===== Finished AutoFusion =====


2026-05-18 12:00:31,203 - INFO - auto_fusion - AutoFusion.py - 

===== Running AutoFusion =====
2026-05-18 12:00:31,270 - INFO - auto_fusion - AutoFusion.py - Patient_ID: 13314833 || CaseName: Case 1
2026-05-18 12:00:31,273 - INFO - auto_fusion - AutoFusion.py - Current Windows User: NYUMC\ANDREN05
2026-05-18 12:00:31,334 - INFO - auto_fusion - main_auto_fusion.py - AutoFusion initialized...
2026-05-18 12:00:31,556 - INFO - auto_fusion - main_auto_fusion.py - Assigned target roi name to GTVp
2026-05-18 12:00:31,557 - INFO - auto_fusion - main_auto_fusion.py - Fusion popup window step skipped.
2026-05-18 12:00:31,671 - INFO - auto_fusion - main_auto_fusion.py - Target center of ROI target GTVp is: {'x': 0.5355519131306842, 'y': 0.6493402733500766, 'z': -3.966654408268345}
2026-05-18 12:00:31,700 - INFO - auto_fusion - main_auto_fusion.py - Creating fusion box...
2026-05-18 12:00:31,854 - INFO - auto_fusion - main_auto_fusion.py - Current moving image name: MR 1
2026-05-18 12:00:31,886 - INFO - auto_fusion - main_auto_fusion.py - Fixed Bounding Box: [{'x': -28.004589850000002, 'y': -28.004589850000002, 'z': -25.913}, {'x': 27.895416549999993, 'y': 27.895416549999993, 'z': 34.712}]
2026-05-18 12:00:31,887 - INFO - auto_fusion - main_auto_fusion.py - Moving Bounding Box: [{'x': -14.482957553863443, 'y': -14.88766450881944, 'z': 0.7266548156738281}, {'x': 11.117043781280397, 'y': 10.7123368263244, 'z': 15.426654052734387}]
2026-05-18 12:00:31,887 - INFO - auto_fusion - main_auto_fusion.py - Moving image transation: {'x': 2.1639221494222025, 'y': 2.6824174645975924, 'z': -7.643808842472453}
2026-05-18 12:00:31,887 - INFO - auto_fusion - main_auto_fusion.py - Creating registration for moving image named MR 1...
2026-05-18 12:00:37,125 - INFO - auto_fusion - main_auto_fusion.py - Initial Alignment: {'YawDegrees': 0, 'PitchDegrees': 0, 'RollDegrees': 0, 'Translation': {'x': 2.1639221494222025, 'y': 2.6824174645975924, 'z': -7.643808842472453}, 'RotationCenter': {'x': 0, 'y': 0, 'z': 0}}
2026-05-18 12:00:54,253 - INFO - auto_fusion - AutoFusion.py - 

===== Finished AutoFusion =====


2026-05-18 13:43:05,587 - INFO - auto_fusion - AutoFusion.py - 

===== Running AutoFusion =====
2026-05-18 13:43:05,655 - INFO - auto_fusion - AutoFusion.py - Patient_ID: 13618089 || CaseName: Case 1
2026-05-18 13:43:05,659 - INFO - auto_fusion - AutoFusion.py - Current Windows User: NYUMC\DIBARD04
2026-05-18 13:43:05,800 - INFO - auto_fusion - main_auto_fusion.py - AutoFusion initialized...
2026-05-18 13:43:09,897 - INFO - auto_fusion - main_auto_fusion.py - Fusion Popup Selected Values: {'ReferenceImageName': 'prostate ck', 'FusingImageName': ['MR 1'], 'TargetName': 'Bone_Mandible', 'RegistrtaionType': 'Frame of Reference'}
2026-05-18 13:43:10,115 - INFO - auto_fusion - main_auto_fusion.py - Running DSL model...
2026-05-18 13:43:43,455 - INFO - auto_fusion - AutoFusion.py - 

===== Running AutoFusion =====
2026-05-18 13:43:43,519 - INFO - auto_fusion - AutoFusion.py - Patient_ID: 13618089 || CaseName: Case 1
2026-05-18 13:43:43,523 - INFO - auto_fusion - AutoFusion.py - Current Windows User: NYUMC\DIBARD04
2026-05-18 13:43:43,634 - INFO - auto_fusion - main_auto_fusion.py - AutoFusion initialized...
2026-05-18 13:43:47,765 - INFO - auto_fusion - AutoFusion.py - 

===== Running AutoFusion =====
2026-05-18 13:43:47,830 - INFO - auto_fusion - AutoFusion.py - Patient_ID: 13618089 || CaseName: Case 1
2026-05-18 13:43:47,834 - INFO - auto_fusion - AutoFusion.py - Current Windows User: NYUMC\DIBARD04
2026-05-18 13:43:47,945 - INFO - auto_fusion - main_auto_fusion.py - AutoFusion initialized...
2026-05-19 09:00:12,137 - INFO - auto_fusion - AutoFusion.py - 

===== Running AutoFusion =====
2026-05-19 09:00:12,205 - INFO - auto_fusion - AutoFusion.py - Patient_ID: 17811233 || CaseName: Case 2
2026-05-19 09:00:12,209 - INFO - auto_fusion - AutoFusion.py - Current Windows User: NYUMC\WESTJ05
2026-05-19 09:00:12,274 - INFO - auto_fusion - main_auto_fusion.py - AutoFusion initialized...
2026-05-19 09:00:12,463 - INFO - auto_fusion - main_auto_fusion.py - Assigned target roi name to GTVp
2026-05-19 09:00:12,463 - INFO - auto_fusion - main_auto_fusion.py - Fusion popup window step skipped.
2026-05-19 09:00:12,590 - INFO - auto_fusion - main_auto_fusion.py - Target center of ROI target GTVp is: {'x': 0.9680449445525432, 'y': 2.676171612659249, 'z': -8.052851966162557}
2026-05-19 09:00:12,615 - INFO - auto_fusion - main_auto_fusion.py - Creating fusion box...
2026-05-19 09:00:12,745 - INFO - auto_fusion - main_auto_fusion.py - Current moving image name: MR_for_CK
2026-05-19 09:00:12,781 - INFO - auto_fusion - main_auto_fusion.py - Fixed Bounding Box: [{'x': -38.07421875, 'y': -38.07421875, 'z': -30.904500000000002}, {'x': 37.92578125, 'y': 37.92578125, 'z': 26.970499999999998}]
2026-05-19 09:00:12,781 - INFO - auto_fusion - main_auto_fusion.py - Moving Bounding Box: [{'x': -10.917781000127075, 'y': -10.371281000000248, 'z': -6.01426}, {'x': 15.082091000000247, 'y': 15.628591000127074, 'z': 5.685739999999999}]
2026-05-19 09:00:12,781 - INFO - auto_fusion - main_auto_fusion.py - Moving image transation: {'x': -1.1883288053840428, 'y': -0.026702137404163384, 'z': -9.855591966162558}
2026-05-19 09:00:12,782 - INFO - auto_fusion - main_auto_fusion.py - Creating registration for moving image named MR_for_CK...
2026-05-19 09:00:13,289 - INFO - auto_fusion - main_auto_fusion.py - Initial Alignment: {'YawDegrees': 0, 'PitchDegrees': 0, 'RollDegrees': 0, 'Translation': {'x': -1.1883288053840428, 'y': -0.026702137404163384, 'z': -9.855591966162558}, 'RotationCenter': {'x': 0, 'y': 0, 'z': 0}}
2026-05-19 09:00:42,500 - INFO - auto_fusion - AutoFusion.py - 

===== Finished AutoFusion =====


2026-05-19 14:01:27,070 - INFO - auto_fusion - AutoFusion.py - 

===== Running AutoFusion =====
2026-05-19 14:01:27,137 - INFO - auto_fusion - AutoFusion.py - Patient_ID: 11638840 || CaseName: Case 1
2026-05-19 14:01:27,141 - INFO - auto_fusion - AutoFusion.py - Current Windows User: NYUMC\MACMEW01
2026-05-19 14:01:27,199 - INFO - auto_fusion - main_auto_fusion.py - AutoFusion initialized...
2026-05-19 14:01:27,411 - INFO - auto_fusion - main_auto_fusion.py - Assigned target roi name to GTVp
2026-05-19 14:01:27,411 - INFO - auto_fusion - main_auto_fusion.py - Fusion popup window step skipped.
2026-05-19 14:01:27,528 - INFO - auto_fusion - main_auto_fusion.py - Target center of ROI target GTVp is: {'x': 1.2161139401207617, 'y': 0.6559837479064718, 'z': -2.1464606903644348}
2026-05-19 14:01:27,550 - INFO - auto_fusion - main_auto_fusion.py - Creating fusion box...
2026-05-19 14:01:27,674 - INFO - auto_fusion - main_auto_fusion.py - Current moving image name: MR 1
2026-05-19 14:01:27,704 - INFO - auto_fusion - main_auto_fusion.py - Fixed Bounding Box: [{'x': -40.078125, 'y': -40.078125, 'z': -21.523500000000002}, {'x': 39.921875, 'y': 39.921875, 'z': 30.726499999999998}]
2026-05-19 14:01:27,704 - INFO - auto_fusion - main_auto_fusion.py - Moving Bounding Box: [{'x': -16.46792500008801, 'y': -7.718515000000137, 'z': -4.76934}, {'x': 1.5320750000001375, 'y': 10.28148500008801, 'z': 3.9306599999999996}]
2026-05-19 14:01:27,704 - INFO - auto_fusion - main_auto_fusion.py - Moving image transation: {'x': 8.605913940164697, 'y': -0.7036262521374645, 'z': 2.874379309635563}
2026-05-19 14:01:27,705 - INFO - auto_fusion - main_auto_fusion.py - Creating registration for moving image named MR 1...
2026-05-19 14:01:28,663 - INFO - auto_fusion - main_auto_fusion.py - Initial Alignment: {'YawDegrees': 0, 'PitchDegrees': 0, 'RollDegrees': 0, 'Translation': {'x': 8.605913940164697, 'y': -0.7036262521374645, 'z': 2.874379309635563}, 'RotationCenter': {'x': 0, 'y': 0, 'z': 0}}
2026-05-19 14:01:42,629 - INFO - auto_fusion - AutoFusion.py - 

===== Finished AutoFusion =====


2026-05-20 11:08:42,070 - INFO - auto_fusion - AutoFusion.py - 

===== Running AutoFusion =====
2026-05-20 11:08:42,136 - INFO - auto_fusion - AutoFusion.py - Patient_ID: 14045282 || CaseName: Case 1
2026-05-20 11:08:42,140 - INFO - auto_fusion - AutoFusion.py - Current Windows User: NYUMC\WESTJ05
2026-05-20 11:08:42,212 - INFO - auto_fusion - main_auto_fusion.py - AutoFusion initialized...
2026-05-20 11:08:42,421 - INFO - auto_fusion - main_auto_fusion.py - Assigned target roi name to GTVp
2026-05-20 11:08:42,421 - INFO - auto_fusion - main_auto_fusion.py - Fusion popup window step skipped.
2026-05-20 11:08:42,567 - INFO - auto_fusion - main_auto_fusion.py - Target center of ROI target GTVp is: {'x': -1.0542611076480324, 'y': -0.41762165258603184, 'z': -18.471191326047993}
2026-05-20 11:08:42,590 - INFO - auto_fusion - main_auto_fusion.py - Creating fusion box...
2026-05-20 11:08:42,735 - INFO - auto_fusion - main_auto_fusion.py - Current moving image name: MR_for_CK
2026-05-20 11:08:42,778 - INFO - auto_fusion - main_auto_fusion.py - Fixed Bounding Box: [{'x': -30.05859375, 'y': -30.05859375, 'z': -38.95}, {'x': 29.94140625, 'y': 29.94140625, 'z': 10.174999999999997}]
2026-05-20 11:08:42,778 - INFO - auto_fusion - main_auto_fusion.py - Moving Bounding Box: [{'x': -13.490974807738443, 'y': -13.08405737876844, 'z': -9.2833663940429}, {'x': 12.109026527405398, 'y': 12.5159439563754, 'z': 5.416633605957031}]
2026-05-20 11:08:42,779 - INFO - auto_fusion - main_auto_fusion.py - Moving image transation: {'x': -0.4218807174815098, 'y': -0.19215869138951186, 'z': -30.92532493200506}
2026-05-20 11:08:42,779 - INFO - auto_fusion - main_auto_fusion.py - Creating registration for moving image named MR_for_CK...
2026-05-20 11:08:43,851 - INFO - auto_fusion - main_auto_fusion.py - Initial Alignment: {'YawDegrees': 0, 'PitchDegrees': 0, 'RollDegrees': 0, 'Translation': {'x': -0.4218807174815098, 'y': -0.19215869138951186, 'z': -30.92532493200506}, 'RotationCenter': {'x': 0, 'y': 0, 'z': 0}}
2026-05-20 11:09:36,657 - INFO - auto_fusion - AutoFusion.py - 

===== Finished AutoFusion =====


2026-05-20 12:14:20,270 - INFO - auto_fusion - AutoFusion.py - 

===== Running AutoFusion =====
2026-05-20 12:14:20,337 - INFO - auto_fusion - AutoFusion.py - Patient_ID: 9132714 || CaseName: Case 1
2026-05-20 12:14:20,341 - INFO - auto_fusion - AutoFusion.py - Current Windows User: NYUMC\WESTJ05
2026-05-20 12:14:20,413 - INFO - auto_fusion - main_auto_fusion.py - AutoFusion initialized...
2026-05-20 12:14:20,720 - INFO - auto_fusion - main_auto_fusion.py - Assigned target roi name to GTVp
2026-05-20 12:14:20,720 - INFO - auto_fusion - main_auto_fusion.py - Fusion popup window step skipped.
2026-05-20 12:14:20,878 - INFO - auto_fusion - main_auto_fusion.py - Target center of ROI target GTVp is: {'x': 0.4529550028498899, 'y': 0.4226935384005959, 'z': -4.257633711516454}
2026-05-20 12:14:20,908 - INFO - auto_fusion - main_auto_fusion.py - Creating fusion box...
2026-05-20 12:14:21,138 - INFO - auto_fusion - main_auto_fusion.py - Current moving image name: MR_for_CK
2026-05-20 12:14:21,200 - INFO - auto_fusion - main_auto_fusion.py - Fixed Bounding Box: [{'x': -40.078125, 'y': -40.078125, 'z': -20.125}, {'x': 39.921875, 'y': 39.921875, 'z': 24.125}]
2026-05-20 12:14:21,200 - INFO - auto_fusion - main_auto_fusion.py - Moving Bounding Box: [{'x': -11.507006454467442, 'y': -13.354598426818441, 'z': -6.8484985351562}, {'x': 14.092994880676398, 'y': 12.2454029083254, 'z': 7.851501464843749}]
2026-05-20 12:14:21,201 - INFO - auto_fusion - main_auto_fusion.py - Moving image transation: {'x': -0.9181642102545884, 'y': 0.8991662976471169, 'z': -2.7591351763602283}
2026-05-20 12:14:21,201 - INFO - auto_fusion - main_auto_fusion.py - Creating registration for moving image named MR_for_CK...
2026-05-20 12:14:22,651 - INFO - auto_fusion - main_auto_fusion.py - Initial Alignment: {'YawDegrees': 0, 'PitchDegrees': 0, 'RollDegrees': 0, 'Translation': {'x': -0.9181642102545884, 'y': 0.8991662976471169, 'z': -2.7591351763602283}, 'RotationCenter': {'x': 0, 'y': 0, 'z': 0}}
2026-05-20 12:15:26,294 - INFO - auto_fusion - AutoFusion.py - 

===== Finished AutoFusion =====


2026-05-20 13:39:32,841 - INFO - auto_fusion - AutoFusion.py - 

===== Running AutoFusion =====
2026-05-20 13:39:32,957 - INFO - auto_fusion - AutoFusion.py - Patient_ID: 9684671 || CaseName: Case 1
2026-05-20 13:39:32,964 - INFO - auto_fusion - AutoFusion.py - Current Windows User: NYUMC\CLANCO01
2026-05-20 13:39:33,074 - INFO - auto_fusion - main_auto_fusion.py - AutoFusion initialized...
2026-05-20 13:39:33,325 - INFO - auto_fusion - main_auto_fusion.py - Assigned target roi name to GTVp
2026-05-20 13:39:33,327 - INFO - auto_fusion - main_auto_fusion.py - Fusion popup window step skipped.
2026-05-20 13:39:33,525 - INFO - auto_fusion - main_auto_fusion.py - Target center of ROI target GTVp is: {'x': 1.2173480182068575, 'y': -3.758860766214446, 'z': -0.845792577755208}
2026-05-20 13:39:33,592 - INFO - auto_fusion - main_auto_fusion.py - Creating fusion box...
2026-05-20 13:39:33,778 - INFO - auto_fusion - main_auto_fusion.py - Current moving image name: MR 1
2026-05-20 13:39:33,812 - INFO - auto_fusion - main_auto_fusion.py - Fixed Bounding Box: [{'x': -32.563476550000004, 'y': -32.563476550000004, 'z': -26.425}, {'x': 32.43651064999999, 'y': 32.43651064999999, 'z': 24.075}]
2026-05-20 13:39:33,812 - INFO - auto_fusion - main_auto_fusion.py - Moving Bounding Box: [{'x': -11.236466789245442, 'y': -15.609106349944444, 'z': -7.5699409484863}, {'x': 14.363534545898398, 'y': 9.990894985199397, 'z': 7.130059051513671}]
2026-05-20 13:39:33,812 - INFO - auto_fusion - main_auto_fusion.py - Moving image transation: {'x': -0.4096688101196284, 'y': -1.0132380338419305, 'z': -1.800851629268894}
2026-05-20 13:39:33,813 - INFO - auto_fusion - main_auto_fusion.py - Creating registration for moving image named MR 1...
2026-05-20 13:39:35,178 - INFO - auto_fusion - main_auto_fusion.py - Initial Alignment: {'YawDegrees': 0, 'PitchDegrees': 0, 'RollDegrees': 0, 'Translation': {'x': -0.4096688101196284, 'y': -1.0132380338419305, 'z': -1.800851629268894}, 'RotationCenter': {'x': 0, 'y': 0, 'z': 0}}
2026-05-20 13:39:56,267 - INFO - auto_fusion - AutoFusion.py - 

===== Finished AutoFusion =====


2026-05-20 13:47:03,107 - INFO - auto_fusion - AutoFusion.py - 

===== Running AutoFusion =====
2026-05-20 13:47:03,197 - INFO - auto_fusion - AutoFusion.py - Patient_ID: 12566589 || CaseName: Case 1
2026-05-20 13:47:03,201 - INFO - auto_fusion - AutoFusion.py - Current Windows User: NYUMC\CLANCO01
2026-05-20 13:47:03,275 - INFO - auto_fusion - main_auto_fusion.py - AutoFusion initialized...
2026-05-20 13:47:03,449 - INFO - auto_fusion - main_auto_fusion.py - Assigned target roi name to GTVp
2026-05-20 13:47:03,449 - INFO - auto_fusion - main_auto_fusion.py - Fusion popup window step skipped.
2026-05-20 13:47:03,589 - INFO - auto_fusion - main_auto_fusion.py - Target center of ROI target GTVp is: {'x': -1.4670688452012748, 'y': 2.2639180830900476, 'z': -5.4796333943924465}
2026-05-20 13:47:03,617 - INFO - auto_fusion - main_auto_fusion.py - Creating fusion box...
2026-05-20 13:47:03,742 - INFO - auto_fusion - main_auto_fusion.py - Current moving image name: MR 1
2026-05-20 13:47:03,774 - INFO - auto_fusion - main_auto_fusion.py - Fixed Bounding Box: [{'x': -40.078125, 'y': -40.078125, 'z': -27.708999999999996}, {'x': 39.921875, 'y': 39.921875, 'z': 24.666000000000004}]
2026-05-20 13:47:03,774 - INFO - auto_fusion - main_auto_fusion.py - Moving Bounding Box: [{'x': -11.59718637466344, 'y': -14.346582603454442, 'z': 3.16152420043945}, {'x': 14.0028149604804, 'y': 11.253418731689399, 'z': 17.861523437499947}]
2026-05-20 13:47:03,774 - INFO - auto_fusion - main_auto_fusion.py - Moving image transation: {'x': -2.7480081381097543, 'y': 3.732375018972569, 'z': -17.512657213362143}
2026-05-20 13:47:03,774 - INFO - auto_fusion - main_auto_fusion.py - Creating registration for moving image named MR 1...
2026-05-20 13:47:04,712 - INFO - auto_fusion - main_auto_fusion.py - Initial Alignment: {'YawDegrees': 0, 'PitchDegrees': 0, 'RollDegrees': 0, 'Translation': {'x': -2.7480081381097543, 'y': 3.732375018972569, 'z': -17.512657213362143}, 'RotationCenter': {'x': 0, 'y': 0, 'z': 0}}
2026-05-20 13:48:03,819 - INFO - auto_fusion - AutoFusion.py - 

===== Finished AutoFusion =====


2026-05-21 16:41:50,229 - INFO - auto_fusion - AutoFusion.py - 

===== Running AutoFusion =====
2026-05-21 16:41:50,297 - INFO - auto_fusion - AutoFusion.py - Patient_ID: 12464950 || CaseName: Case 1
2026-05-21 16:41:50,301 - INFO - auto_fusion - AutoFusion.py - Current Windows User: NYUMC\MACMEW01
2026-05-21 16:41:50,367 - INFO - auto_fusion - main_auto_fusion.py - AutoFusion initialized...
2026-05-21 16:41:50,528 - INFO - auto_fusion - main_auto_fusion.py - Assigned target roi name to Brain
2026-05-21 16:41:50,528 - INFO - auto_fusion - main_auto_fusion.py - Fusion popup window step skipped.
2026-05-21 16:41:50,719 - INFO - auto_fusion - main_auto_fusion.py - Target center of ROI target Brain is: {'x': -0.39591226754132475, 'y': 2.472959088408894, 'z': 3.778694679475946}
2026-05-21 16:41:50,861 - INFO - auto_fusion - main_auto_fusion.py - Creating fusion box...
2026-05-21 16:41:50,956 - INFO - auto_fusion - main_auto_fusion.py - Current moving image name: MR 1
2026-05-21 16:41:50,984 - INFO - auto_fusion - main_auto_fusion.py - Fixed Bounding Box: [{'x': -25.0488281, 'y': -25.0488281, 'z': -21.0}, {'x': 24.951146299999998, 'y': 24.951146299999998, 'z': 22.25}]
2026-05-21 16:41:50,984 - INFO - auto_fusion - main_auto_fusion.py - Moving Bounding Box: [{'x': -13.569221229177282, 'y': -14.402167023600107, 'z': -17.47930315705243}, {'x': 13.554230557195432, 'y': 15.654322918539131, 'z': 9.28701909194739}]
2026-05-21 16:41:50,984 - INFO - auto_fusion - main_auto_fusion.py - Moving image transation: {'x': -0.4372578315504004, 'y': 1.7980402409393808, 'z': 8.499836712028467}
2026-05-21 16:41:50,985 - INFO - auto_fusion - main_auto_fusion.py - Creating registration for moving image named MR 1...
2026-05-21 16:41:51,699 - INFO - auto_fusion - main_auto_fusion.py - Initial Alignment: {'YawDegrees': 0, 'PitchDegrees': 0, 'RollDegrees': 0, 'Translation': {'x': -0.4372578315504004, 'y': 1.7980402409393808, 'z': 8.499836712028467}, 'RotationCenter': {'x': 0, 'y': 0, 'z': 0}}
2026-05-21 16:43:03,733 - INFO - auto_fusion - AutoFusion.py - 

===== Finished AutoFusion =====


2026-05-22 09:06:57,471 - INFO - auto_fusion - AutoFusion.py - 

===== Running AutoFusion =====
2026-05-22 09:06:57,537 - INFO - auto_fusion - AutoFusion.py - Patient_ID: 11454996 || CaseName: Case 1
2026-05-22 09:06:57,541 - INFO - auto_fusion - AutoFusion.py - Current Windows User: NYUMC\DIBARD04
2026-05-22 09:06:57,611 - INFO - auto_fusion - main_auto_fusion.py - AutoFusion initialized...
2026-05-22 09:06:57,791 - INFO - auto_fusion - main_auto_fusion.py - Assigned target roi name to GTVp
2026-05-22 09:06:57,793 - INFO - auto_fusion - main_auto_fusion.py - Fusion popup window step skipped.
2026-05-22 09:06:57,956 - INFO - auto_fusion - main_auto_fusion.py - Target center of ROI target GTVp is: {'x': 1.6211497656979192, 'y': 4.1314337635567835, 'z': -2.478117696522237}
2026-05-22 09:06:57,981 - INFO - auto_fusion - main_auto_fusion.py - Creating fusion box...
2026-05-22 09:06:58,097 - INFO - auto_fusion - main_auto_fusion.py - Current moving image name: MR 1
2026-05-22 09:06:58,135 - INFO - auto_fusion - main_auto_fusion.py - Fixed Bounding Box: [{'x': -40.078125, 'y': -40.078125, 'z': -22.9025}, {'x': 39.921875, 'y': 39.921875, 'z': 31.5975}]
2026-05-22 09:06:58,135 - INFO - auto_fusion - main_auto_fusion.py - Moving Bounding Box: [{'x': -9.129451000127073, 'y': -11.561581000000249, 'z': -4.75615}, {'x': 16.87042100000025, 'y': 14.438291000127073, 'z': 6.943849999999999}]
2026-05-22 09:06:58,135 - INFO - auto_fusion - main_auto_fusion.py - Moving image transation: {'x': -2.3274602342386688, 'y': 2.6149537634933715, 'z': 0.7755323034777635}
2026-05-22 09:06:58,135 - INFO - auto_fusion - main_auto_fusion.py - Creating registration for moving image named MR 1...
2026-05-22 09:06:59,111 - INFO - auto_fusion - main_auto_fusion.py - Initial Alignment: {'YawDegrees': 0, 'PitchDegrees': 0, 'RollDegrees': 0, 'Translation': {'x': -2.3274602342386688, 'y': 2.6149537634933715, 'z': 0.7755323034777635}, 'RotationCenter': {'x': 0, 'y': 0, 'z': 0}}
2026-05-22 09:07:43,580 - INFO - auto_fusion - AutoFusion.py - 

===== Finished AutoFusion =====


2026-05-22 12:23:55,573 - INFO - auto_fusion - AutoFusion.py - 

===== Running AutoFusion =====
2026-05-22 12:23:55,641 - INFO - auto_fusion - AutoFusion.py - Patient_ID: 9780530 || CaseName: Case 1
2026-05-22 12:23:55,645 - INFO - auto_fusion - AutoFusion.py - Current Windows User: NYUMC\WESTJ05
2026-05-22 12:23:55,718 - INFO - auto_fusion - main_auto_fusion.py - AutoFusion initialized...
2026-05-22 12:23:56,064 - INFO - auto_fusion - main_auto_fusion.py - Assigned target roi name to GTVp
2026-05-22 12:23:56,064 - INFO - auto_fusion - main_auto_fusion.py - Fusion popup window step skipped.
2026-05-22 12:23:56,205 - INFO - auto_fusion - main_auto_fusion.py - Target center of ROI target GTVp is: {'x': -2.6616880228581397, 'y': 5.3462679348294255, 'z': -8.380066621330103}
2026-05-22 12:23:56,234 - INFO - auto_fusion - main_auto_fusion.py - Creating fusion box...
2026-05-22 12:23:56,399 - INFO - auto_fusion - main_auto_fusion.py - Current moving image name: MR_for_CK
2026-05-22 12:23:56,500 - INFO - auto_fusion - main_auto_fusion.py - Fixed Bounding Box: [{'x': -40.078125, 'y': -40.078125, 'z': -30.6045}, {'x': 39.921875, 'y': 39.921875, 'z': 27.3955}]
2026-05-22 12:23:56,500 - INFO - auto_fusion - main_auto_fusion.py - Moving Bounding Box: [{'x': -10.474281000127075, 'y': -11.454281000000249, 'z': 3.7664099999999996}, {'x': 15.525591000000247, 'y': 14.545591000127073, 'z': 15.4664}]
2026-05-22 12:23:56,500 - INFO - auto_fusion - main_auto_fusion.py - Moving image transation: {'x': -5.265468022794726, 'y': 3.722487934766013, 'z': -19.600971621330103}
2026-05-22 12:23:56,500 - INFO - auto_fusion - main_auto_fusion.py - Creating registration for moving image named MR_for_CK...
2026-05-22 12:23:57,672 - INFO - auto_fusion - main_auto_fusion.py - Initial Alignment: {'YawDegrees': 0, 'PitchDegrees': 0, 'RollDegrees': 0, 'Translation': {'x': -5.265468022794726, 'y': 3.722487934766013, 'z': -19.600971621330103}, 'RotationCenter': {'x': 0, 'y': 0, 'z': 0}}
2026-05-22 12:24:47,806 - INFO - auto_fusion - AutoFusion.py - 

===== Finished AutoFusion =====


2026-05-27 10:13:12,058 - INFO - auto_fusion - AutoFusion.py - 

===== Running AutoFusion =====
2026-05-27 10:13:12,123 - INFO - auto_fusion - AutoFusion.py - Patient_ID: 2146733 || CaseName: Case 1
2026-05-27 10:13:12,129 - INFO - auto_fusion - AutoFusion.py - Current Windows User: NYUMC\WESTJ05
2026-05-27 10:13:12,202 - INFO - auto_fusion - main_auto_fusion.py - AutoFusion initialized...
2026-05-27 10:13:12,499 - INFO - auto_fusion - main_auto_fusion.py - Assigned target roi name to GTVp
2026-05-27 10:13:12,499 - INFO - auto_fusion - main_auto_fusion.py - Fusion popup window step skipped.
2026-05-27 10:13:12,642 - INFO - auto_fusion - main_auto_fusion.py - Target center of ROI target GTVp is: {'x': -1.3604700997993993, 'y': 0.22524817830698002, 'z': -3.0142283647829706}
2026-05-27 10:13:12,667 - INFO - auto_fusion - main_auto_fusion.py - Creating fusion box...
2026-05-27 10:13:12,842 - INFO - auto_fusion - main_auto_fusion.py - Current moving image name: MR_for_CK
2026-05-27 10:13:12,918 - INFO - auto_fusion - main_auto_fusion.py - Fixed Bounding Box: [{'x': -32.563476550000004, 'y': -32.563476550000004, 'z': -29.45}, {'x': 32.43651064999999, 'y': 32.43651064999999, 'z': 20.925}]
2026-05-27 10:13:12,918 - INFO - auto_fusion - main_auto_fusion.py - Moving Bounding Box: [{'x': -12.456669092242073, 'y': -10.850244522158249, 'z': -4.3132411956787005}, {'x': 13.543330907885249, 'y': 15.149755477969073, 'z': 7.386758804321299}]
2026-05-27 10:13:12,918 - INFO - auto_fusion - main_auto_fusion.py - Moving image transation: {'x': -1.967283957620995, 'y': -1.98799024959844, 'z': -8.81348716910427}
2026-05-27 10:13:12,918 - INFO - auto_fusion - main_auto_fusion.py - Creating registration for moving image named MR_for_CK...
2026-05-27 10:13:13,917 - INFO - auto_fusion - main_auto_fusion.py - Initial Alignment: {'YawDegrees': 180, 'PitchDegrees': 0, 'RollDegrees': 0, 'Translation': {'x': -1.967283957620995, 'y': -1.98799024959844, 'z': -8.81348716910427}, 'RotationCenter': {'x': 0, 'y': 0, 'z': 0}}
2026-05-27 10:15:36,719 - INFO - auto_fusion - AutoFusion.py - 

===== Running AutoFusion =====
2026-05-27 10:15:36,783 - INFO - auto_fusion - AutoFusion.py - Patient_ID: 2146733 || CaseName: Case 1
2026-05-27 10:15:36,786 - INFO - auto_fusion - AutoFusion.py - Current Windows User: NYUMC\WESTJ05
2026-05-27 10:15:36,855 - INFO - auto_fusion - main_auto_fusion.py - AutoFusion initialized...
2026-05-27 10:15:37,176 - INFO - auto_fusion - main_auto_fusion.py - Assigned target roi name to GTVp
2026-05-27 10:15:37,176 - INFO - auto_fusion - main_auto_fusion.py - Fusion popup window step skipped.
2026-05-27 10:15:37,315 - INFO - auto_fusion - main_auto_fusion.py - Target center of ROI target GTVp is: {'x': -1.3604700997993993, 'y': 0.22524817830698002, 'z': -3.0142283647829706}
2026-05-27 10:15:37,355 - INFO - auto_fusion - main_auto_fusion.py - Creating fusion box...
2026-05-27 10:15:37,512 - INFO - auto_fusion - main_auto_fusion.py - Current moving image name: MR_for_CK
2026-05-27 10:15:37,592 - INFO - auto_fusion - main_auto_fusion.py - Fixed Bounding Box: [{'x': -32.563476550000004, 'y': -32.563476550000004, 'z': -29.45}, {'x': 32.43651064999999, 'y': 32.43651064999999, 'z': 20.925}]
2026-05-27 10:15:37,593 - INFO - auto_fusion - main_auto_fusion.py - Moving Bounding Box: [{'x': -12.456669092242073, 'y': -10.850244522158249, 'z': -4.3132411956787005}, {'x': 13.543330907885249, 'y': 15.149755477969073, 'z': 7.386758804321299}]
2026-05-27 10:15:37,593 - INFO - auto_fusion - main_auto_fusion.py - Moving image transation: {'x': -1.967283957620995, 'y': -1.98799024959844, 'z': -8.81348716910427}
2026-05-27 10:15:37,593 - INFO - auto_fusion - main_auto_fusion.py - Creating registration for moving image named MR_for_CK...
2026-05-27 10:15:38,241 - INFO - auto_fusion - main_auto_fusion.py - Initial Alignment: {'YawDegrees': 180, 'PitchDegrees': 0, 'RollDegrees': 0, 'Translation': {'x': -1.967283957620995, 'y': -1.98799024959844, 'z': -8.81348716910427}, 'RotationCenter': {'x': 0, 'y': 0, 'z': 0}}
2026-05-27 10:16:25,464 - INFO - auto_fusion - AutoFusion.py - 

===== Finished AutoFusion =====


2026-05-27 11:34:43,736 - INFO - auto_fusion - AutoFusion.py - 

===== Running AutoFusion =====
2026-05-27 11:34:43,800 - INFO - auto_fusion - AutoFusion.py - Patient_ID: 13385930 || CaseName: Case 1
2026-05-27 11:34:43,804 - INFO - auto_fusion - AutoFusion.py - Current Windows User: NYUMC\WESTJ05
2026-05-27 11:34:43,871 - INFO - auto_fusion - main_auto_fusion.py - AutoFusion initialized...
2026-05-27 11:34:44,197 - INFO - auto_fusion - main_auto_fusion.py - Assigned target roi name to GTVp
2026-05-27 11:34:44,197 - INFO - auto_fusion - main_auto_fusion.py - Fusion popup window step skipped.
2026-05-27 11:34:44,347 - INFO - auto_fusion - main_auto_fusion.py - Target center of ROI target GTVp is: {'x': -0.7282231850082996, 'y': -5.917006496282237, 'z': -1.5555172234833532}
2026-05-27 11:34:44,390 - INFO - auto_fusion - main_auto_fusion.py - Creating fusion box...
2026-05-27 11:34:44,554 - INFO - auto_fusion - main_auto_fusion.py - Current moving image name: MR_for_CK
2026-05-27 11:34:44,659 - INFO - auto_fusion - main_auto_fusion.py - Fixed Bounding Box: [{'x': -40.078125, 'y': -40.078125, 'z': -23.125}, {'x': 39.921875, 'y': 39.921875, 'z': 27.0}]
2026-05-27 11:34:44,659 - INFO - auto_fusion - main_auto_fusion.py - Moving Bounding Box: [{'x': -13.243744516436074, 'y': -13.968483924929249, 'z': 1.5956665039062998}, {'x': 12.756255483691248, 'y': 12.031516075198073, 'z': 13.295666503906}]
2026-05-27 11:34:44,659 - INFO - auto_fusion - main_auto_fusion.py - Moving image transation: {'x': -0.5626036686358868, 'y': -5.02664757141665, 'z': -7.063683727389503}
2026-05-27 11:34:44,659 - INFO - auto_fusion - main_auto_fusion.py - Creating registration for moving image named MR_for_CK...
2026-05-27 11:34:45,630 - INFO - auto_fusion - main_auto_fusion.py - Initial Alignment: {'YawDegrees': 0, 'PitchDegrees': 0, 'RollDegrees': 0, 'Translation': {'x': -0.5626036686358868, 'y': -5.02664757141665, 'z': -7.063683727389503}, 'RotationCenter': {'x': 0, 'y': 0, 'z': 0}}
2026-05-27 11:35:31,908 - INFO - auto_fusion - AutoFusion.py - 

===== Finished AutoFusion =====


2026-05-27 12:23:37,873 - INFO - auto_fusion - AutoFusion.py - 

===== Running AutoFusion =====
2026-05-27 12:23:37,940 - INFO - auto_fusion - AutoFusion.py - Patient_ID: 0678454 || CaseName: Case 1
2026-05-27 12:23:37,944 - INFO - auto_fusion - AutoFusion.py - Current Windows User: NYUMC\WESTJ05
2026-05-27 12:23:38,012 - INFO - auto_fusion - main_auto_fusion.py - AutoFusion initialized...
2026-05-27 12:23:38,355 - INFO - auto_fusion - main_auto_fusion.py - Assigned target roi name to GTVp
2026-05-27 12:23:38,355 - INFO - auto_fusion - main_auto_fusion.py - Fusion popup window step skipped.
2026-05-27 12:23:38,494 - INFO - auto_fusion - main_auto_fusion.py - Target center of ROI target GTVp is: {'x': 1.4973899807494084, 'y': 0.6469187916300178, 'z': -7.724914232551869}
2026-05-27 12:23:38,513 - INFO - auto_fusion - main_auto_fusion.py - Creating fusion box...
2026-05-27 12:23:38,654 - INFO - auto_fusion - main_auto_fusion.py - Current moving image name: MR_for_CK
2026-05-27 12:23:38,759 - INFO - auto_fusion - main_auto_fusion.py - Fixed Bounding Box: [{'x': -32.563476550000004, 'y': -32.563476550000004, 'z': -29.65}, {'x': 32.43651064999999, 'y': 32.43651064999999, 'z': 19.225}]
2026-05-27 12:23:38,759 - INFO - auto_fusion - main_auto_fusion.py - Moving Bounding Box: [{'x': -12.238856887881074, 'y': -10.12385234839125, 'z': -3.2768856048584}, {'x': 13.761143112246248, 'y': 15.876147651736073, 'z': 8.4231143951416}]
2026-05-27 12:23:38,759 - INFO - auto_fusion - main_auto_fusion.py - Moving image transation: {'x': 0.6727639185668131, 'y': -2.2927118100424018, 'z': -15.510528627693468}
2026-05-27 12:23:38,760 - INFO - auto_fusion - main_auto_fusion.py - Creating registration for moving image named MR_for_CK...
2026-05-27 12:23:39,465 - INFO - auto_fusion - main_auto_fusion.py - Initial Alignment: {'YawDegrees': 0, 'PitchDegrees': 0, 'RollDegrees': 0, 'Translation': {'x': 0.6727639185668131, 'y': -2.2927118100424018, 'z': -15.510528627693468}, 'RotationCenter': {'x': 0, 'y': 0, 'z': 0}}
2026-05-27 12:24:36,312 - INFO - auto_fusion - AutoFusion.py - 

===== Finished AutoFusion =====


2026-05-27 12:25:18,719 - INFO - auto_fusion - AutoFusion.py - 

===== Running AutoFusion =====
2026-05-27 12:25:18,789 - INFO - auto_fusion - AutoFusion.py - Patient_ID: 17840090 || CaseName: Case 1
2026-05-27 12:25:18,795 - INFO - auto_fusion - AutoFusion.py - Current Windows User: NYUMC\MACMEW01
2026-05-27 12:25:18,881 - INFO - auto_fusion - main_auto_fusion.py - AutoFusion initialized...
2026-05-27 12:25:19,139 - INFO - auto_fusion - main_auto_fusion.py - Assigned target roi name to GTVp
2026-05-27 12:25:19,140 - INFO - auto_fusion - main_auto_fusion.py - Fusion popup window step skipped.
2026-05-27 12:25:19,304 - INFO - auto_fusion - main_auto_fusion.py - Target center of ROI target GTVp is: {'x': 0.6965780639653755, 'y': 0.7578500881063356, 'z': -1.9446757362937568}
2026-05-27 12:25:19,339 - INFO - auto_fusion - main_auto_fusion.py - Creating fusion box...
2026-05-27 12:25:19,516 - INFO - auto_fusion - main_auto_fusion.py - Current moving image name: MR 1
2026-05-27 12:25:19,551 - INFO - auto_fusion - main_auto_fusion.py - Fixed Bounding Box: [{'x': -40.078125, 'y': -40.078125, 'z': -16.55}, {'x': 39.921875, 'y': 39.921875, 'z': 27.575}]
2026-05-27 12:25:19,552 - INFO - auto_fusion - main_auto_fusion.py - Moving Bounding Box: [{'x': -12.962289315525073, 'y': -8.36840438849165, 'z': -0.12891540527344}, {'x': 13.03771068460225, 'y': 17.631595611635674, 'z': 11.571084594726997}]
2026-05-27 12:25:19,552 - INFO - auto_fusion - main_auto_fusion.py - Moving image transation: {'x': 0.5807423794267873, 'y': -3.951870523465676, 'z': -2.1532603310205367}
2026-05-27 12:25:19,552 - INFO - auto_fusion - main_auto_fusion.py - Creating registration for moving image named MR 1...
2026-05-27 12:25:20,672 - INFO - auto_fusion - main_auto_fusion.py - Initial Alignment: {'YawDegrees': 0, 'PitchDegrees': 0, 'RollDegrees': 0, 'Translation': {'x': 0.5807423794267873, 'y': -3.951870523465676, 'z': -2.1532603310205367}, 'RotationCenter': {'x': 0, 'y': 0, 'z': 0}}
2026-05-27 12:25:35,755 - INFO - auto_fusion - AutoFusion.py - 

===== Finished AutoFusion =====


2026-05-28 09:47:48,686 - INFO - auto_fusion - AutoFusion.py - 

===== Running AutoFusion =====
2026-05-28 09:47:48,756 - INFO - auto_fusion - AutoFusion.py - Patient_ID: 13550269 || CaseName: Case 1
2026-05-28 09:47:48,762 - INFO - auto_fusion - AutoFusion.py - Current Windows User: NYUMC\WESTJ05
2026-05-28 09:47:48,860 - INFO - auto_fusion - main_auto_fusion.py - AutoFusion initialized...
2026-05-28 09:47:49,138 - INFO - auto_fusion - main_auto_fusion.py - Assigned target roi name to GTVp
2026-05-28 09:47:49,138 - INFO - auto_fusion - main_auto_fusion.py - Fusion popup window step skipped.
2026-05-28 09:47:49,291 - INFO - auto_fusion - main_auto_fusion.py - Target center of ROI target GTVp is: {'x': 1.7716219734104353, 'y': -1.8419172095920737, 'z': -6.587865428503782}
2026-05-28 09:47:49,318 - INFO - auto_fusion - main_auto_fusion.py - Creating fusion box...
2026-05-28 09:47:49,495 - INFO - auto_fusion - main_auto_fusion.py - Current moving image name: MR_for_CK
2026-05-28 09:47:49,565 - INFO - auto_fusion - main_auto_fusion.py - Fixed Bounding Box: [{'x': -40.078125, 'y': -40.078125, 'z': -26.5685}, {'x': 39.921875, 'y': 39.921875, 'z': 28.4315}]
2026-05-28 09:47:49,565 - INFO - auto_fusion - main_auto_fusion.py - Moving Bounding Box: [{'x': -14.041139030520075, 'y': -10.756699562136248, 'z': -3.549144744873}, {'x': 11.958860969607247, 'y': 15.243300437991074, 'z': 8.150855255126999}]
2026-05-28 09:47:49,565 - INFO - auto_fusion - main_auto_fusion.py - Moving image transation: {'x': 2.734636003866849, 'y': -4.163342647519487, 'z': -7.957220683630782}
2026-05-28 09:47:49,565 - INFO - auto_fusion - main_auto_fusion.py - Creating registration for moving image named MR_for_CK...
2026-05-28 09:47:50,795 - INFO - auto_fusion - main_auto_fusion.py - Initial Alignment: {'YawDegrees': 0, 'PitchDegrees': 0, 'RollDegrees': 0, 'Translation': {'x': 2.734636003866849, 'y': -4.163342647519487, 'z': -7.957220683630782}, 'RotationCenter': {'x': 0, 'y': 0, 'z': 0}}
2026-05-28 09:48:20,712 - INFO - auto_fusion - AutoFusion.py - 

===== Finished AutoFusion =====


2026-05-28 13:35:39,408 - INFO - auto_fusion - AutoFusion.py - 

===== Running AutoFusion =====
2026-05-28 13:35:39,474 - INFO - auto_fusion - AutoFusion.py - Patient_ID: 14970121 || CaseName: Case 1
2026-05-28 13:35:39,478 - INFO - auto_fusion - AutoFusion.py - Current Windows User: NYUMC\WESTJ05
2026-05-28 13:35:39,547 - INFO - auto_fusion - main_auto_fusion.py - AutoFusion initialized...
2026-05-28 13:35:39,851 - INFO - auto_fusion - main_auto_fusion.py - Assigned target roi name to GTVp
2026-05-28 13:35:39,851 - INFO - auto_fusion - main_auto_fusion.py - Fusion popup window step skipped.
2026-05-28 13:35:39,999 - INFO - auto_fusion - main_auto_fusion.py - Target center of ROI target GTVp is: {'x': 1.124038295159114, 'y': -0.7382806269452742, 'z': -8.140119950089316}
2026-05-28 13:35:40,029 - INFO - auto_fusion - main_auto_fusion.py - Creating fusion box...
2026-05-28 13:35:40,176 - INFO - auto_fusion - main_auto_fusion.py - Current moving image name: MR_for_CK
2026-05-28 13:35:40,262 - INFO - auto_fusion - main_auto_fusion.py - Fixed Bounding Box: [{'x': -40.078125, 'y': -40.078125, 'z': -26.75}, {'x': 39.921875, 'y': 39.921875, 'z': 16.75}]
2026-05-28 13:35:40,263 - INFO - auto_fusion - main_auto_fusion.py - Moving Bounding Box: [{'x': -12.318630838393442, 'y': -14.617123508452442, 'z': -1.2573146820068}, {'x': 13.281370496750398, 'y': 10.982877826691398, 'z': 13.4426849365234}]
2026-05-28 13:35:40,263 - INFO - auto_fusion - main_auto_fusion.py - Moving image transation: {'x': 0.5645434659806361, 'y': 1.0007172139352478, 'z': -19.232805077347614}
2026-05-28 13:35:40,263 - INFO - auto_fusion - main_auto_fusion.py - Creating registration for moving image named MR_for_CK...
2026-05-28 13:35:40,945 - INFO - auto_fusion - main_auto_fusion.py - Initial Alignment: {'YawDegrees': 0, 'PitchDegrees': 0, 'RollDegrees': 0, 'Translation': {'x': 0.5645434659806361, 'y': 1.0007172139352478, 'z': -19.232805077347614}, 'RotationCenter': {'x': 0, 'y': 0, 'z': 0}}
2026-05-28 13:36:31,051 - INFO - auto_fusion - AutoFusion.py - 

===== Finished AutoFusion =====


2026-05-29 07:58:18,111 - INFO - auto_fusion - AutoFusion.py - 

===== Running AutoFusion =====
2026-05-29 07:58:18,176 - INFO - auto_fusion - AutoFusion.py - Patient_ID: 17077891 || CaseName: Case 3
2026-05-29 07:58:18,180 - INFO - auto_fusion - AutoFusion.py - Current Windows User: NYUMC\WESTJ05
2026-05-29 07:58:18,260 - INFO - auto_fusion - main_auto_fusion.py - AutoFusion initialized...
2026-05-29 07:58:18,527 - INFO - auto_fusion - main_auto_fusion.py - Assigned target roi name to Brain
2026-05-29 07:58:18,527 - INFO - auto_fusion - main_auto_fusion.py - Fusion popup window step skipped.
2026-05-29 07:58:18,794 - INFO - auto_fusion - main_auto_fusion.py - Target center of ROI target Brain is: {'x': -0.3879029706351758, 'y': 0.6122015534150635, 'z': 5.98698052338861}
2026-05-29 07:58:18,960 - INFO - auto_fusion - main_auto_fusion.py - Creating fusion box...
2026-05-29 07:58:19,118 - INFO - auto_fusion - main_auto_fusion.py - Current moving image name: MR _for_planning
2026-05-29 07:58:19,197 - INFO - auto_fusion - main_auto_fusion.py - Fixed Bounding Box: [{'x': -27.152929699999998, 'y': -27.152929699999998, 'z': -21.5}, {'x': 27.047083100000005, 'y': 27.047083100000005, 'z': 20.5}]
2026-05-29 07:58:19,197 - INFO - auto_fusion - main_auto_fusion.py - Moving Bounding Box: [{'x': -14.634486141889411, 'y': -17.94790879634562, 'z': -13.37883205649623}, {'x': 13.881946250449502, 'y': 14.690357095644547, 'z': 14.25713679591089}]
2026-05-29 07:58:19,198 - INFO - auto_fusion - main_auto_fusion.py - Moving image transation: {'x': -0.06455632491521751, 'y': 2.1880541037656034, 'z': 5.04782815368128}
2026-05-29 07:58:19,198 - INFO - auto_fusion - main_auto_fusion.py - Creating registration for moving image named MR _for_planning...
2026-05-29 07:58:20,331 - INFO - auto_fusion - main_auto_fusion.py - Initial Alignment: {'YawDegrees': 0, 'PitchDegrees': 0, 'RollDegrees': 0, 'Translation': {'x': -0.06455632491521751, 'y': 2.1880541037656034, 'z': 5.04782815368128}, 'RotationCenter': {'x': 0, 'y': 0, 'z': 0}}
2026-05-29 07:59:15,758 - INFO - auto_fusion - AutoFusion.py - 

===== Finished AutoFusion =====


2026-05-29 12:23:33,055 - INFO - auto_fusion - AutoFusion.py - 

===== Running AutoFusion =====
2026-05-29 12:23:33,123 - INFO - auto_fusion - AutoFusion.py - Patient_ID: 10816549 || CaseName: Case 5
2026-05-29 12:23:33,127 - INFO - auto_fusion - AutoFusion.py - Current Windows User: NYUMC\WESTJ05
2026-05-29 12:23:33,153 - INFO - auto_fusion - main_auto_fusion.py - AutoFusion initialized...
2026-05-29 12:24:35,812 - INFO - auto_fusion - AutoFusion.py - 

===== Running AutoFusion =====
2026-05-29 12:24:35,880 - INFO - auto_fusion - AutoFusion.py - Patient_ID: 10816549 || CaseName: Case 5
2026-05-29 12:24:35,883 - INFO - auto_fusion - AutoFusion.py - Current Windows User: NYUMC\WESTJ05
2026-05-29 12:24:35,912 - INFO - auto_fusion - main_auto_fusion.py - AutoFusion initialized...
2026-05-29 12:25:02,388 - INFO - auto_fusion - main_auto_fusion.py - Fusion Popup Selected Values: {'ReferenceImageName': 'BRAIN', 'FusingImageName': ['MR_for_CK'], 'TargetName': 'External', 'RegistrtaionType': 'Frame of Reference'}
2026-05-29 12:25:02,453 - INFO - auto_fusion - main_auto_fusion.py - Running DSL model...
2026-05-29 12:25:02,558 - INFO - auto_fusion - main_auto_fusion.py - Target center of ROI target External is: {'x': 0.9149720515290986, 'y': 2.8859694641652403, 'z': -6.474207867533093}
2026-05-29 12:25:02,675 - INFO - auto_fusion - main_auto_fusion.py - Creating fusion box...
2026-05-29 12:25:02,791 - INFO - auto_fusion - main_auto_fusion.py - Current moving image name: MR_for_CK
2026-05-29 12:25:02,900 - INFO - auto_fusion - main_auto_fusion.py - Fixed Bounding Box: [{'x': -25.59990235, 'y': -25.59990235, 'z': -19.25}, {'x': 25.500104049999997, 'y': 25.500104049999997, 'z': 22.25}]
2026-05-29 12:25:02,900 - INFO - auto_fusion - main_auto_fusion.py - Moving Bounding Box: [{'x': -13.000000190734164, 'y': -15.595033645629163, 'z': -8.525276184082}, {'x': 13.000000190735436, 'y': 10.404966735840437, 'z': 11.374723815918}]
2026-05-29 12:25:02,900 - INFO - auto_fusion - main_auto_fusion.py - Moving image transation: {'x': 0.865072901528461, 'y': 5.431103769059602, 'z': -6.398931683451093}
2026-05-29 12:25:02,900 - INFO - auto_fusion - main_auto_fusion.py - Creating registration for moving image named MR_for_CK...
2026-05-29 12:25:03,593 - INFO - auto_fusion - main_auto_fusion.py - Initial Alignment: {'YawDegrees': 0, 'PitchDegrees': 0, 'RollDegrees': 0, 'Translation': {'x': 0.865072901528461, 'y': 5.431103769059602, 'z': -6.398931683451093}, 'RotationCenter': {'x': 0, 'y': 0, 'z': 0}}
2026-05-29 12:25:36,004 - INFO - auto_fusion - AutoFusion.py - 

===== Finished AutoFusion =====


2026-05-29 13:47:04,809 - INFO - auto_fusion - AutoFusion.py - 

===== Running AutoFusion =====
2026-05-29 13:47:04,873 - INFO - auto_fusion - AutoFusion.py - Patient_ID: 13901796 || CaseName: Case 1
2026-05-29 13:47:04,877 - INFO - auto_fusion - AutoFusion.py - Current Windows User: NYUMC\WESTJ05
2026-05-29 13:47:04,942 - INFO - auto_fusion - main_auto_fusion.py - AutoFusion initialized...
2026-05-29 13:47:05,364 - INFO - auto_fusion - main_auto_fusion.py - Assigned target roi name to Brain
2026-05-29 13:47:05,364 - INFO - auto_fusion - main_auto_fusion.py - Fusion popup window step skipped.
2026-05-29 13:47:05,585 - INFO - auto_fusion - main_auto_fusion.py - Target center of ROI target Brain is: {'x': -0.3142903307264628, 'y': 2.498861653792972, 'z': 4.774806916917244}
2026-05-29 13:47:05,703 - INFO - auto_fusion - main_auto_fusion.py - Creating fusion box...
2026-05-29 13:47:05,881 - INFO - auto_fusion - main_auto_fusion.py - Current moving image name: MR_for_CK
2026-05-29 13:47:05,956 - INFO - auto_fusion - main_auto_fusion.py - Fixed Bounding Box: [{'x': -25.80029295, 'y': -25.80029295, 'z': -20.25}, {'x': 25.699687850000004, 'y': 25.699687850000004, 'z': 19.125}]
2026-05-29 13:47:05,956 - INFO - auto_fusion - main_auto_fusion.py - Moving Bounding Box: [{'x': -13.51659133866187, 'y': -15.62848440142883, 'z': -9.15642}, {'x': 13.713822192900212, 'y': 11.601929130133252, 'z': 9.94358}]
2026-05-29 13:47:05,956 - INFO - auto_fusion - main_auto_fusion.py - Moving image transation: {'x': -0.46320830784563144, 'y': 4.461836739440763, 'z': 3.818726916917244}
2026-05-29 13:47:05,956 - INFO - auto_fusion - main_auto_fusion.py - Creating registration for moving image named MR_for_CK...
2026-05-29 13:47:06,632 - INFO - auto_fusion - main_auto_fusion.py - Initial Alignment: {'YawDegrees': 0, 'PitchDegrees': 0, 'RollDegrees': 0, 'Translation': {'x': -0.46320830784563144, 'y': 4.461836739440763, 'z': 3.818726916917244}, 'RotationCenter': {'x': 0, 'y': 0, 'z': 0}}
2026-05-29 13:47:37,497 - INFO - auto_fusion - AutoFusion.py - 

===== Finished AutoFusion =====


2026-06-01 06:00:25,029 - INFO - auto_fusion - AutoFusion.py - 

===== Running AutoFusion =====
2026-06-01 06:00:25,146 - INFO - auto_fusion - AutoFusion.py - Patient_ID: 17787296 || CaseName: Case 1
2026-06-01 06:00:25,150 - INFO - auto_fusion - AutoFusion.py - Current Windows User: NYUMC\WESTJ05
2026-06-01 06:00:25,219 - INFO - auto_fusion - main_auto_fusion.py - AutoFusion initialized...
2026-06-01 06:00:25,396 - INFO - auto_fusion - main_auto_fusion.py - Assigned target roi name to GTVp
2026-06-01 06:00:25,397 - INFO - auto_fusion - main_auto_fusion.py - Fusion popup window step skipped.
2026-06-01 06:00:25,534 - INFO - auto_fusion - main_auto_fusion.py - Target center of ROI target GTVp is: {'x': -1.0974341350407602, 'y': 2.4616664890044513, 'z': -6.181324270096621}
2026-06-01 06:00:25,565 - INFO - auto_fusion - main_auto_fusion.py - Creating fusion box...
2026-06-01 06:00:25,738 - INFO - auto_fusion - main_auto_fusion.py - Current moving image name: MR_for_CK
2026-06-01 06:00:25,766 - INFO - auto_fusion - main_auto_fusion.py - Fixed Bounding Box: [{'x': -40.078125, 'y': -40.078125, 'z': -29.29}, {'x': 39.921875, 'y': 39.921875, 'z': 25.46}]
2026-06-01 06:00:25,766 - INFO - auto_fusion - main_auto_fusion.py - Moving Bounding Box: [{'x': -11.957908630370442, 'y': -14.88766450881944, 'z': -3.9627262115477997}, {'x': 13.642092704773399, 'y': 10.7123368263244, 'z': 10.737274169921902}]
2026-06-01 06:00:25,766 - INFO - auto_fusion - main_auto_fusion.py - Moving image transation: {'x': -2.0176511722422386, 'y': 4.471205330251972, 'z': -11.48359824928367}
2026-06-01 06:00:25,766 - INFO - auto_fusion - main_auto_fusion.py - Creating registration for moving image named MR_for_CK...
2026-06-01 06:00:26,289 - INFO - auto_fusion - main_auto_fusion.py - Initial Alignment: {'YawDegrees': 0, 'PitchDegrees': 0, 'RollDegrees': 0, 'Translation': {'x': -2.0176511722422386, 'y': 4.471205330251972, 'z': -11.48359824928367}, 'RotationCenter': {'x': 0, 'y': 0, 'z': 0}}
2026-06-01 06:01:05,895 - INFO - auto_fusion - AutoFusion.py - 

===== Finished AutoFusion =====


2026-06-01 10:39:04,536 - INFO - auto_fusion - AutoFusion.py - 

===== Running AutoFusion =====
2026-06-01 10:39:04,603 - INFO - auto_fusion - AutoFusion.py - Patient_ID: 17884406 || CaseName: Case 1
2026-06-01 10:39:04,607 - INFO - auto_fusion - AutoFusion.py - Current Windows User: NYUMC\WESTJ05
2026-06-01 10:39:04,675 - INFO - auto_fusion - main_auto_fusion.py - AutoFusion initialized...
2026-06-01 10:39:05,081 - INFO - auto_fusion - main_auto_fusion.py - Assigned target roi name to GTVp
2026-06-01 10:39:05,081 - INFO - auto_fusion - main_auto_fusion.py - Fusion popup window step skipped.
2026-06-01 10:39:05,214 - INFO - auto_fusion - main_auto_fusion.py - Target center of ROI target GTVp is: {'x': 2.1131077714714888, 'y': -1.0387353484573034, 'z': 0.5403621497594159}
2026-06-01 10:39:05,229 - INFO - auto_fusion - main_auto_fusion.py - Creating fusion box...
2026-06-01 10:39:05,424 - INFO - auto_fusion - main_auto_fusion.py - Current moving image name: MR_for_CK
2026-06-01 10:39:05,561 - INFO - auto_fusion - main_auto_fusion.py - Fixed Bounding Box: [{'x': -40.078125, 'y': -40.078125, 'z': -21.270500000000002}, {'x': 39.921875, 'y': 39.921875, 'z': 30.354499999999998}]
2026-06-01 10:39:05,561 - INFO - auto_fusion - main_auto_fusion.py - Moving Bounding Box: [{'x': -10.785563373565441, 'y': -16.510910701751442, 'z': -0.35551071166992}, {'x': 14.814437961578399, 'y': 9.089090633392399, 'z': 14.344488525390599}]
2026-06-01 10:39:05,561 - INFO - auto_fusion - main_auto_fusion.py - Moving image transation: {'x': 0.02054547746501001, 'y': 2.594049685722218, 'z': -1.9121267571009257}
2026-06-01 10:39:05,561 - INFO - auto_fusion - main_auto_fusion.py - Creating registration for moving image named MR_for_CK...
2026-06-01 10:39:06,462 - INFO - auto_fusion - main_auto_fusion.py - Initial Alignment: {'YawDegrees': 0, 'PitchDegrees': 0, 'RollDegrees': 0, 'Translation': {'x': 0.02054547746501001, 'y': 2.594049685722218, 'z': -1.9121267571009257}, 'RotationCenter': {'x': 0, 'y': 0, 'z': 0}}
2026-06-01 10:39:36,985 - INFO - auto_fusion - AutoFusion.py - 

===== Finished AutoFusion =====


2026-06-01 11:06:23,956 - INFO - auto_fusion - AutoFusion.py - 

===== Running AutoFusion =====
2026-06-01 11:06:24,022 - INFO - auto_fusion - AutoFusion.py - Patient_ID: 0051189 || CaseName: Case 1
2026-06-01 11:06:24,026 - INFO - auto_fusion - AutoFusion.py - Current Windows User: NYUMC\WESTJ05
2026-06-01 11:06:24,092 - INFO - auto_fusion - main_auto_fusion.py - AutoFusion initialized...
2026-06-01 11:06:24,527 - INFO - auto_fusion - main_auto_fusion.py - Assigned target roi name to GTVp
2026-06-01 11:06:24,527 - INFO - auto_fusion - main_auto_fusion.py - Fusion popup window step skipped.
2026-06-01 11:06:24,659 - INFO - auto_fusion - main_auto_fusion.py - Target center of ROI target GTVp is: {'x': 2.755651055402922, 'y': -1.005907468040381, 'z': -0.6342737933867534}
2026-06-01 11:06:24,677 - INFO - auto_fusion - main_auto_fusion.py - Creating fusion box...
2026-06-01 11:06:24,871 - INFO - auto_fusion - main_auto_fusion.py - Current moving image name: MR_for_CK
2026-06-01 11:06:25,017 - INFO - auto_fusion - main_auto_fusion.py - Fixed Bounding Box: [{'x': -40.078125, 'y': -40.078125, 'z': -22.9705}, {'x': 39.921875, 'y': 39.921875, 'z': 29.7795}]
2026-06-01 11:06:25,017 - INFO - auto_fusion - main_auto_fusion.py - Moving Bounding Box: [{'x': -11.100526428286074, 'y': -10.063295364444247, 'z': 0.28513565063477003}, {'x': 14.899473571841249, 'y': 15.936704635683075, 'z': 11.985135650635}]
2026-06-01 11:06:25,018 - INFO - auto_fusion - main_auto_fusion.py - Moving image transation: {'x': 0.7780524836253346, 'y': -4.020737103659795, 'z': -3.3649094440216403}
2026-06-01 11:06:25,018 - INFO - auto_fusion - main_auto_fusion.py - Creating registration for moving image named MR_for_CK...
2026-06-01 11:06:25,755 - INFO - auto_fusion - main_auto_fusion.py - Initial Alignment: {'YawDegrees': 0, 'PitchDegrees': 0, 'RollDegrees': 0, 'Translation': {'x': 0.7780524836253346, 'y': -4.020737103659795, 'z': -3.3649094440216403}, 'RotationCenter': {'x': 0, 'y': 0, 'z': 0}}
2026-06-01 11:07:03,534 - INFO - auto_fusion - AutoFusion.py - 

===== Finished AutoFusion =====


2026-06-01 11:55:23,050 - INFO - auto_fusion - AutoFusion.py - 

===== Running AutoFusion =====
2026-06-01 11:55:23,117 - INFO - auto_fusion - AutoFusion.py - Patient_ID: 16711021 || CaseName: Case 1
2026-06-01 11:55:23,121 - INFO - auto_fusion - AutoFusion.py - Current Windows User: NYUMC\WESTJ05
2026-06-01 11:55:23,189 - INFO - auto_fusion - main_auto_fusion.py - AutoFusion initialized...
2026-06-01 11:55:23,668 - INFO - auto_fusion - main_auto_fusion.py - Assigned target roi name to GTVp
2026-06-01 11:55:23,668 - INFO - auto_fusion - main_auto_fusion.py - Fusion popup window step skipped.
2026-06-01 11:55:23,805 - INFO - auto_fusion - main_auto_fusion.py - Target center of ROI target GTVp is: {'x': 0.21221423542613255, 'y': 6.7154958897552515, 'z': -11.924149058902794}
2026-06-01 11:55:23,822 - INFO - auto_fusion - main_auto_fusion.py - Creating fusion box...
2026-06-01 11:55:23,993 - INFO - auto_fusion - main_auto_fusion.py - Current moving image name: MR_for_CK
2026-06-01 11:55:24,169 - INFO - auto_fusion - main_auto_fusion.py - Fixed Bounding Box: [{'x': -32.9642578, 'y': -32.9642578, 'z': -32.2295}, {'x': 32.835729400000005, 'y': 32.835729400000005, 'z': 22.3955}]
2026-06-01 11:55:24,170 - INFO - auto_fusion - main_auto_fusion.py - Moving Bounding Box: [{'x': -13.198681000127078, 'y': -10.012421000000248, 'z': -14.1206}, {'x': 12.801191000000244, 'y': 15.987451000127074, 'z': -0.9206250000000011}]
2026-06-01 11:55:24,170 - INFO - auto_fusion - main_auto_fusion.py - Moving image transation: {'x': 0.34669503548955244, 'y': 3.6637166896918423, 'z': -9.320536558902793}
2026-06-01 11:55:24,170 - INFO - auto_fusion - main_auto_fusion.py - Creating registration for moving image named MR_for_CK...
2026-06-01 11:55:24,977 - INFO - auto_fusion - main_auto_fusion.py - Initial Alignment: {'YawDegrees': 0, 'PitchDegrees': 0, 'RollDegrees': 0, 'Translation': {'x': 0.34669503548955244, 'y': 3.6637166896918423, 'z': -9.320536558902793}, 'RotationCenter': {'x': 0, 'y': 0, 'z': 0}}
2026-06-01 11:56:07,062 - INFO - auto_fusion - AutoFusion.py - 

===== Finished AutoFusion =====


2026-06-02 13:08:48,448 - INFO - auto_fusion - AutoFusion.py - 

===== Running AutoFusion =====
2026-06-02 13:08:48,515 - INFO - auto_fusion - AutoFusion.py - Patient_ID: 10326199 || CaseName: Case 1
2026-06-02 13:08:48,520 - INFO - auto_fusion - AutoFusion.py - Current Windows User: NYUMC\MACMEW01
2026-06-02 13:08:48,585 - INFO - auto_fusion - main_auto_fusion.py - AutoFusion initialized...
2026-06-02 13:09:12,363 - INFO - auto_fusion - main_auto_fusion.py - Fusion Popup Selected Values: {'ReferenceImageName': 'ABDOMINAL LN', 'FusingImageName': ['CT 1'], 'TargetName': 'SpinalCord', 'RegistrtaionType': 'Frame of Reference'}
2026-06-02 13:09:12,489 - INFO - auto_fusion - main_auto_fusion.py - Running DSL model...
2026-06-02 13:09:12,524 - INFO - auto_fusion - main_auto_fusion.py - Target center of ROI target SpinalCord is: {'x': 0.21342653098081657, 'y': -1.5330995943034675, 'z': 6.589171512056521}
2026-06-02 13:09:12,576 - INFO - auto_fusion - main_auto_fusion.py - Creating fusion box...
2026-06-02 13:09:12,768 - INFO - auto_fusion - main_auto_fusion.py - Current moving image name: CT 1
2026-06-02 13:09:12,903 - INFO - auto_fusion - main_auto_fusion.py - Creating External ROI contours...
2026-06-02 13:09:15,440 - INFO - auto_fusion - main_auto_fusion.py - Running DSL model...
2026-06-02 13:09:15,459 - INFO - auto_fusion - main_auto_fusion.py - Fixed Bounding Box: [{'x': -40.078125, 'y': -40.078125, 'z': -42.5}, {'x': 39.921875, 'y': 39.921875, 'z': 24.25}]
2026-06-02 13:09:15,460 - INFO - auto_fusion - main_auto_fusion.py - Moving Bounding Box: [{'x': -25.0, 'y': -44.85, 'z': -92.75}, {'x': 25.0, 'y': 5.149999999999999, 'z': 0.5499999999999972}]
2026-06-02 13:09:15,460 - INFO - auto_fusion - main_auto_fusion.py - Moving image transation: {'x': 0.13530153098081657, 'y': 18.238775405696533, 'z': 43.564171512056525}
2026-06-02 13:09:15,460 - INFO - auto_fusion - main_auto_fusion.py - Creating registration for moving image named CT 1...
2026-06-02 13:09:21,849 - INFO - auto_fusion - main_auto_fusion.py - Initial Alignment: {'YawDegrees': 0, 'PitchDegrees': 0, 'RollDegrees': 0, 'Translation': {'x': 0.13530153098081657, 'y': 18.238775405696533, 'z': 43.564171512056525}, 'RotationCenter': {'x': 0, 'y': 0, 'z': 0}}
2026-06-02 13:10:08,711 - INFO - auto_fusion - AutoFusion.py - 

===== Finished AutoFusion =====


2026-06-03 10:29:19,554 - INFO - auto_fusion - AutoFusion.py - 

===== Running AutoFusion =====
2026-06-03 10:29:19,620 - INFO - auto_fusion - AutoFusion.py - Patient_ID: 9395694 || CaseName: Case 1
2026-06-03 10:29:19,627 - INFO - auto_fusion - AutoFusion.py - Current Windows User: NYUMC\WESTJ05
2026-06-03 10:29:19,698 - INFO - auto_fusion - main_auto_fusion.py - AutoFusion initialized...
2026-06-03 10:29:20,053 - INFO - auto_fusion - main_auto_fusion.py - Assigned target roi name to GTVp
2026-06-03 10:29:20,053 - INFO - auto_fusion - main_auto_fusion.py - Fusion popup window step skipped.
2026-06-03 10:29:20,193 - INFO - auto_fusion - main_auto_fusion.py - Target center of ROI target GTVp is: {'x': -0.6495884922637041, 'y': -0.5256302455221382, 'z': -3.738468318314064}
2026-06-03 10:29:20,214 - INFO - auto_fusion - main_auto_fusion.py - Creating fusion box...
2026-06-03 10:29:20,362 - INFO - auto_fusion - main_auto_fusion.py - Current moving image name: MR_for_CK
2026-06-03 10:29:20,430 - INFO - auto_fusion - main_auto_fusion.py - Fixed Bounding Box: [{'x': -32.563476550000004, 'y': -32.563476550000004, 'z': -25.15}, {'x': 32.43651064999999, 'y': 32.43651064999999, 'z': 22.475}]
2026-06-03 10:29:20,431 - INFO - auto_fusion - main_auto_fusion.py - Moving Bounding Box: [{'x': -14.322981000127076, 'y': -10.610481000000249, 'z': -5.35641}, {'x': 11.676891000000246, 'y': 15.389391000127073, 'z': 6.343589999999917}]
2026-06-03 10:29:20,431 - INFO - auto_fusion - main_auto_fusion.py - Moving image transation: {'x': 0.6099735577997025, 'y': -2.9785681955855585, 'z': -5.569558318314021}
2026-06-03 10:29:20,431 - INFO - auto_fusion - main_auto_fusion.py - Creating registration for moving image named MR_for_CK...
2026-06-03 10:29:21,186 - INFO - auto_fusion - main_auto_fusion.py - Initial Alignment: {'YawDegrees': 0, 'PitchDegrees': 0, 'RollDegrees': 0, 'Translation': {'x': 0.6099735577997025, 'y': -2.9785681955855585, 'z': -5.569558318314021}, 'RotationCenter': {'x': 0, 'y': 0, 'z': 0}}
2026-06-03 10:29:56,287 - INFO - auto_fusion - AutoFusion.py - 

===== Finished AutoFusion =====


2026-06-03 11:09:53,358 - INFO - auto_fusion - AutoFusion.py - 

===== Running AutoFusion =====
2026-06-03 11:09:53,424 - INFO - auto_fusion - AutoFusion.py - Patient_ID: 12443789 || CaseName: Case 1
2026-06-03 11:09:53,428 - INFO - auto_fusion - AutoFusion.py - Current Windows User: NYUMC\WESTJ05
2026-06-03 11:09:53,499 - INFO - auto_fusion - main_auto_fusion.py - AutoFusion initialized...
2026-06-03 11:09:53,790 - INFO - auto_fusion - main_auto_fusion.py - Assigned target roi name to GTVp
2026-06-03 11:09:53,790 - INFO - auto_fusion - main_auto_fusion.py - Fusion popup window step skipped.
2026-06-03 11:09:53,925 - INFO - auto_fusion - main_auto_fusion.py - Target center of ROI target GTVp is: {'x': -0.41199139568412063, 'y': 4.164744629402644, 'z': -9.980499264272368}
2026-06-03 11:09:53,946 - INFO - auto_fusion - main_auto_fusion.py - Creating fusion box...
2026-06-03 11:09:54,097 - INFO - auto_fusion - main_auto_fusion.py - Current moving image name: MR_for_CK
2026-06-03 11:09:54,148 - INFO - auto_fusion - main_auto_fusion.py - Fixed Bounding Box: [{'x': -32.563476550000004, 'y': -32.563476550000004, 'z': -31.975}, {'x': 32.43651064999999, 'y': 32.43651064999999, 'z': 16.9}]
2026-06-03 11:09:54,148 - INFO - auto_fusion - main_auto_fusion.py - Moving Bounding Box: [{'x': -9.472300720278273, 'y': -8.81953125006395, 'z': -12.793912887573}, {'x': 16.52769927984905, 'y': 17.180468750063373, 'z': -1.0939128875732003}]
2026-06-03 11:09:54,149 - INFO - auto_fusion - main_auto_fusion.py - Moving image transation: {'x': -4.0031736254695165, 'y': -0.07920707059707599, 'z': -10.574086376699269}
2026-06-03 11:09:54,149 - INFO - auto_fusion - main_auto_fusion.py - Creating registration for moving image named MR_for_CK...
2026-06-03 11:09:54,822 - INFO - auto_fusion - main_auto_fusion.py - Initial Alignment: {'YawDegrees': 0, 'PitchDegrees': 0, 'RollDegrees': 0, 'Translation': {'x': -4.0031736254695165, 'y': -0.07920707059707599, 'z': -10.574086376699269}, 'RotationCenter': {'x': 0, 'y': 0, 'z': 0}}
2026-06-03 11:10:46,152 - INFO - auto_fusion - AutoFusion.py - 

===== Finished AutoFusion =====


2026-06-03 12:09:45,602 - INFO - auto_fusion - AutoFusion.py - 

===== Running AutoFusion =====
2026-06-03 12:09:45,669 - INFO - auto_fusion - AutoFusion.py - Patient_ID: 12463156 || CaseName: Case 2
2026-06-03 12:09:45,673 - INFO - auto_fusion - AutoFusion.py - Current Windows User: NYUMC\WESTJ05
2026-06-03 12:09:45,742 - INFO - auto_fusion - main_auto_fusion.py - AutoFusion initialized...
2026-06-03 12:09:46,056 - INFO - auto_fusion - main_auto_fusion.py - Assigned target roi name to GTVp
2026-06-03 12:09:46,056 - INFO - auto_fusion - main_auto_fusion.py - Fusion popup window step skipped.
2026-06-03 12:09:46,197 - INFO - auto_fusion - main_auto_fusion.py - Target center of ROI target GTVp is: {'x': -0.07293738544881927, 'y': 0.7928254009065341, 'z': -10.681975550455338}
2026-06-03 12:09:46,215 - INFO - auto_fusion - main_auto_fusion.py - Creating fusion box...
2026-06-03 12:09:46,369 - INFO - auto_fusion - main_auto_fusion.py - Current moving image name: MR_for_CK
2026-06-03 12:09:46,423 - INFO - auto_fusion - main_auto_fusion.py - Fixed Bounding Box: [{'x': -32.563476550000004, 'y': -32.563476550000004, 'z': -32.05}, {'x': 32.43651064999999, 'y': 32.43651064999999, 'z': 16.950000000000003}]
2026-06-03 12:09:46,423 - INFO - auto_fusion - main_auto_fusion.py - Moving Bounding Box: [{'x': -13.040072655677443, 'y': -13.534958171844442, 'z': -8.652104949951099}, {'x': 12.559928679466397, 'y': 12.065043163299398, 'z': 6.0478950500488295}]
2026-06-03 12:09:46,423 - INFO - auto_fusion - main_auto_fusion.py - Moving image transation: {'x': 0.10365165265669579, 'y': 1.464299955179048, 'z': -16.929870600504202}
2026-06-03 12:09:46,423 - INFO - auto_fusion - main_auto_fusion.py - Creating registration for moving image named MR_for_CK...
2026-06-03 12:09:47,029 - INFO - auto_fusion - main_auto_fusion.py - Initial Alignment: {'YawDegrees': 0, 'PitchDegrees': 0, 'RollDegrees': 0, 'Translation': {'x': 0.10365165265669579, 'y': 1.464299955179048, 'z': -16.929870600504202}, 'RotationCenter': {'x': 0, 'y': 0, 'z': 0}}
2026-06-03 12:10:21,764 - INFO - auto_fusion - AutoFusion.py - 

===== Finished AutoFusion =====


2026-06-03 15:03:02,250 - INFO - auto_fusion - AutoFusion.py - 

===== Running AutoFusion =====
2026-06-03 15:03:02,332 - INFO - auto_fusion - AutoFusion.py - Patient_ID: 13152099 || CaseName: Case 2
2026-06-03 15:03:02,338 - INFO - auto_fusion - AutoFusion.py - Current Windows User: NYUMC\MACMEW01
2026-06-03 15:03:02,513 - INFO - auto_fusion - main_auto_fusion.py - AutoFusion initialized...
2026-06-03 15:03:28,275 - INFO - auto_fusion - main_auto_fusion.py - Fusion Popup Selected Values: {'ReferenceImageName': 'BRAIN', 'FusingImageName': ['CT 1'], 'TargetName': 'Brain', 'RegistrtaionType': 'Frame of Reference'}
2026-06-03 15:03:28,582 - INFO - auto_fusion - main_auto_fusion.py - Running DSL model...
2026-06-03 15:03:28,630 - INFO - auto_fusion - main_auto_fusion.py - Target center of ROI target Brain is: {'x': 0.4682653677351047, 'y': -0.6461834266356414, 'z': -0.09345987628235143}
2026-06-03 15:03:28,666 - INFO - auto_fusion - main_auto_fusion.py - Creating fusion box...
2026-06-03 15:03:29,138 - INFO - auto_fusion - main_auto_fusion.py - Current moving image name: CT 1
2026-06-03 15:03:29,454 - INFO - auto_fusion - main_auto_fusion.py - Creating External ROI contours...
2026-06-03 15:03:32,092 - INFO - auto_fusion - main_auto_fusion.py - Running DSL model...
2026-06-03 15:04:02,887 - INFO - auto_fusion - main_auto_fusion.py - Fixed Bounding Box: [{'x': -39.8777344, 'y': -39.8777344, 'z': -21.0}, {'x': 39.72229120000001, 'y': 39.72229120000001, 'z': 18.5}]
2026-06-03 15:04:02,894 - INFO - auto_fusion - main_auto_fusion.py - Moving Bounding Box: [{'x': -40.078125, 'y': -40.078125, 'z': -23.75}, {'x': 39.921875, 'y': 39.921875, 'z': 12.125}]
2026-06-03 15:04:02,895 - INFO - auto_fusion - main_auto_fusion.py - Moving image transation: {'x': 0.46866876773510796, 'y': -0.6457800266356382, 'z': 4.469040123717648}
2026-06-03 15:04:02,895 - INFO - auto_fusion - main_auto_fusion.py - Creating registration for moving image named CT 1...
2026-06-03 15:04:04,772 - INFO - auto_fusion - main_auto_fusion.py - Initial Alignment: {'YawDegrees': 0, 'PitchDegrees': 0, 'RollDegrees': 0, 'Translation': {'x': 0.46866876773510796, 'y': -0.6457800266356382, 'z': 4.469040123717648}, 'RotationCenter': {'x': 0, 'y': 0, 'z': 0}}
2026-06-03 15:04:30,827 - INFO - auto_fusion - AutoFusion.py - 

===== Finished AutoFusion =====


2026-06-04 06:23:02,134 - INFO - auto_fusion - AutoFusion.py - 

===== Running AutoFusion =====
2026-06-04 06:23:02,201 - INFO - auto_fusion - AutoFusion.py - Patient_ID: 9365331 || CaseName: Case 1
2026-06-04 06:23:02,205 - INFO - auto_fusion - AutoFusion.py - Current Windows User: NYUMC\WESTJ05
2026-06-04 06:23:02,266 - INFO - auto_fusion - main_auto_fusion.py - AutoFusion initialized...
2026-06-04 06:23:02,455 - INFO - auto_fusion - main_auto_fusion.py - Assigned target roi name to Brain
2026-06-04 06:23:02,455 - INFO - auto_fusion - main_auto_fusion.py - Fusion popup window step skipped.
2026-06-04 06:23:02,625 - INFO - auto_fusion - main_auto_fusion.py - Target center of ROI target Brain is: {'x': -0.7144537755959715, 'y': 2.422789726276405, 'z': 4.6321077323737585}
2026-06-04 06:23:02,756 - INFO - auto_fusion - main_auto_fusion.py - Creating fusion box...
2026-06-04 06:23:02,877 - INFO - auto_fusion - main_auto_fusion.py - Current moving image name: MR_for_CK
2026-06-04 06:23:02,909 - INFO - auto_fusion - main_auto_fusion.py - Fixed Bounding Box: [{'x': -25.0488281, 'y': -25.0488281, 'z': -20.125}, {'x': 24.951146299999998, 'y': 24.951146299999998, 'z': 22.5}]
2026-06-04 06:23:02,910 - INFO - auto_fusion - main_auto_fusion.py - Moving Bounding Box: [{'x': -13.648376705121844, 'y': -14.006981259781863, 'z': -9.097159999999999}, {'x': 13.936496317263959, 'y': 13.57789176260394, 'z': 10.0028}]
2026-06-04 06:23:02,910 - INFO - auto_fusion - main_auto_fusion.py - Moving image transation: {'x': -0.9073544816670307, 'y': 2.588493574865365, 'z': 5.366787732373758}
2026-06-04 06:23:02,910 - INFO - auto_fusion - main_auto_fusion.py - Creating registration for moving image named MR_for_CK...
2026-06-04 06:23:03,508 - INFO - auto_fusion - main_auto_fusion.py - Initial Alignment: {'YawDegrees': 0, 'PitchDegrees': 0, 'RollDegrees': 0, 'Translation': {'x': -0.9073544816670307, 'y': 2.588493574865365, 'z': 5.366787732373758}, 'RotationCenter': {'x': 0, 'y': 0, 'z': 0}}
2026-06-04 06:23:36,109 - INFO - auto_fusion - AutoFusion.py - 

===== Finished AutoFusion =====


2026-06-04 11:07:58,614 - INFO - auto_fusion - AutoFusion.py - 

===== Running AutoFusion =====
2026-06-04 11:07:58,695 - INFO - auto_fusion - AutoFusion.py - Patient_ID: 13885804 || CaseName: Case 1
2026-06-04 11:07:58,699 - INFO - auto_fusion - AutoFusion.py - Current Windows User: NYUMC\WESTJ05
2026-06-04 11:07:58,773 - INFO - auto_fusion - main_auto_fusion.py - AutoFusion initialized...
2026-06-04 11:07:59,112 - INFO - auto_fusion - main_auto_fusion.py - Assigned target roi name to GTVp
2026-06-04 11:07:59,112 - INFO - auto_fusion - main_auto_fusion.py - Fusion popup window step skipped.
2026-06-04 11:07:59,252 - INFO - auto_fusion - main_auto_fusion.py - Target center of ROI target GTVp is: {'x': -0.5806067382593543, 'y': 0.9159886491541174, 'z': -7.644670141769505}
2026-06-04 11:07:59,270 - INFO - auto_fusion - main_auto_fusion.py - Creating fusion box...
2026-06-04 11:07:59,481 - INFO - auto_fusion - main_auto_fusion.py - Current moving image name: MR_for_CK
2026-06-04 11:07:59,575 - INFO - auto_fusion - main_auto_fusion.py - Fixed Bounding Box: [{'x': -32.563476550000004, 'y': -32.563476550000004, 'z': -28.875}, {'x': 32.43651064999999, 'y': 32.43651064999999, 'z': 20.375}]
2026-06-04 11:07:59,575 - INFO - auto_fusion - main_auto_fusion.py - Moving Bounding Box: [{'x': -13.581156015395441, 'y': -13.625140762328442, 'z': -4.323447418212799}, {'x': 12.018845319748399, 'y': 11.974860572815398, 'z': 10.376552581787099}]
2026-06-04 11:07:59,575 - INFO - auto_fusion - main_auto_fusion.py - Moving image transation: {'x': 0.13706565956415884, 'y': 1.6776457939106313, 'z': -14.921222723556657}
2026-06-04 11:07:59,576 - INFO - auto_fusion - main_auto_fusion.py - Creating registration for moving image named MR_for_CK...
2026-06-04 11:08:00,456 - INFO - auto_fusion - main_auto_fusion.py - Initial Alignment: {'YawDegrees': 0, 'PitchDegrees': 0, 'RollDegrees': 0, 'Translation': {'x': 0.13706565956415884, 'y': 1.6776457939106313, 'z': -14.921222723556657}, 'RotationCenter': {'x': 0, 'y': 0, 'z': 0}}
2026-06-04 11:08:55,746 - INFO - auto_fusion - AutoFusion.py - 

===== Finished AutoFusion =====


2026-06-08 10:36:39,808 - INFO - auto_fusion - AutoFusion.py - 

===== Running AutoFusion =====
2026-06-08 10:36:39,910 - INFO - auto_fusion - AutoFusion.py - Patient_ID: 17952143 || CaseName: Case 1
2026-06-08 10:36:39,915 - INFO - auto_fusion - AutoFusion.py - Current Windows User: NYUMC\WESTJ05
2026-06-08 10:36:39,984 - INFO - auto_fusion - main_auto_fusion.py - AutoFusion initialized...
2026-06-08 10:36:40,195 - INFO - auto_fusion - main_auto_fusion.py - Assigned target roi name to GTVp
2026-06-08 10:36:40,196 - INFO - auto_fusion - main_auto_fusion.py - Fusion popup window step skipped.
2026-06-08 10:36:40,329 - INFO - auto_fusion - main_auto_fusion.py - Target center of ROI target GTVp is: {'x': 0.4855024581199239, 'y': 3.0947528440169405, 'z': -4.875268498747954}
2026-06-08 10:36:40,351 - INFO - auto_fusion - main_auto_fusion.py - Creating fusion box...
2026-06-08 10:36:40,521 - INFO - auto_fusion - main_auto_fusion.py - Current moving image name: MR_for_CK
2026-06-08 10:36:40,554 - INFO - auto_fusion - main_auto_fusion.py - Fixed Bounding Box: [{'x': -34.9180664, 'y': -34.9180664, 'z': -28.1045}, {'x': 34.7819272, 'y': 34.7819272, 'z': 24.8955}]
2026-06-08 10:36:40,555 - INFO - auto_fusion - main_auto_fusion.py - Moving Bounding Box: [{'x': -12.896481000127075, 'y': -9.64138100000025, 'z': -2.1031400000000002}, {'x': 13.103391000000247, 'y': 16.358491000127074, 'z': 9.59686}]
2026-06-08 10:36:40,555 - INFO - auto_fusion - main_auto_fusion.py - Moving image transation: {'x': 0.31397785818333657, 'y': -0.3318717560464739, 'z': -10.226628498747955}
2026-06-08 10:36:40,555 - INFO - auto_fusion - main_auto_fusion.py - Creating registration for moving image named MR_for_CK...
2026-06-08 10:36:41,502 - INFO - auto_fusion - main_auto_fusion.py - Initial Alignment: {'YawDegrees': 0, 'PitchDegrees': 0, 'RollDegrees': 0, 'Translation': {'x': 0.31397785818333657, 'y': -0.3318717560464739, 'z': -10.226628498747955}, 'RotationCenter': {'x': 0, 'y': 0, 'z': 0}}
2026-06-08 10:37:29,912 - INFO - auto_fusion - AutoFusion.py - 

===== Finished AutoFusion =====


2026-06-08 11:01:27,818 - INFO - auto_fusion - AutoFusion.py - 

===== Running AutoFusion =====
2026-06-08 11:01:27,885 - INFO - auto_fusion - AutoFusion.py - Patient_ID: 17962040 || CaseName: Case 1
2026-06-08 11:01:27,889 - INFO - auto_fusion - AutoFusion.py - Current Windows User: NYUMC\WESTJ05
2026-06-08 11:01:27,953 - INFO - auto_fusion - main_auto_fusion.py - AutoFusion initialized...
2026-06-08 11:01:28,148 - INFO - auto_fusion - main_auto_fusion.py - Assigned target roi name to GTVp
2026-06-08 11:01:28,148 - INFO - auto_fusion - main_auto_fusion.py - Fusion popup window step skipped.
2026-06-08 11:01:28,282 - INFO - auto_fusion - main_auto_fusion.py - Target center of ROI target GTVp is: {'x': 0.47352913303498945, 'y': 2.240062818155746, 'z': -8.326536539774493}
2026-06-08 11:01:28,317 - INFO - auto_fusion - main_auto_fusion.py - Creating fusion box...
2026-06-08 11:01:28,458 - INFO - auto_fusion - main_auto_fusion.py - Current moving image name: MR_for_CK
2026-06-08 11:01:28,486 - INFO - auto_fusion - main_auto_fusion.py - Fixed Bounding Box: [{'x': -40.078125, 'y': -40.078125, 'z': -28.456}, {'x': 39.921875, 'y': 39.921875, 'z': 26.044}]
2026-06-08 11:01:28,486 - INFO - auto_fusion - main_auto_fusion.py - Moving Bounding Box: [{'x': -13.851697063445442, 'y': -14.617122173308442, 'z': -8.2913841247558}, {'x': 11.748304271698398, 'y': 10.982879161835399, 'z': 6.408615875244141}]
2026-06-08 11:01:28,486 - INFO - auto_fusion - main_auto_fusion.py - Moving image transation: {'x': 1.4471005289085115, 'y': 3.979059323892267, 'z': -8.591152415018662}
2026-06-08 11:01:28,486 - INFO - auto_fusion - main_auto_fusion.py - Creating registration for moving image named MR_for_CK...
2026-06-08 11:01:29,041 - INFO - auto_fusion - main_auto_fusion.py - Initial Alignment: {'YawDegrees': 0, 'PitchDegrees': 0, 'RollDegrees': 0, 'Translation': {'x': 1.4471005289085115, 'y': 3.979059323892267, 'z': -8.591152415018662}, 'RotationCenter': {'x': 0, 'y': 0, 'z': 0}}
2026-06-08 11:02:32,499 - INFO - auto_fusion - AutoFusion.py - 

===== Finished AutoFusion =====


2026-06-08 13:04:23,728 - INFO - auto_fusion - AutoFusion.py - 

===== Running AutoFusion =====
2026-06-08 13:04:23,794 - INFO - auto_fusion - AutoFusion.py - Patient_ID: 17851315 || CaseName: Case 1
2026-06-08 13:04:23,798 - INFO - auto_fusion - AutoFusion.py - Current Windows User: NYUMC\WESTJ05
2026-06-08 13:04:23,883 - INFO - auto_fusion - main_auto_fusion.py - AutoFusion initialized...
2026-06-08 13:04:24,130 - INFO - auto_fusion - main_auto_fusion.py - Assigned target roi name to GTVp
2026-06-08 13:04:24,130 - INFO - auto_fusion - main_auto_fusion.py - Fusion popup window step skipped.
2026-06-08 13:04:24,259 - INFO - auto_fusion - main_auto_fusion.py - Target center of ROI target GTVp is: {'x': 0.6256142232491096, 'y': 0.430543949230351, 'z': -12.08985214146982}
2026-06-08 13:04:24,273 - INFO - auto_fusion - main_auto_fusion.py - Creating fusion box...
2026-06-08 13:04:24,431 - INFO - auto_fusion - main_auto_fusion.py - Current moving image name: MR_for_CK
2026-06-08 13:04:24,483 - INFO - auto_fusion - main_auto_fusion.py - Fixed Bounding Box: [{'x': -40.078125, 'y': -40.078125, 'z': -27.494}, {'x': 39.921875, 'y': 39.921875, 'z': 25.631}]
2026-06-08 13:04:24,483 - INFO - auto_fusion - main_auto_fusion.py - Moving Bounding Box: [{'x': -11.416826534270442, 'y': -13.62513809204044, 'z': -11.177153778076}, {'x': 14.183174800873399, 'y': 11.9748632431034, 'z': 3.522846221923828}]
2026-06-08 13:04:24,483 - INFO - auto_fusion - main_auto_fusion.py - Moving image transation: {'x': -0.835684910052369, 'y': 1.1775563736988715, 'z': -9.194198363393733}
2026-06-08 13:04:24,483 - INFO - auto_fusion - main_auto_fusion.py - Creating registration for moving image named MR_for_CK...
2026-06-08 13:04:25,246 - INFO - auto_fusion - main_auto_fusion.py - Initial Alignment: {'YawDegrees': 0, 'PitchDegrees': 0, 'RollDegrees': 0, 'Translation': {'x': -0.835684910052369, 'y': 1.1775563736988715, 'z': -9.194198363393733}, 'RotationCenter': {'x': 0, 'y': 0, 'z': 0}}
2026-06-08 13:05:08,752 - INFO - auto_fusion - AutoFusion.py - 

===== Finished AutoFusion =====


2026-06-08 13:12:57,464 - INFO - auto_fusion - AutoFusion.py - 

===== Running AutoFusion =====
2026-06-08 13:12:57,531 - INFO - auto_fusion - AutoFusion.py - Patient_ID: 11193755 || CaseName: Case 1
2026-06-08 13:12:57,536 - INFO - auto_fusion - AutoFusion.py - Current Windows User: NYUMC\MACMEW01
2026-06-08 13:12:57,638 - INFO - auto_fusion - main_auto_fusion.py - AutoFusion initialized...
2026-06-08 13:13:59,532 - INFO - auto_fusion - main_auto_fusion.py - Fusion Popup Selected Values: {'ReferenceImageName': 'CT 1', 'FusingImageName': ['CT 11'], 'TargetName': 'Heart', 'RegistrtaionType': 'Frame of Reference'}
2026-06-08 13:14:00,070 - INFO - auto_fusion - main_auto_fusion.py - Creating External ROI contours...
2026-06-08 13:14:01,561 - INFO - auto_fusion - main_auto_fusion.py - Running DSL model...
2026-06-08 13:14:20,888 - INFO - auto_fusion - main_auto_fusion.py - Target center of ROI target Heart is: {'x': 0.8976475420084599, 'y': -0.7684086366755851, 'z': -6.835316084389785}
2026-06-08 13:14:20,956 - INFO - auto_fusion - main_auto_fusion.py - Creating fusion box...
2026-06-08 13:14:21,145 - INFO - auto_fusion - main_auto_fusion.py - Current moving image name: CT 11
2026-06-08 13:14:21,845 - INFO - auto_fusion - main_auto_fusion.py - Creating External ROI contours...
2026-06-08 13:14:23,199 - INFO - auto_fusion - main_auto_fusion.py - Running DSL model...
2026-06-08 13:14:43,210 - INFO - auto_fusion - main_auto_fusion.py - Fixed Bounding Box: [{'x': -40.078125, 'y': -40.078125, 'z': -7.525}, {'x': 39.921875, 'y': 39.921875, 'z': 6.225}]
2026-06-08 13:14:43,211 - INFO - auto_fusion - main_auto_fusion.py - Moving Bounding Box: [{'x': -40.078125, 'y': -40.078125, 'z': -7.525}, {'x': 39.921875, 'y': 39.921875, 'z': 6.225}]
2026-06-08 13:14:43,211 - INFO - auto_fusion - main_auto_fusion.py - Moving image transation: {'x': 0.8976475420084599, 'y': -0.7684086366755851, 'z': -6.835316084389785}
2026-06-08 13:14:43,211 - INFO - auto_fusion - main_auto_fusion.py - Creating registration for moving image named CT 11...
2026-06-08 13:14:50,462 - INFO - auto_fusion - main_auto_fusion.py - Initial Alignment: {'YawDegrees': 0, 'PitchDegrees': 0, 'RollDegrees': 0, 'Translation': {'x': 0.8976475420084599, 'y': -0.7684086366755851, 'z': -6.835316084389785}, 'RotationCenter': {'x': 0, 'y': 0, 'z': 0}}
2026-06-08 13:15:02,567 - INFO - auto_fusion - AutoFusion.py - 

===== Finished AutoFusion =====


2026-06-08 13:18:52,200 - INFO - auto_fusion - AutoFusion.py - 

===== Running AutoFusion =====
2026-06-08 13:18:52,266 - INFO - auto_fusion - AutoFusion.py - Patient_ID: 11193755 || CaseName: Case 1
2026-06-08 13:18:52,270 - INFO - auto_fusion - AutoFusion.py - Current Windows User: NYUMC\MACMEW01
2026-06-08 13:18:52,375 - INFO - auto_fusion - main_auto_fusion.py - AutoFusion initialized...
2026-06-08 13:19:14,799 - INFO - auto_fusion - main_auto_fusion.py - Fusion Popup Selected Values: {'ReferenceImageName': 'CT 1', 'FusingImageName': ['CT 11'], 'TargetName': 'Esophagus', 'RegistrtaionType': 'Frame of Reference'}
2026-06-08 13:19:15,281 - INFO - auto_fusion - main_auto_fusion.py - Running DSL model...
2026-06-08 13:19:37,426 - INFO - auto_fusion - main_auto_fusion.py - Target center of ROI target Esophagus is: {'x': 1.1667998779101947, 'y': 2.771720788878983, 'z': -0.9950240575147119}
2026-06-08 13:19:37,472 - INFO - auto_fusion - main_auto_fusion.py - Creating fusion box...
2026-06-08 13:19:37,644 - INFO - auto_fusion - main_auto_fusion.py - Current moving image name: CT 11
2026-06-08 13:19:37,932 - INFO - auto_fusion - main_auto_fusion.py - Running DSL model...
2026-06-08 13:20:01,140 - INFO - auto_fusion - main_auto_fusion.py - Fixed Bounding Box: [{'x': -40.078125, 'y': -40.078125, 'z': -7.525}, {'x': 39.921875, 'y': 39.921875, 'z': 6.225}]
2026-06-08 13:20:01,148 - INFO - auto_fusion - main_auto_fusion.py - Moving Bounding Box: [{'x': -40.078125, 'y': -40.078125, 'z': -7.525}, {'x': 39.921875, 'y': 39.921875, 'z': 6.225}]
2026-06-08 13:20:01,148 - INFO - auto_fusion - main_auto_fusion.py - Moving image transation: {'x': 1.1667998779101947, 'y': 2.771720788878983, 'z': -0.995024057514712}
2026-06-08 13:20:01,148 - INFO - auto_fusion - main_auto_fusion.py - Creating registration for moving image named CT 11...
2026-06-08 13:21:20,077 - INFO - auto_fusion - main_auto_fusion.py - Initial Alignment: {'YawDegrees': 0, 'PitchDegrees': 0, 'RollDegrees': 0, 'Translation': {'x': 1.1667998779101947, 'y': 2.771720788878983, 'z': -0.995024057514712}, 'RotationCenter': {'x': 0, 'y': 0, 'z': 0}}
2026-06-08 13:21:33,841 - INFO - auto_fusion - AutoFusion.py - 

===== Finished AutoFusion =====


2026-06-09 12:59:48,442 - INFO - auto_fusion - AutoFusion.py - 

===== Running AutoFusion =====
2026-06-09 12:59:48,510 - INFO - auto_fusion - AutoFusion.py - Patient_ID: 10322510 || CaseName: Case 1
2026-06-09 12:59:48,514 - INFO - auto_fusion - AutoFusion.py - Current Windows User: NYUMC\WESTJ05
2026-06-09 12:59:48,582 - INFO - auto_fusion - main_auto_fusion.py - AutoFusion initialized...
2026-06-09 13:00:08,807 - INFO - auto_fusion - main_auto_fusion.py - Fusion Popup Selected Values: {'ReferenceImageName': 'SKULL', 'FusingImageName': ['MR 1'], 'TargetName': 'External', 'RegistrtaionType': 'Frame of Reference'}
2026-06-09 13:00:08,994 - INFO - auto_fusion - main_auto_fusion.py - Running DSL model...
2026-06-09 13:00:09,093 - INFO - auto_fusion - main_auto_fusion.py - Target center of ROI target External is: {'x': 0.28482916907580585, 'y': -1.7618199385992783, 'z': -5.014231575275202}
2026-06-09 13:00:09,189 - INFO - auto_fusion - main_auto_fusion.py - Creating fusion box...
2026-06-09 13:00:09,439 - INFO - auto_fusion - main_auto_fusion.py - Current moving image name: MR 1
2026-06-09 13:00:09,584 - INFO - auto_fusion - main_auto_fusion.py - Fixed Bounding Box: [{'x': -25.0488281, 'y': -25.0488281, 'z': -15.75}, {'x': 24.951146299999998, 'y': 24.951146299999998, 'z': 13.5}]
2026-06-09 13:00:09,584 - INFO - auto_fusion - main_auto_fusion.py - Moving Bounding Box: [{'x': -13.67987209703243, 'y': -17.365404393125914, 'z': -6.523481415104217}, {'x': 14.536672665475383, 'y': 11.73893106399861, 'z': 14.441734734882509}]
2026-06-09 13:00:09,584 - INFO - auto_fusion - main_auto_fusion.py - Moving image transation: {'x': -0.19241201514567247, 'y': 1.0025758259643718, 'z': -10.098358235164348}
2026-06-09 13:00:09,584 - INFO - auto_fusion - main_auto_fusion.py - Creating registration for moving image named MR 1...
2026-06-09 13:00:12,151 - INFO - auto_fusion - main_auto_fusion.py - Initial Alignment: {'YawDegrees': 0, 'PitchDegrees': 0, 'RollDegrees': 0, 'Translation': {'x': -0.19241201514567247, 'y': 1.0025758259643718, 'z': -10.098358235164348}, 'RotationCenter': {'x': 0, 'y': 0, 'z': 0}}
2026-06-09 13:00:53,028 - INFO - auto_fusion - AutoFusion.py - 

===== Finished AutoFusion =====


2026-06-10 13:00:39,110 - INFO - auto_fusion - AutoFusion.py - 

===== Running AutoFusion =====
2026-06-10 13:00:39,178 - INFO - auto_fusion - AutoFusion.py - Patient_ID: 10342312 || CaseName: Case 1
2026-06-10 13:00:39,182 - INFO - auto_fusion - AutoFusion.py - Current Windows User: NYUMC\WESTJ05
2026-06-10 13:00:39,255 - INFO - auto_fusion - main_auto_fusion.py - AutoFusion initialized...
2026-06-10 13:00:39,719 - INFO - auto_fusion - main_auto_fusion.py - Assigned target roi name to GTVp
2026-06-10 13:00:39,719 - INFO - auto_fusion - main_auto_fusion.py - Fusion popup window step skipped.
2026-06-10 13:00:39,862 - INFO - auto_fusion - main_auto_fusion.py - Target center of ROI target GTVp is: {'x': -0.39053832640390906, 'y': 1.1997673201770094, 'z': -6.294443307545293}
2026-06-10 13:00:39,886 - INFO - auto_fusion - main_auto_fusion.py - Creating fusion box...
2026-06-10 13:00:40,116 - INFO - auto_fusion - main_auto_fusion.py - Current moving image name: MR_for_CK
2026-06-10 13:00:40,260 - INFO - auto_fusion - main_auto_fusion.py - Fixed Bounding Box: [{'x': -32.563476550000004, 'y': -32.563476550000004, 'z': -28.35}, {'x': 32.43651064999999, 'y': 32.43651064999999, 'z': 21.525}]
2026-06-10 13:00:40,261 - INFO - auto_fusion - main_auto_fusion.py - Moving Bounding Box: [{'x': -10.893981000127074, 'y': -11.087681000000249, 'z': -0.0932091}, {'x': 15.105891000000248, 'y': 14.912191000127073, 'z': 11.6068}]
2026-06-10 13:00:40,261 - INFO - auto_fusion - main_auto_fusion.py - Moving image transation: {'x': -2.5599762763405045, 'y': -0.7759706298864111, 'z': -15.463738757545293}
2026-06-10 13:00:40,261 - INFO - auto_fusion - main_auto_fusion.py - Creating registration for moving image named MR_for_CK...
2026-06-10 13:00:41,203 - INFO - auto_fusion - main_auto_fusion.py - Initial Alignment: {'YawDegrees': 0, 'PitchDegrees': 0, 'RollDegrees': 0, 'Translation': {'x': -2.5599762763405045, 'y': -0.7759706298864111, 'z': -15.463738757545293}, 'RotationCenter': {'x': 0, 'y': 0, 'z': 0}}
2026-06-10 13:01:26,907 - INFO - auto_fusion - AutoFusion.py - 

===== Finished AutoFusion =====


2026-06-11 09:58:55,424 - INFO - auto_fusion - AutoFusion.py - 

===== Running AutoFusion =====
2026-06-11 09:58:55,491 - INFO - auto_fusion - AutoFusion.py - Patient_ID: 14543580 || CaseName: Case 1
2026-06-11 09:58:55,495 - INFO - auto_fusion - AutoFusion.py - Current Windows User: NYUMC\WESTJ05
2026-06-11 09:58:55,520 - INFO - auto_fusion - main_auto_fusion.py - AutoFusion initialized...
2026-06-11 09:59:12,072 - INFO - auto_fusion - main_auto_fusion.py - Fusion Popup Selected Values: {'ReferenceImageName': 'ABD/VAGINA', 'FusingImageName': ['CT_3.30.26'], 'TargetName': 'External', 'RegistrtaionType': 'Frame of Reference'}
2026-06-11 09:59:12,137 - INFO - auto_fusion - main_auto_fusion.py - Running DSL model...
2026-06-11 09:59:12,264 - INFO - auto_fusion - main_auto_fusion.py - Target center of ROI target External is: {'x': -0.9598748233837124, 'y': 0.5086863766509842, 'z': 1.33909426749559}
2026-06-11 09:59:12,404 - INFO - auto_fusion - main_auto_fusion.py - Creating fusion box...
2026-06-11 09:59:12,629 - INFO - auto_fusion - main_auto_fusion.py - Current moving image name: CT_3.30.26
2026-06-11 09:59:12,736 - INFO - auto_fusion - main_auto_fusion.py - Creating External ROI contours...
2026-06-11 09:59:14,360 - INFO - auto_fusion - main_auto_fusion.py - Running DSL model...
2026-06-11 09:59:14,441 - INFO - auto_fusion - main_auto_fusion.py - Fixed Bounding Box: [{'x': -32.563476550000004, 'y': -32.563476550000004, 'z': -31.95}, {'x': 32.43651064999999, 'y': 32.43651064999999, 'z': 30.8}]
2026-06-11 09:59:14,441 - INFO - auto_fusion - main_auto_fusion.py - Moving Bounding Box: [{'x': -19.0808, 'y': -35.1508, 'z': 140.9041}, {'x': 17.1208, 'y': 1.0508000000000024, 'z': 186.10410000000002}]
2026-06-11 09:59:14,441 - INFO - auto_fusion - main_auto_fusion.py - Moving image transation: {'x': -0.043357773383720044, 'y': 17.495203426650974, 'z': -162.74000573250441}
2026-06-11 09:59:14,442 - INFO - auto_fusion - main_auto_fusion.py - Creating registration for moving image named CT_3.30.26...
2026-06-11 09:59:15,422 - INFO - auto_fusion - main_auto_fusion.py - Initial Alignment: {'YawDegrees': 180, 'PitchDegrees': 0, 'RollDegrees': 0, 'Translation': {'x': -0.043357773383720044, 'y': 17.495203426650974, 'z': -162.74000573250441}, 'RotationCenter': {'x': 0, 'y': 0, 'z': 0}}
2026-06-11 10:00:31,077 - INFO - auto_fusion - AutoFusion.py - 

===== Finished AutoFusion =====


2026-06-11 15:44:08,751 - INFO - auto_fusion - AutoFusion.py - 

===== Running AutoFusion =====
2026-06-11 15:44:08,818 - INFO - auto_fusion - AutoFusion.py - Patient_ID: 11597434 || CaseName: Case 1
2026-06-11 15:44:08,822 - INFO - auto_fusion - AutoFusion.py - Current Windows User: NYUMC\MACMEW01
2026-06-11 15:44:08,885 - INFO - auto_fusion - main_auto_fusion.py - AutoFusion initialized...
2026-06-11 15:44:28,971 - INFO - auto_fusion - main_auto_fusion.py - Fusion Popup Selected Values: {'ReferenceImageName': 'STOMACH', 'FusingImageName': ['CT 1'], 'TargetName': 'Stomach', 'RegistrtaionType': 'Frame of Reference'}
2026-06-11 15:44:29,098 - INFO - auto_fusion - main_auto_fusion.py - Running DSL model...
2026-06-11 15:44:29,136 - INFO - auto_fusion - main_auto_fusion.py - Target center of ROI target Stomach is: {'x': 4.845053794007846, 'y': -7.945896990855419, 'z': -1.0517236075122414}
2026-06-11 15:44:29,205 - INFO - auto_fusion - main_auto_fusion.py - Creating fusion box...
2026-06-11 15:44:29,335 - INFO - auto_fusion - main_auto_fusion.py - Current moving image name: CT 1
2026-06-11 15:44:29,462 - INFO - auto_fusion - main_auto_fusion.py - Creating External ROI contours...
2026-06-11 15:44:31,878 - INFO - auto_fusion - main_auto_fusion.py - Running DSL model...
2026-06-11 15:44:31,895 - INFO - auto_fusion - main_auto_fusion.py - Fixed Bounding Box: [{'x': -37.2225586, 'y': -37.2225586, 'z': -29.75}, {'x': 37.0774478, 'y': 37.0774478, 'z': 30.0}]
2026-06-11 15:44:31,895 - INFO - auto_fusion - main_auto_fusion.py - Moving Bounding Box: [{'x': -25.0, 'y': -44.45, 'z': -93.35}, {'x': 25.0, 'y': 5.549999999999997, 'z': -2.75}]
2026-06-11 15:44:31,895 - INFO - auto_fusion - main_auto_fusion.py - Moving image transation: {'x': 4.772498394007847, 'y': 11.431547609144584, 'z': 47.12327639248775}
2026-06-11 15:44:31,895 - INFO - auto_fusion - main_auto_fusion.py - Creating registration for moving image named CT 1...
2026-06-11 15:44:33,156 - INFO - auto_fusion - main_auto_fusion.py - Initial Alignment: {'YawDegrees': 0, 'PitchDegrees': 0, 'RollDegrees': 0, 'Translation': {'x': 4.772498394007847, 'y': 11.431547609144584, 'z': 47.12327639248775}, 'RotationCenter': {'x': 0, 'y': 0, 'z': 0}}
2026-06-11 15:45:34,432 - INFO - auto_fusion - AutoFusion.py - 

===== Finished AutoFusion =====


2026-06-11 15:49:46,801 - INFO - auto_fusion - AutoFusion.py - 

===== Running AutoFusion =====
2026-06-11 15:49:46,867 - INFO - auto_fusion - AutoFusion.py - Patient_ID: 11597434 || CaseName: Case 1
2026-06-11 15:49:46,871 - INFO - auto_fusion - AutoFusion.py - Current Windows User: NYUMC\MACMEW01
2026-06-11 15:49:46,938 - INFO - auto_fusion - main_auto_fusion.py - AutoFusion initialized...
2026-06-11 15:49:59,178 - INFO - auto_fusion - main_auto_fusion.py - Fusion Popup Selected Values: {'ReferenceImageName': 'STOMACH', 'FusingImageName': ['CT 1'], 'TargetName': 'Stomach', 'RegistrtaionType': 'Frame of Reference'}
2026-06-11 15:49:59,306 - INFO - auto_fusion - main_auto_fusion.py - Running DSL model...
2026-06-11 15:49:59,345 - INFO - auto_fusion - main_auto_fusion.py - Target center of ROI target Stomach is: {'x': 4.845053794007846, 'y': -7.945896990855419, 'z': -1.0517236075122414}
2026-06-11 15:49:59,383 - INFO - auto_fusion - main_auto_fusion.py - Creating fusion box...
2026-06-11 15:49:59,500 - INFO - auto_fusion - main_auto_fusion.py - Current moving image name: CT 1
2026-06-11 15:49:59,640 - INFO - auto_fusion - main_auto_fusion.py - Running DSL model...
2026-06-11 15:49:59,652 - INFO - auto_fusion - main_auto_fusion.py - Fixed Bounding Box: [{'x': -37.2225586, 'y': -37.2225586, 'z': -29.75}, {'x': 37.0774478, 'y': 37.0774478, 'z': 30.0}]
2026-06-11 15:49:59,652 - INFO - auto_fusion - main_auto_fusion.py - Moving Bounding Box: [{'x': -25.0, 'y': -44.45, 'z': -93.35}, {'x': 25.0, 'y': 5.549999999999997, 'z': -2.75}]
2026-06-11 15:49:59,652 - INFO - auto_fusion - main_auto_fusion.py - Moving image transation: {'x': 4.772498394007847, 'y': 11.431547609144584, 'z': 47.12327639248775}
2026-06-11 15:49:59,652 - INFO - auto_fusion - main_auto_fusion.py - Creating registration for moving image named CT 1...
2026-06-11 15:50:01,193 - INFO - auto_fusion - main_auto_fusion.py - Initial Alignment: {'YawDegrees': 0, 'PitchDegrees': 0, 'RollDegrees': 0, 'Translation': {'x': 4.772498394007847, 'y': 11.431547609144584, 'z': 47.12327639248775}, 'RotationCenter': {'x': 0, 'y': 0, 'z': 0}}
2026-06-11 15:51:58,926 - INFO - auto_fusion - AutoFusion.py - 

===== Running AutoFusion =====
2026-06-11 15:51:58,992 - INFO - auto_fusion - AutoFusion.py - Patient_ID: 11597434 || CaseName: Case 1
2026-06-11 15:51:58,996 - INFO - auto_fusion - AutoFusion.py - Current Windows User: NYUMC\MACMEW01
2026-06-11 15:51:59,057 - INFO - auto_fusion - main_auto_fusion.py - AutoFusion initialized...
2026-06-11 15:52:23,685 - INFO - auto_fusion - main_auto_fusion.py - Fusion Popup Selected Values: {'ReferenceImageName': 'STOMACH', 'FusingImageName': ['CT 1'], 'TargetName': 'zzFuzeBox', 'RegistrtaionType': 'Frame of Reference'}
2026-06-11 15:52:23,821 - INFO - auto_fusion - main_auto_fusion.py - Running DSL model...
2026-06-11 15:52:24,117 - INFO - auto_fusion - main_auto_fusion.py - Target center of ROI target zzFuzeBox is: {'x': 3.4826620895125333, 'y': -7.546245110483995, 'z': -0.7750000000000176}
2026-06-11 15:52:24,172 - INFO - auto_fusion - main_auto_fusion.py - Creating fusion box...
2026-06-11 15:52:24,372 - INFO - auto_fusion - main_auto_fusion.py - Current moving image name: CT 1
2026-06-11 15:52:24,504 - INFO - auto_fusion - main_auto_fusion.py - Running DSL model...
2026-06-11 15:52:24,515 - INFO - auto_fusion - main_auto_fusion.py - Fixed Bounding Box: [{'x': -37.2225586, 'y': -37.2225586, 'z': -29.75}, {'x': 37.0774478, 'y': 37.0774478, 'z': 30.0}]
2026-06-11 15:52:24,515 - INFO - auto_fusion - main_auto_fusion.py - Moving Bounding Box: [{'x': -25.0, 'y': -44.45, 'z': -93.35}, {'x': 25.0, 'y': 5.549999999999997, 'z': -2.75}]
2026-06-11 15:52:24,515 - INFO - auto_fusion - main_auto_fusion.py - Moving image transation: {'x': 3.4101066895125345, 'y': 11.83119948951601, 'z': 47.39999999999998}
2026-06-11 15:52:24,516 - INFO - auto_fusion - main_auto_fusion.py - Creating registration for moving image named CT 1...
2026-06-11 15:52:26,569 - INFO - auto_fusion - main_auto_fusion.py - Initial Alignment: {'YawDegrees': 0, 'PitchDegrees': 0, 'RollDegrees': 0, 'Translation': {'x': 3.4101066895125345, 'y': 11.83119948951601, 'z': 47.39999999999998}, 'RotationCenter': {'x': 0, 'y': 0, 'z': 0}}
2026-06-11 15:53:04,400 - INFO - auto_fusion - AutoFusion.py - 

===== Finished AutoFusion =====


2026-06-12 08:47:30,360 - INFO - auto_fusion - AutoFusion.py - 

===== Running AutoFusion =====
2026-06-12 08:47:30,429 - INFO - auto_fusion - AutoFusion.py - Patient_ID: 8919077 || CaseName: Case 1
2026-06-12 08:47:30,433 - INFO - auto_fusion - AutoFusion.py - Current Windows User: NYUMC\WESTJ05
2026-06-12 08:47:30,467 - INFO - auto_fusion - main_auto_fusion.py - AutoFusion initialized...
2026-06-12 08:47:39,253 - INFO - auto_fusion - main_auto_fusion.py - Fusion Popup Selected Values: {'ReferenceImageName': 'LEFT NECK', 'FusingImageName': ['CT_6.4.26'], 'TargetName': 'External', 'RegistrtaionType': 'Frame of Reference'}
2026-06-12 08:47:39,352 - INFO - auto_fusion - main_auto_fusion.py - Running DSL model...
2026-06-12 08:47:39,435 - INFO - auto_fusion - main_auto_fusion.py - Target center of ROI target External is: {'x': 0.6593517105681577, 'y': -0.49553084530083236, 'z': -4.597803090557856}
2026-06-12 08:47:39,511 - INFO - auto_fusion - main_auto_fusion.py - Creating fusion box...
2026-06-12 08:47:39,768 - INFO - auto_fusion - main_auto_fusion.py - Current moving image name: CT_6.4.26
2026-06-12 08:47:40,001 - INFO - auto_fusion - main_auto_fusion.py - Creating External ROI contours...
2026-06-12 08:47:44,169 - INFO - auto_fusion - main_auto_fusion.py - Running DSL model...
2026-06-12 08:47:44,309 - INFO - auto_fusion - main_auto_fusion.py - Fixed Bounding Box: [{'x': -40.078125, 'y': -40.078125, 'z': -16.5}, {'x': 39.921875, 'y': 39.921875, 'z': 32.75}]
2026-06-12 08:47:44,309 - INFO - auto_fusion - main_auto_fusion.py - Moving Bounding Box: [{'x': -35.068359400000006, 'y': -35.068359400000006, 'z': -85.524}, {'x': 34.931666199999995, 'y': 34.931666199999995, 'z': 0.15000000000000568}]
2026-06-12 08:47:44,310 - INFO - auto_fusion - main_auto_fusion.py - Moving image transation: {'x': 0.6495733105681629, 'y': -0.5053092453008271, 'z': 46.214196909442144}
2026-06-12 08:47:44,310 - INFO - auto_fusion - main_auto_fusion.py - Creating registration for moving image named CT_6.4.26...
2026-06-12 08:47:45,570 - INFO - auto_fusion - main_auto_fusion.py - Initial Alignment: {'YawDegrees': 0, 'PitchDegrees': 0, 'RollDegrees': 0, 'Translation': {'x': 0.6495733105681629, 'y': -0.5053092453008271, 'z': 46.214196909442144}, 'RotationCenter': {'x': 0, 'y': 0, 'z': 0}}
2026-06-12 08:49:14,534 - INFO - auto_fusion - AutoFusion.py - 

===== Finished AutoFusion =====


2026-06-15 09:22:23,631 - INFO - auto_fusion - AutoFusion.py - 

===== Running AutoFusion =====
2026-06-15 09:22:23,698 - INFO - auto_fusion - AutoFusion.py - Patient_ID: 12635791 || CaseName: Case 2
2026-06-15 09:22:23,704 - INFO - auto_fusion - AutoFusion.py - Current Windows User: NYUMC\WESTJ05
2026-06-15 09:22:23,790 - INFO - auto_fusion - main_auto_fusion.py - AutoFusion initialized...
2026-06-15 09:22:36,654 - INFO - auto_fusion - main_auto_fusion.py - Fusion Popup Selected Values: {'ReferenceImageName': 'MAR', 'FusingImageName': ['MR _6.12.26'], 'TargetName': 'External', 'RegistrtaionType': 'Frame of Reference'}
2026-06-15 09:22:36,814 - INFO - auto_fusion - main_auto_fusion.py - Running DSL model...
2026-06-15 09:22:36,913 - INFO - auto_fusion - main_auto_fusion.py - Target center of ROI target External is: {'x': -1.3915715802521424, 'y': -1.4251898034449817, 'z': -13.76649888283821}
2026-06-15 09:22:37,018 - INFO - auto_fusion - main_auto_fusion.py - Creating fusion box...
2026-06-15 09:22:37,186 - INFO - auto_fusion - main_auto_fusion.py - Current moving image name: MR _6.12.26
2026-06-15 09:22:37,265 - INFO - auto_fusion - main_auto_fusion.py - Fixed Bounding Box: [{'x': -40.078125, 'y': -40.078125, 'z': -24.7485}, {'x': 39.921875, 'y': 39.921875, 'z': 18.1265}]
2026-06-15 09:22:37,265 - INFO - auto_fusion - main_auto_fusion.py - Moving Bounding Box: [{'x': -13.000000190734164, 'y': -13.000000190734164, 'z': -9.95}, {'x': 13.000000190735436, 'y': 13.000000190735436, 'z': 9.95}]
2026-06-15 09:22:37,266 - INFO - auto_fusion - main_auto_fusion.py - Moving image transation: {'x': -1.4696965802527784, 'y': -1.5033148034456176, 'z': -17.07749888283821}
2026-06-15 09:22:37,266 - INFO - auto_fusion - main_auto_fusion.py - Creating registration for moving image named MR _6.12.26...
2026-06-15 09:22:38,359 - INFO - auto_fusion - main_auto_fusion.py - Initial Alignment: {'YawDegrees': 0, 'PitchDegrees': 0, 'RollDegrees': 0, 'Translation': {'x': -1.4696965802527784, 'y': -1.5033148034456176, 'z': -17.07749888283821}, 'RotationCenter': {'x': 0, 'y': 0, 'z': 0}}
2026-06-15 09:23:19,771 - INFO - auto_fusion - AutoFusion.py - 

===== Finished AutoFusion =====


2026-06-15 10:20:47,379 - INFO - auto_fusion - AutoFusion.py - 

===== Running AutoFusion =====
2026-06-15 10:20:47,446 - INFO - auto_fusion - AutoFusion.py - Patient_ID: 8974989 || CaseName: Case 1
2026-06-15 10:20:47,450 - INFO - auto_fusion - AutoFusion.py - Current Windows User: NYUMC\WESTJ05
2026-06-15 10:20:47,535 - INFO - auto_fusion - main_auto_fusion.py - AutoFusion initialized...
2026-06-15 10:20:47,958 - INFO - auto_fusion - main_auto_fusion.py - Assigned target roi name to GTVp
2026-06-15 10:20:47,959 - INFO - auto_fusion - main_auto_fusion.py - Fusion popup window step skipped.
2026-06-15 10:20:48,107 - INFO - auto_fusion - main_auto_fusion.py - Target center of ROI target GTVp is: {'x': -1.031202394327958, 'y': 1.5775244106975448, 'z': -7.646438034149058}
2026-06-15 10:20:48,132 - INFO - auto_fusion - main_auto_fusion.py - Creating fusion box...
2026-06-15 10:20:48,341 - INFO - auto_fusion - main_auto_fusion.py - Current moving image name: MR_for_CK
2026-06-15 10:20:48,479 - INFO - auto_fusion - main_auto_fusion.py - Fixed Bounding Box: [{'x': -40.078125, 'y': -40.078125, 'z': -26.212}, {'x': 39.921875, 'y': 39.921875, 'z': 25.288}]
2026-06-15 10:20:48,479 - INFO - auto_fusion - main_auto_fusion.py - Moving Bounding Box: [{'x': -14.249181000127077, 'y': -9.653561000000249, 'z': -7.898210000000001}, {'x': 11.750691000000245, 'y': 16.346311000127073, 'z': 3.8017899999999987}]
2026-06-15 10:20:48,479 - INFO - auto_fusion - main_auto_fusion.py - Moving image transation: {'x': 0.13991760573545808, 'y': -1.8469755893658677, 'z': -6.0602280341490555}
2026-06-15 10:20:48,480 - INFO - auto_fusion - main_auto_fusion.py - Creating registration for moving image named MR_for_CK...
2026-06-15 10:20:49,981 - INFO - auto_fusion - main_auto_fusion.py - Initial Alignment: {'YawDegrees': 0, 'PitchDegrees': 0, 'RollDegrees': 0, 'Translation': {'x': 0.13991760573545808, 'y': -1.8469755893658677, 'z': -6.0602280341490555}, 'RotationCenter': {'x': 0, 'y': 0, 'z': 0}}
2026-06-15 10:21:27,831 - INFO - auto_fusion - AutoFusion.py - 

===== Finished AutoFusion =====


2026-06-15 10:27:10,061 - INFO - auto_fusion - AutoFusion.py - 

===== Running AutoFusion =====
2026-06-15 10:27:10,127 - INFO - auto_fusion - AutoFusion.py - Patient_ID: 17300239 || CaseName: Case 2
2026-06-15 10:27:10,131 - INFO - auto_fusion - AutoFusion.py - Current Windows User: NYUMC\WESTJ05
2026-06-15 10:27:10,210 - INFO - auto_fusion - main_auto_fusion.py - AutoFusion initialized...
2026-06-15 10:27:10,639 - INFO - auto_fusion - main_auto_fusion.py - Assigned target roi name to GTVp
2026-06-15 10:27:10,640 - INFO - auto_fusion - main_auto_fusion.py - Fusion popup window step skipped.
2026-06-15 10:27:10,782 - INFO - auto_fusion - main_auto_fusion.py - Target center of ROI target GTVp is: {'x': -1.386051809414961, 'y': 1.3141706362635348, 'z': -0.8147955907299319}
2026-06-15 10:27:10,800 - INFO - auto_fusion - main_auto_fusion.py - Creating fusion box...
2026-06-15 10:27:10,996 - INFO - auto_fusion - main_auto_fusion.py - Current moving image name: MR_for_CK
2026-06-15 10:27:11,132 - INFO - auto_fusion - main_auto_fusion.py - Fixed Bounding Box: [{'x': -40.078125, 'y': -40.078125, 'z': -18.075}, {'x': 39.921875, 'y': 39.921875, 'z': 31.55}]
2026-06-15 10:27:11,132 - INFO - auto_fusion - main_auto_fusion.py - Moving Bounding Box: [{'x': -12.589171862601443, 'y': -13.264419841765442, 'z': -3.7823650360107}, {'x': 13.010829472542397, 'y': 12.335581493378399, 'z': 10.917634582519499}]
2026-06-15 10:27:11,133 - INFO - auto_fusion - main_auto_fusion.py - Moving image transation: {'x': -1.6750056143854382, 'y': 1.700464810457056, 'z': 2.3550696360156693}
2026-06-15 10:27:11,133 - INFO - auto_fusion - main_auto_fusion.py - Creating registration for moving image named MR_for_CK...
2026-06-15 10:27:12,234 - INFO - auto_fusion - main_auto_fusion.py - Initial Alignment: {'YawDegrees': 0, 'PitchDegrees': 0, 'RollDegrees': 0, 'Translation': {'x': -1.6750056143854382, 'y': 1.700464810457056, 'z': 2.3550696360156693}, 'RotationCenter': {'x': 0, 'y': 0, 'z': 0}}
2026-06-15 10:27:57,414 - INFO - auto_fusion - AutoFusion.py - 

===== Finished AutoFusion =====


2026-06-15 13:03:54,722 - INFO - auto_fusion - AutoFusion.py - 

===== Running AutoFusion =====
2026-06-15 13:03:54,788 - INFO - auto_fusion - AutoFusion.py - Patient_ID: 13218684 || CaseName: Case 1
2026-06-15 13:03:54,792 - INFO - auto_fusion - AutoFusion.py - Current Windows User: NYUMC\WESTJ05
2026-06-15 13:03:54,862 - INFO - auto_fusion - main_auto_fusion.py - AutoFusion initialized...
2026-06-15 13:03:55,368 - INFO - auto_fusion - main_auto_fusion.py - Assigned target roi name to GTVp
2026-06-15 13:03:55,368 - INFO - auto_fusion - main_auto_fusion.py - Fusion popup window step skipped.
2026-06-15 13:03:55,515 - INFO - auto_fusion - main_auto_fusion.py - Target center of ROI target GTVp is: {'x': -3.5341662548526482, 'y': -0.6843990150086805, 'z': 2.086026273606664}
2026-06-15 13:03:55,533 - INFO - auto_fusion - main_auto_fusion.py - Creating fusion box...
2026-06-15 13:03:55,758 - INFO - auto_fusion - main_auto_fusion.py - Current moving image name: MR_for_CK
2026-06-15 13:03:55,916 - INFO - auto_fusion - main_auto_fusion.py - Fixed Bounding Box: [{'x': -40.078125, 'y': -40.078125, 'z': -14.625}, {'x': 39.921875, 'y': 39.921875, 'z': 31.75}]
2026-06-15 13:03:55,916 - INFO - auto_fusion - main_auto_fusion.py - Moving Bounding Box: [{'x': -12.85971287488844, 'y': -14.05772209167444, 'z': 2.54716796875}, {'x': 12.7402884602554, 'y': 11.5422792434694, 'z': 17.24716796875}]
2026-06-15 13:03:55,916 - INFO - auto_fusion - main_auto_fusion.py - Moving image transation: {'x': -3.5525790475361276, 'y': 0.4951974090938398, 'z': 0.7513583048566623}
2026-06-15 13:03:55,917 - INFO - auto_fusion - main_auto_fusion.py - Creating registration for moving image named MR_for_CK...
2026-06-15 13:03:57,024 - INFO - auto_fusion - main_auto_fusion.py - Initial Alignment: {'YawDegrees': 0, 'PitchDegrees': 0, 'RollDegrees': 0, 'Translation': {'x': -3.5525790475361276, 'y': 0.4951974090938398, 'z': 0.7513583048566623}, 'RotationCenter': {'x': 0, 'y': 0, 'z': 0}}
2026-06-15 13:04:27,993 - INFO - auto_fusion - AutoFusion.py - 

===== Finished AutoFusion =====


2026-06-15 13:06:12,528 - INFO - auto_fusion - AutoFusion.py - 

===== Running AutoFusion =====
2026-06-15 13:06:12,596 - INFO - auto_fusion - AutoFusion.py - Patient_ID: 14854325 || CaseName: Case 2
2026-06-15 13:06:12,600 - INFO - auto_fusion - AutoFusion.py - Current Windows User: NYUMC\DIBARD04
2026-06-15 13:06:12,670 - INFO - auto_fusion - main_auto_fusion.py - AutoFusion initialized...
2026-06-15 13:06:12,836 - INFO - auto_fusion - main_auto_fusion.py - Assigned target roi name to GTVp
2026-06-15 13:06:12,837 - INFO - auto_fusion - main_auto_fusion.py - Fusion popup window step skipped.
2026-06-15 13:06:12,972 - INFO - auto_fusion - main_auto_fusion.py - Target center of ROI target GTVp is: {'x': 1.3264977223709367, 'y': 3.4925986424771422, 'z': 0.9691679642252704}
2026-06-15 13:06:13,005 - INFO - auto_fusion - main_auto_fusion.py - Creating fusion box...
2026-06-15 13:06:13,119 - INFO - auto_fusion - main_auto_fusion.py - Current moving image name: MR 1
2026-06-15 13:06:13,150 - INFO - auto_fusion - main_auto_fusion.py - Fixed Bounding Box: [{'x': -40.078125, 'y': -40.078125, 'z': -20.0225}, {'x': 39.921875, 'y': 39.921875, 'z': 37.9775}]
2026-06-15 13:06:13,150 - INFO - auto_fusion - main_auto_fusion.py - Moving Bounding Box: [{'x': -12.043681000127075, 'y': -10.909581000000248, 'z': 1.6112300000000002}, {'x': 13.956191000000247, 'y': 15.090291000127074, 'z': 13.3112}]
2026-06-15 13:06:13,150 - INFO - auto_fusion - main_auto_fusion.py - Moving image transation: {'x': 0.2921177224343503, 'y': 1.3241186424137292, 'z': 2.4854529642252707}
2026-06-15 13:06:13,151 - INFO - auto_fusion - main_auto_fusion.py - Creating registration for moving image named MR 1...
2026-06-15 13:06:14,073 - INFO - auto_fusion - main_auto_fusion.py - Initial Alignment: {'YawDegrees': 0, 'PitchDegrees': 0, 'RollDegrees': 0, 'Translation': {'x': 0.2921177224343503, 'y': 1.3241186424137292, 'z': 2.4854529642252707}, 'RotationCenter': {'x': 0, 'y': 0, 'z': 0}}
2026-06-15 13:06:54,928 - INFO - auto_fusion - AutoFusion.py - 

===== Finished AutoFusion =====


2026-06-16 09:11:49,793 - INFO - auto_fusion - AutoFusion.py - 

===== Running AutoFusion =====
2026-06-16 09:11:49,858 - INFO - auto_fusion - AutoFusion.py - Patient_ID: 9242135 || CaseName: Case 2
2026-06-16 09:11:49,863 - INFO - auto_fusion - AutoFusion.py - Current Windows User: NYUMC\WESTJ05
2026-06-16 09:11:49,931 - INFO - auto_fusion - main_auto_fusion.py - AutoFusion initialized...
2026-06-16 09:11:50,357 - INFO - auto_fusion - main_auto_fusion.py - Assigned target roi name to GTVp
2026-06-16 09:11:50,357 - INFO - auto_fusion - main_auto_fusion.py - Fusion popup window step skipped.
2026-06-16 09:11:50,493 - INFO - auto_fusion - main_auto_fusion.py - Target center of ROI target GTVp is: {'x': 1.6481769715873995, 'y': 0.9113578069415912, 'z': -16.609025980458895}
2026-06-16 09:11:50,509 - INFO - auto_fusion - main_auto_fusion.py - Creating fusion box...
2026-06-16 09:11:50,716 - INFO - auto_fusion - main_auto_fusion.py - Current moving image name: MR _for_CK
2026-06-16 09:11:50,844 - INFO - auto_fusion - main_auto_fusion.py - Fixed Bounding Box: [{'x': -40.078125, 'y': -40.078125, 'z': -31.625}, {'x': 39.921875, 'y': 39.921875, 'z': 12.5}]
2026-06-16 09:11:50,844 - INFO - auto_fusion - main_auto_fusion.py - Moving Bounding Box: [{'x': -13.671335887908441, 'y': -12.723336488008442, 'z': -2.7903823852539}, {'x': 11.9286654472354, 'y': 12.876664847135398, 'z': 11.9096176147461}]
2026-06-16 09:11:50,844 - INFO - auto_fusion - main_auto_fusion.py - Moving image transation: {'x': 2.44138719192392, 'y': 0.7565686273781133, 'z': -30.731143595204994}
2026-06-16 09:11:50,844 - INFO - auto_fusion - main_auto_fusion.py - Creating registration for moving image named MR _for_CK...
2026-06-16 09:11:51,854 - INFO - auto_fusion - main_auto_fusion.py - Initial Alignment: {'YawDegrees': 0, 'PitchDegrees': 0, 'RollDegrees': 0, 'Translation': {'x': 2.44138719192392, 'y': 0.7565686273781133, 'z': -30.731143595204994}, 'RotationCenter': {'x': 0, 'y': 0, 'z': 0}}
2026-06-16 09:12:41,785 - INFO - auto_fusion - AutoFusion.py - 

===== Finished AutoFusion =====


2026-06-16 10:12:01,204 - INFO - auto_fusion - AutoFusion.py - 

===== Running AutoFusion =====
2026-06-16 10:12:01,271 - INFO - auto_fusion - AutoFusion.py - Patient_ID: 16367884 || CaseName: Case 1
2026-06-16 10:12:01,275 - INFO - auto_fusion - AutoFusion.py - Current Windows User: NYUMC\WESTJ05
2026-06-16 10:12:01,307 - INFO - auto_fusion - main_auto_fusion.py - AutoFusion initialized...
2026-06-16 10:12:14,393 - INFO - auto_fusion - main_auto_fusion.py - Fusion Popup Selected Values: {'ReferenceImageName': 'abdomen', 'FusingImageName': ['CT.5.12.26'], 'TargetName': 'External', 'RegistrtaionType': 'Frame of Reference'}
2026-06-16 10:12:14,494 - INFO - auto_fusion - main_auto_fusion.py - Running DSL model...
2026-06-16 10:12:14,639 - INFO - auto_fusion - main_auto_fusion.py - Target center of ROI target External is: {'x': -0.680750946776213, 'y': -0.14593019002035643, 'z': -2.1982309270282525}
2026-06-16 10:12:14,806 - INFO - auto_fusion - main_auto_fusion.py - Creating fusion box...
2026-06-16 10:12:15,019 - INFO - auto_fusion - main_auto_fusion.py - Current moving image name: CT.5.12.26
2026-06-16 10:12:15,198 - INFO - auto_fusion - main_auto_fusion.py - Creating External ROI contours...
2026-06-16 10:12:17,659 - INFO - auto_fusion - main_auto_fusion.py - Running DSL model...
2026-06-16 10:12:17,817 - INFO - auto_fusion - main_auto_fusion.py - Fixed Bounding Box: [{'x': -32.563476550000004, 'y': -32.563476550000004, 'z': -30.025}, {'x': 32.43651064999999, 'y': 32.43651064999999, 'z': 24.475}]
2026-06-16 10:12:17,817 - INFO - auto_fusion - main_auto_fusion.py - Moving Bounding Box: [{'x': -25.0, 'y': -39.5, 'z': 54.7}, {'x': 25.0, 'y': 10.5, 'z': 145.3}]
2026-06-16 10:12:17,817 - INFO - auto_fusion - main_auto_fusion.py - Moving image transation: {'x': -0.744233896776221, 'y': 14.290586859979635, 'z': -104.97323092702825}
2026-06-16 10:12:17,818 - INFO - auto_fusion - main_auto_fusion.py - Creating registration for moving image named CT.5.12.26...
2026-06-16 10:12:18,860 - INFO - auto_fusion - main_auto_fusion.py - Initial Alignment: {'YawDegrees': 0, 'PitchDegrees': 0, 'RollDegrees': 0, 'Translation': {'x': -0.744233896776221, 'y': 14.290586859979635, 'z': -104.97323092702825}, 'RotationCenter': {'x': 0, 'y': 0, 'z': 0}}
2026-06-16 10:13:17,871 - INFO - auto_fusion - AutoFusion.py - 

===== Finished AutoFusion =====


2026-06-17 10:13:59,660 - INFO - auto_fusion - AutoFusion.py - 

===== Running AutoFusion =====
2026-06-17 10:13:59,727 - INFO - auto_fusion - AutoFusion.py - Patient_ID: 11203493 || CaseName: Case 1
2026-06-17 10:13:59,731 - INFO - auto_fusion - AutoFusion.py - Current Windows User: NYUMC\WESTJ05
2026-06-17 10:13:59,802 - INFO - auto_fusion - main_auto_fusion.py - AutoFusion initialized...
2026-06-17 10:14:00,058 - INFO - auto_fusion - main_auto_fusion.py - Assigned target roi name to GTVp
2026-06-17 10:14:00,058 - INFO - auto_fusion - main_auto_fusion.py - Fusion popup window step skipped.
2026-06-17 10:14:00,198 - INFO - auto_fusion - main_auto_fusion.py - Target center of ROI target GTVp is: {'x': 0.15058550749115793, 'y': 0.6250777452023897, 'z': -6.291745722442114}
2026-06-17 10:14:00,221 - INFO - auto_fusion - main_auto_fusion.py - Creating fusion box...
2026-06-17 10:14:00,374 - INFO - auto_fusion - main_auto_fusion.py - Current moving image name: MR_for_CK
2026-06-17 10:14:00,434 - INFO - auto_fusion - main_auto_fusion.py - Fixed Bounding Box: [{'x': -32.563476550000004, 'y': -32.563476550000004, 'z': -26.325}, {'x': 32.43651064999999, 'y': 32.43651064999999, 'z': 23.425}]
2026-06-17 10:14:00,434 - INFO - auto_fusion - main_auto_fusion.py - Moving Bounding Box: [{'x': -12.318628168105441, 'y': -14.16622009277344, 'z': -2.4296600341796}, {'x': 13.2813731670384, 'y': 11.4337812423704, 'z': 12.2703399658203}]
2026-06-17 10:14:00,434 - INFO - auto_fusion - main_auto_fusion.py - Moving image transation: {'x': -0.3942699419753293, 'y': 1.927814220403901, 'z': -12.662085688262463}
2026-06-17 10:14:00,434 - INFO - auto_fusion - main_auto_fusion.py - Creating registration for moving image named MR_for_CK...
2026-06-17 10:14:01,457 - INFO - auto_fusion - main_auto_fusion.py - Initial Alignment: {'YawDegrees': 0, 'PitchDegrees': 0, 'RollDegrees': 0, 'Translation': {'x': -0.3942699419753293, 'y': 1.927814220403901, 'z': -12.662085688262463}, 'RotationCenter': {'x': 0, 'y': 0, 'z': 0}}
2026-06-17 10:14:45,510 - INFO - auto_fusion - AutoFusion.py - 

===== Finished AutoFusion =====


2026-06-17 12:02:27,587 - INFO - auto_fusion - AutoFusion.py - 

===== Running AutoFusion =====
2026-06-17 12:02:27,653 - INFO - auto_fusion - AutoFusion.py - Patient_ID: 11962131 || CaseName: Case 1
2026-06-17 12:02:27,657 - INFO - auto_fusion - AutoFusion.py - Current Windows User: NYUMC\WESTJ05
2026-06-17 12:02:27,727 - INFO - auto_fusion - main_auto_fusion.py - AutoFusion initialized...
2026-06-17 12:02:28,011 - INFO - auto_fusion - main_auto_fusion.py - Assigned target roi name to GTVp
2026-06-17 12:02:28,011 - INFO - auto_fusion - main_auto_fusion.py - Fusion popup window step skipped.
2026-06-17 12:02:28,150 - INFO - auto_fusion - main_auto_fusion.py - Target center of ROI target GTVp is: {'x': 1.3978121702933637, 'y': -0.36430462870405556, 'z': -7.7331536383150805}
2026-06-17 12:02:28,176 - INFO - auto_fusion - main_auto_fusion.py - Creating fusion box...
2026-06-17 12:02:28,314 - INFO - auto_fusion - main_auto_fusion.py - Current moving image name: MR_for_CK
2026-06-17 12:02:28,367 - INFO - auto_fusion - main_auto_fusion.py - Fixed Bounding Box: [{'x': -32.563476550000004, 'y': -32.563476550000004, 'z': -27.475}, {'x': 32.43651064999999, 'y': 32.43651064999999, 'z': 22.15}]
2026-06-17 12:02:28,367 - INFO - auto_fusion - main_auto_fusion.py - Moving Bounding Box: [{'x': -12.048087167739443, 'y': -13.534958171844442, 'z': -2.6100196838378}, {'x': 13.551914167404398, 'y': 12.065043163299398, 'z': 12.0899803161621}]
2026-06-17 12:02:28,368 - INFO - auto_fusion - main_auto_fusion.py - Moving image transation: {'x': 0.582415720460878, 'y': 0.30716992556845846, 'z': -15.135633954477232}
2026-06-17 12:02:28,368 - INFO - auto_fusion - main_auto_fusion.py - Creating registration for moving image named MR_for_CK...
2026-06-17 12:02:29,021 - INFO - auto_fusion - main_auto_fusion.py - Initial Alignment: {'YawDegrees': 0, 'PitchDegrees': 0, 'RollDegrees': 0, 'Translation': {'x': 0.582415720460878, 'y': 0.30716992556845846, 'z': -15.135633954477232}, 'RotationCenter': {'x': 0, 'y': 0, 'z': 0}}
2026-06-17 12:05:36,079 - INFO - auto_fusion - AutoFusion.py - 

===== Finished AutoFusion =====


2026-06-17 13:03:44,114 - INFO - auto_fusion - AutoFusion.py - 

===== Running AutoFusion =====
2026-06-17 13:03:44,183 - INFO - auto_fusion - AutoFusion.py - Patient_ID: 15533336 || CaseName: Case 1
2026-06-17 13:03:44,187 - INFO - auto_fusion - AutoFusion.py - Current Windows User: NYUMC\WESTJ05
2026-06-17 13:03:44,261 - INFO - auto_fusion - main_auto_fusion.py - AutoFusion initialized...
2026-06-17 13:03:44,558 - INFO - auto_fusion - main_auto_fusion.py - Assigned target roi name to GTVp
2026-06-17 13:03:44,559 - INFO - auto_fusion - main_auto_fusion.py - Fusion popup window step skipped.
2026-06-17 13:03:44,709 - INFO - auto_fusion - main_auto_fusion.py - Target center of ROI target GTVp is: {'x': -2.3321440900044674, 'y': 0.46943875699548104, 'z': -0.20145365325285952}
2026-06-17 13:03:44,751 - INFO - auto_fusion - main_auto_fusion.py - Creating fusion box...
2026-06-17 13:03:44,902 - INFO - auto_fusion - main_auto_fusion.py - Current moving image name: MR_for_CK
2026-06-17 13:03:44,954 - INFO - auto_fusion - main_auto_fusion.py - Fixed Bounding Box: [{'x': -40.078125, 'y': -40.078125, 'z': -25.775}, {'x': 39.921875, 'y': 39.921875, 'z': 29.85}]
2026-06-17 13:03:44,955 - INFO - auto_fusion - main_auto_fusion.py - Moving Bounding Box: [{'x': -11.466698169772073, 'y': -10.74699707037625, 'z': -6.3111335754395}, {'x': 14.53330183035525, 'y': 15.253002929751073, 'z': 5.388866424560499}]
2026-06-17 13:03:44,955 - INFO - auto_fusion - main_auto_fusion.py - Moving image transation: {'x': -3.9435709202960556, 'y': -1.861689172691931, 'z': 2.2971799221866425}
2026-06-17 13:03:44,955 - INFO - auto_fusion - main_auto_fusion.py - Creating registration for moving image named MR_for_CK...
2026-06-17 13:03:45,993 - INFO - auto_fusion - main_auto_fusion.py - Initial Alignment: {'YawDegrees': 0, 'PitchDegrees': 0, 'RollDegrees': 0, 'Translation': {'x': -3.9435709202960556, 'y': -1.861689172691931, 'z': 2.2971799221866425}, 'RotationCenter': {'x': 0, 'y': 0, 'z': 0}}
2026-06-17 13:04:33,050 - INFO - auto_fusion - AutoFusion.py - 

===== Finished AutoFusion =====


2026-06-17 14:24:09,530 - INFO - auto_fusion - AutoFusion.py - 

===== Running AutoFusion =====
2026-06-17 14:24:09,597 - INFO - auto_fusion - AutoFusion.py - Patient_ID: 9217230 || CaseName: Case 1
2026-06-17 14:24:09,601 - INFO - auto_fusion - AutoFusion.py - Current Windows User: NYUMC\CLANCO01
2026-06-17 14:24:09,626 - INFO - auto_fusion - main_auto_fusion.py - AutoFusion initialized...
2026-06-17 14:24:23,229 - INFO - auto_fusion - main_auto_fusion.py - Fusion Popup Selected Values: {'ReferenceImageName': 'TRIGEM - MAR', 'FusingImageName': ['MR 1'], 'TargetName': 'Brain', 'RegistrtaionType': 'Frame of Reference'}
2026-06-17 14:24:23,452 - INFO - auto_fusion - main_auto_fusion.py - Running DSL model...
2026-06-17 14:25:03,039 - INFO - auto_fusion - main_auto_fusion.py - Target center of ROI target Brain is: {'x': -0.37393702261003525, 'y': 0.03387806520970231, 'z': 0.08445498885886216}
2026-06-17 14:25:03,412 - INFO - auto_fusion - main_auto_fusion.py - Creating fusion box...
2026-06-17 14:25:03,519 - INFO - auto_fusion - main_auto_fusion.py - Current moving image name: MR 1
2026-06-17 14:25:03,758 - INFO - auto_fusion - main_auto_fusion.py - Fixed Bounding Box: [{'x': -34.16660155, 'y': -34.16660155, 'z': -21.875}, {'x': 34.03338564999999, 'y': 34.03338564999999, 'z': 16.875}]
2026-06-17 14:25:03,759 - INFO - auto_fusion - main_auto_fusion.py - Moving Bounding Box: [{'x': -13.969558064783367, 'y': -19.92352585146853, 'z': -3.2890300000000003}, {'x': 13.84527788710292, 'y': 7.891310100417759, 'z': 15.811}]
2026-06-17 14:25:03,759 - INFO - auto_fusion - main_auto_fusion.py - Moving image transation: {'x': -0.37840488376981696, 'y': 5.983377990735082, 'z': -8.676530011141137}
2026-06-17 14:25:03,759 - INFO - auto_fusion - main_auto_fusion.py - Creating registration for moving image named MR 1...
2026-06-17 14:25:04,668 - INFO - auto_fusion - main_auto_fusion.py - Initial Alignment: {'YawDegrees': 0, 'PitchDegrees': 0, 'RollDegrees': 0, 'Translation': {'x': -0.37840488376981696, 'y': 5.983377990735082, 'z': -8.676530011141137}, 'RotationCenter': {'x': 0, 'y': 0, 'z': 0}}
2026-06-17 14:25:39,062 - INFO - auto_fusion - AutoFusion.py - 

===== Finished AutoFusion =====


2026-06-17 16:22:36,122 - INFO - auto_fusion - AutoFusion.py - 

===== Running AutoFusion =====
2026-06-17 16:22:36,188 - INFO - auto_fusion - AutoFusion.py - Patient_ID: 12812629 || CaseName: Case 1
2026-06-17 16:22:36,196 - INFO - auto_fusion - AutoFusion.py - Current Windows User: NYUMC\MACMEW01
2026-06-17 16:22:36,238 - INFO - auto_fusion - main_auto_fusion.py - AutoFusion initialized...
2026-06-17 16:22:48,256 - INFO - auto_fusion - main_auto_fusion.py - Fusion Popup Selected Values: {'ReferenceImageName': 'L SPINE', 'FusingImageName': ['CT 1'], 'TargetName': 'Femur_Head_L', 'RegistrtaionType': 'Frame of Reference'}
2026-06-17 16:22:48,346 - INFO - auto_fusion - main_auto_fusion.py - Running DSL model...
2026-06-17 16:22:48,524 - INFO - auto_fusion - main_auto_fusion.py - Target center of ROI target Femur_Head_L is: {'x': 11.16777402178904, 'y': -0.053575098840059066, 'z': -11.561993657868452}
2026-06-17 16:22:48,689 - INFO - auto_fusion - main_auto_fusion.py - Creating fusion box...
2026-06-17 16:22:48,816 - INFO - auto_fusion - main_auto_fusion.py - Current moving image name: CT 1
2026-06-17 16:22:48,928 - INFO - auto_fusion - main_auto_fusion.py - Creating External ROI contours...
2026-06-17 16:22:53,211 - INFO - auto_fusion - main_auto_fusion.py - Running DSL model...
2026-06-19 11:50:25,995 - INFO - auto_fusion - AutoFusion.py - 

===== Running AutoFusion =====
2026-06-19 11:50:26,090 - INFO - auto_fusion - AutoFusion.py - Patient_ID: 17847885 || CaseName: Case 3
2026-06-19 11:50:26,094 - INFO - auto_fusion - AutoFusion.py - Current Windows User: NYUMC\DIBARD04
2026-06-19 11:50:26,170 - INFO - auto_fusion - main_auto_fusion.py - AutoFusion initialized...
2026-06-19 11:50:26,368 - INFO - auto_fusion - main_auto_fusion.py - Assigned target roi name to GTVp
2026-06-19 11:50:26,368 - INFO - auto_fusion - main_auto_fusion.py - Fusion popup window step skipped.
2026-06-19 11:50:26,506 - INFO - auto_fusion - main_auto_fusion.py - Target center of ROI target GTVp is: {'x': 0.783935008046874, 'y': -0.6431993212002256, 'z': -1.917909424815228}
2026-06-19 11:50:26,526 - INFO - auto_fusion - main_auto_fusion.py - Creating fusion box...
2026-06-19 11:50:26,661 - INFO - auto_fusion - main_auto_fusion.py - Current moving image name: MR 1
2026-06-19 11:50:26,695 - INFO - auto_fusion - main_auto_fusion.py - Fixed Bounding Box: [{'x': -40.078125, 'y': -40.078125, 'z': -22.796}, {'x': 39.921875, 'y': 39.921875, 'z': 36.704}]
2026-06-19 11:50:26,695 - INFO - auto_fusion - main_auto_fusion.py - Moving Bounding Box: [{'x': -12.408812093734442, 'y': -15.338566684722442, 'z': -8.7422843933105}, {'x': 13.191189241409399, 'y': 10.261434650421398, 'z': 5.957715606689449}]
2026-06-19 11:50:26,695 - INFO - auto_fusion - main_auto_fusion.py - Moving image transation: {'x': 0.3146214342093955, 'y': 1.8172416959502966, 'z': 6.428374968495298}
2026-06-19 11:50:26,695 - INFO - auto_fusion - main_auto_fusion.py - Creating registration for moving image named MR 1...
2026-06-19 11:50:27,697 - INFO - auto_fusion - main_auto_fusion.py - Initial Alignment: {'YawDegrees': 0, 'PitchDegrees': 0, 'RollDegrees': 0, 'Translation': {'x': 0.3146214342093955, 'y': 1.8172416959502966, 'z': 6.428374968495298}, 'RotationCenter': {'x': 0, 'y': 0, 'z': 0}}
2026-06-19 11:51:17,226 - INFO - auto_fusion - AutoFusion.py - 

===== Finished AutoFusion =====


2026-06-22 10:07:01,733 - INFO - auto_fusion - AutoFusion.py - 

===== Running AutoFusion =====
2026-06-22 10:07:01,803 - INFO - auto_fusion - AutoFusion.py - Patient_ID: 9086332 || CaseName: Pelvis_Retreat
2026-06-22 10:07:01,808 - INFO - auto_fusion - AutoFusion.py - Current Windows User: NYUMC\CLANCO01
2026-06-22 10:07:01,921 - INFO - auto_fusion - main_auto_fusion.py - AutoFusion initialized...
2026-06-22 10:07:26,062 - INFO - auto_fusion - main_auto_fusion.py - Fusion Popup Selected Values: {'ReferenceImageName': 'Pelvis', 'FusingImageName': ['DNU_Previous_RT'], 'TargetName': 'Femoral_Heads', 'RegistrtaionType': 'Frame of Reference'}
2026-06-22 10:07:26,318 - INFO - auto_fusion - main_auto_fusion.py - Running DSL model...
2026-06-22 10:07:26,345 - INFO - auto_fusion - main_auto_fusion.py - Target center of ROI target Femoral_Heads is: {'x': -1.2241909644354787, 'y': 0.04127939098985896, 'z': -2.390888337804388}
2026-06-22 10:07:26,375 - INFO - auto_fusion - main_auto_fusion.py - Creating fusion box...
2026-06-22 10:07:26,577 - INFO - auto_fusion - main_auto_fusion.py - Current moving image name: DNU_Previous_RT
2026-06-22 10:07:27,114 - INFO - auto_fusion - main_auto_fusion.py - Running DSL model...
2026-06-22 10:07:27,129 - INFO - auto_fusion - main_auto_fusion.py - Fixed Bounding Box: [{'x': -36.571289050000004, 'y': -36.571289050000004, 'z': -23.813}, {'x': 36.42869814999999, 'y': 36.42869814999999, 'z': 30.437}]
2026-06-22 10:07:27,129 - INFO - auto_fusion - main_auto_fusion.py - Moving Bounding Box: [{'x': -32.563476550000004, 'y': -32.563476550000004, 'z': -23.05}, {'x': 32.43651064999999, 'y': 32.43651064999999, 'z': 26.95}]
2026-06-22 10:07:27,129 - INFO - auto_fusion - main_auto_fusion.py - Moving image transation: {'x': -1.2320034644354787, 'y': 0.03346689098985896, 'z': -1.028888337804386}
2026-06-22 10:07:27,130 - INFO - auto_fusion - main_auto_fusion.py - Creating registration for moving image named DNU_Previous_RT...
2026-06-22 10:07:32,166 - INFO - auto_fusion - main_auto_fusion.py - Initial Alignment: {'YawDegrees': 0, 'PitchDegrees': 0, 'RollDegrees': 0, 'Translation': {'x': -1.2320034644354787, 'y': 0.03346689098985896, 'z': -1.028888337804386}, 'RotationCenter': {'x': 0, 'y': 0, 'z': 0}}
2026-06-22 10:10:16,311 - INFO - auto_fusion - AutoFusion.py - 

===== Finished AutoFusion =====


2026-06-22 10:22:14,331 - INFO - auto_fusion - AutoFusion.py - 

===== Running AutoFusion =====
2026-06-22 10:22:14,397 - INFO - auto_fusion - AutoFusion.py - Patient_ID: 17961499 || CaseName: Case 1
2026-06-22 10:22:14,402 - INFO - auto_fusion - AutoFusion.py - Current Windows User: NYUMC\WESTJ05
2026-06-22 10:22:14,474 - INFO - auto_fusion - main_auto_fusion.py - AutoFusion initialized...
2026-06-22 10:22:14,873 - INFO - auto_fusion - main_auto_fusion.py - Assigned target roi name to GTVp
2026-06-22 10:22:14,874 - INFO - auto_fusion - main_auto_fusion.py - Fusion popup window step skipped.
2026-06-22 10:22:15,018 - INFO - auto_fusion - main_auto_fusion.py - Target center of ROI target GTVp is: {'x': -0.8822281427962896, 'y': 0.6155884893369404, 'z': -5.0359904923665955}
2026-06-22 10:22:15,035 - INFO - auto_fusion - main_auto_fusion.py - Creating fusion box...
2026-06-22 10:22:15,259 - INFO - auto_fusion - main_auto_fusion.py - Current moving image name: MR_for_CK
2026-06-22 10:22:15,381 - INFO - auto_fusion - main_auto_fusion.py - Fixed Bounding Box: [{'x': -38.52509765, 'y': -38.52509765, 'z': -28.6055}, {'x': 38.37489595, 'y': 38.37489595, 'z': 29.0195}]
2026-06-22 10:22:15,381 - INFO - auto_fusion - main_auto_fusion.py - Moving Bounding Box: [{'x': -12.467724657122073, 'y': -10.484732246463249, 'z': 1.5202209472655999}, {'x': 13.53227534300525, 'y': 15.515267753664073, 'z': 13.220220947266}]
2026-06-22 10:22:15,381 - INFO - auto_fusion - main_auto_fusion.py - Moving image transation: {'x': -1.489604335737876, 'y': -1.9747801142634698, 'z': -12.199211439632395}
2026-06-22 10:22:15,381 - INFO - auto_fusion - main_auto_fusion.py - Creating registration for moving image named MR_for_CK...
2026-06-22 10:22:16,291 - INFO - auto_fusion - main_auto_fusion.py - Initial Alignment: {'YawDegrees': 180, 'PitchDegrees': 0, 'RollDegrees': 0, 'Translation': {'x': -1.489604335737876, 'y': -1.9747801142634698, 'z': -12.199211439632395}, 'RotationCenter': {'x': 0, 'y': 0, 'z': 0}}
2026-06-22 10:23:07,126 - INFO - auto_fusion - AutoFusion.py - 

===== Finished AutoFusion =====


2026-06-22 11:18:17,832 - INFO - auto_fusion - AutoFusion.py - 

===== Running AutoFusion =====
2026-06-22 11:18:17,937 - INFO - auto_fusion - AutoFusion.py - Patient_ID: 11460812 || CaseName: Case 1
2026-06-22 11:18:17,942 - INFO - auto_fusion - AutoFusion.py - Current Windows User: NYUMC\MACMEW01
2026-06-22 11:18:18,012 - INFO - auto_fusion - main_auto_fusion.py - AutoFusion initialized...
2026-06-22 11:18:18,248 - INFO - auto_fusion - main_auto_fusion.py - Assigned target roi name to GTVp
2026-06-22 11:18:18,249 - INFO - auto_fusion - main_auto_fusion.py - Fusion popup window step skipped.
2026-06-22 11:18:18,393 - INFO - auto_fusion - main_auto_fusion.py - Target center of ROI target GTVp is: {'x': 0.713099842609208, 'y': -0.7851651349675655, 'z': 1.6082852581170364}
2026-06-22 11:18:18,412 - INFO - auto_fusion - main_auto_fusion.py - Creating fusion box...
2026-06-22 11:18:18,551 - INFO - auto_fusion - main_auto_fusion.py - Current moving image name: MR 1
2026-06-22 11:18:18,595 - INFO - auto_fusion - main_auto_fusion.py - Fixed Bounding Box: [{'x': -40.078125, 'y': -40.078125, 'z': -18.291}, {'x': 39.921875, 'y': 39.921875, 'z': 31.334}]
2026-06-22 11:18:18,595 - INFO - auto_fusion - main_auto_fusion.py - Moving Bounding Box: [{'x': -15.587881000127076, 'y': -10.494481000000249, 'z': -1.0582}, {'x': 10.411991000000246, 'y': 15.505391000127073, 'z': 10.6418}]
2026-06-22 11:18:18,595 - INFO - auto_fusion - main_auto_fusion.py - Moving image transation: {'x': 3.2229198426726233, 'y': -3.368745135030977, 'z': 3.337985258117036}
2026-06-22 11:18:18,595 - INFO - auto_fusion - main_auto_fusion.py - Creating registration for moving image named MR 1...
2026-06-22 11:18:19,540 - INFO - auto_fusion - main_auto_fusion.py - Initial Alignment: {'YawDegrees': 0, 'PitchDegrees': 0, 'RollDegrees': 0, 'Translation': {'x': 3.2229198426726233, 'y': -3.368745135030977, 'z': 3.337985258117036}, 'RotationCenter': {'x': 0, 'y': 0, 'z': 0}}
2026-06-22 11:18:54,848 - INFO - auto_fusion - AutoFusion.py - 

===== Finished AutoFusion =====


2026-06-22 11:21:36,421 - INFO - auto_fusion - AutoFusion.py - 

===== Running AutoFusion =====
2026-06-22 11:21:36,488 - INFO - auto_fusion - AutoFusion.py - Patient_ID: 12770533 || CaseName: Case 1
2026-06-22 11:21:36,492 - INFO - auto_fusion - AutoFusion.py - Current Windows User: NYUMC\MACMEW01
2026-06-22 11:21:36,604 - INFO - auto_fusion - main_auto_fusion.py - AutoFusion initialized...
2026-06-22 11:21:36,832 - INFO - auto_fusion - main_auto_fusion.py - Assigned target roi name to GTVp
2026-06-22 11:21:36,833 - INFO - auto_fusion - main_auto_fusion.py - Fusion popup window step skipped.
2026-06-22 11:21:36,971 - INFO - auto_fusion - main_auto_fusion.py - Target center of ROI target GTVp is: {'x': 0.27744970444482897, 'y': 1.3632789350651755, 'z': -5.562506824158989}
2026-06-22 11:21:36,996 - INFO - auto_fusion - main_auto_fusion.py - Creating fusion box...
2026-06-22 11:21:37,124 - INFO - auto_fusion - main_auto_fusion.py - Current moving image name: MR 1
2026-06-22 11:21:37,157 - INFO - auto_fusion - main_auto_fusion.py - Fixed Bounding Box: [{'x': -40.078125, 'y': -40.078125, 'z': -23.0}, {'x': 39.921875, 'y': 39.921875, 'z': 26.375}]
2026-06-22 11:21:37,157 - INFO - auto_fusion - main_auto_fusion.py - Moving Bounding Box: [{'x': -12.806781000127076, 'y': -10.26858100000025, 'z': 0.0980198}, {'x': 13.193091000000246, 'y': 15.731291000127072, 'z': 11.798}]
2026-06-22 11:21:37,157 - INFO - auto_fusion - main_auto_fusion.py - Moving image transation: {'x': 0.006169704508244056, 'y': -1.4462010649982358, 'z': -9.82301672415899}
2026-06-22 11:21:37,157 - INFO - auto_fusion - main_auto_fusion.py - Creating registration for moving image named MR 1...
2026-06-22 11:21:38,101 - INFO - auto_fusion - main_auto_fusion.py - Initial Alignment: {'YawDegrees': 0, 'PitchDegrees': 0, 'RollDegrees': 0, 'Translation': {'x': 0.006169704508244056, 'y': -1.4462010649982358, 'z': -9.82301672415899}, 'RotationCenter': {'x': 0, 'y': 0, 'z': 0}}
2026-06-22 11:22:12,301 - INFO - auto_fusion - AutoFusion.py - 

===== Finished AutoFusion =====


2026-06-23 09:39:01,995 - INFO - auto_fusion - AutoFusion.py - 

===== Running AutoFusion =====
2026-06-23 09:39:02,102 - INFO - auto_fusion - AutoFusion.py - Patient_ID: 0908160 || CaseName: Case 2
2026-06-23 09:39:02,110 - INFO - auto_fusion - AutoFusion.py - Current Windows User: NYUMC\CHANG05
2026-06-23 09:39:02,231 - INFO - auto_fusion - main_auto_fusion.py - AutoFusion initialized...
2026-06-23 09:39:02,467 - INFO - auto_fusion - main_auto_fusion.py - Assigned target roi name to GTVp
2026-06-23 09:39:02,469 - INFO - auto_fusion - main_auto_fusion.py - Fusion popup window step skipped.
2026-06-23 09:39:02,688 - INFO - auto_fusion - main_auto_fusion.py - Target center of ROI target GTVp is: {'x': -1.5944451783125022, 'y': -0.3313572011693026, 'z': -7.176329931675409}
2026-06-23 09:39:02,727 - INFO - auto_fusion - main_auto_fusion.py - Creating fusion box...
2026-06-23 09:39:02,890 - INFO - auto_fusion - main_auto_fusion.py - Current moving image name: MR 1
2026-06-23 09:39:02,937 - INFO - auto_fusion - main_auto_fusion.py - Fixed Bounding Box: [{'x': -40.078125, 'y': -40.078125, 'z': -35.509}, {'x': 39.921875, 'y': 39.921875, 'z': 24.616}]
2026-06-23 09:39:02,937 - INFO - auto_fusion - main_auto_fusion.py - Moving Bounding Box: [{'x': -10.60520353317244, 'y': -16.060008525847444, 'z': -7.5699394226074}, {'x': 14.9947978019714, 'y': 9.539992809296397, 'z': 7.130060577392579}]
2026-06-23 09:39:02,937 - INFO - auto_fusion - main_auto_fusion.py - Moving image transation: {'x': -3.8673673127119814, 'y': 2.8505256571062207, 'z': -12.402890509067998}
2026-06-23 09:39:02,937 - INFO - auto_fusion - main_auto_fusion.py - Creating registration for moving image named MR 1...
2026-06-23 09:39:09,408 - INFO - auto_fusion - main_auto_fusion.py - Initial Alignment: {'YawDegrees': 0, 'PitchDegrees': 0, 'RollDegrees': 0, 'Translation': {'x': -3.8673673127119814, 'y': 2.8505256571062207, 'z': -12.402890509067998}, 'RotationCenter': {'x': 0, 'y': 0, 'z': 0}}
2026-06-23 09:39:26,405 - INFO - auto_fusion - AutoFusion.py - 

===== Finished AutoFusion =====


2026-06-24 10:48:10,643 - INFO - auto_fusion - AutoFusion.py - 

===== Running AutoFusion =====
2026-06-24 10:48:10,731 - INFO - auto_fusion - AutoFusion.py - Patient_ID: 16315559 || CaseName: Case 1
2026-06-24 10:48:10,740 - INFO - auto_fusion - AutoFusion.py - Current Windows User: NYUMC\WESTJ05
2026-06-24 10:48:10,837 - INFO - auto_fusion - main_auto_fusion.py - AutoFusion initialized...
2026-06-24 10:48:11,315 - INFO - auto_fusion - main_auto_fusion.py - Assigned target roi name to GTVp
2026-06-24 10:48:11,316 - INFO - auto_fusion - main_auto_fusion.py - Fusion popup window step skipped.
2026-06-24 10:48:11,515 - INFO - auto_fusion - main_auto_fusion.py - Target center of ROI target GTVp is: {'x': 0.5492766096937883, 'y': 0.7721657558540236, 'z': -7.025780820241818}
2026-06-24 10:48:11,550 - INFO - auto_fusion - main_auto_fusion.py - Creating fusion box...
2026-06-24 10:48:11,848 - INFO - auto_fusion - main_auto_fusion.py - Current moving image name: MR_for_CK
2026-06-24 10:48:11,944 - INFO - auto_fusion - main_auto_fusion.py - Fixed Bounding Box: [{'x': -32.563476550000004, 'y': -32.563476550000004, 'z': -27.35}, {'x': 32.43651064999999, 'y': 32.43651064999999, 'z': 23.525}]
2026-06-24 10:48:11,944 - INFO - auto_fusion - main_auto_fusion.py - Moving Bounding Box: [{'x': -13.31061367988544, 'y': -14.617122173308442, 'z': 0.27575302124023404}, {'x': 12.2893876552584, 'y': 10.982879161835399, 'z': 14.975753784179698}]
2026-06-24 10:48:11,945 - INFO - auto_fusion - main_auto_fusion.py - Moving image transation: {'x': 0.9964066720073005, 'y': 2.525804311590537, 'z': -16.564034222951783}
2026-06-24 10:48:11,945 - INFO - auto_fusion - main_auto_fusion.py - Creating registration for moving image named MR_for_CK...
2026-06-24 10:48:13,239 - INFO - auto_fusion - main_auto_fusion.py - Initial Alignment: {'YawDegrees': 0, 'PitchDegrees': 0, 'RollDegrees': 0, 'Translation': {'x': 0.9964066720073005, 'y': 2.525804311590537, 'z': -16.564034222951783}, 'RotationCenter': {'x': 0, 'y': 0, 'z': 0}}
2026-06-24 10:48:48,986 - INFO - auto_fusion - AutoFusion.py - 

===== Finished AutoFusion =====


2026-06-24 12:00:56,062 - INFO - auto_fusion - AutoFusion.py - 

===== Running AutoFusion =====
2026-06-24 12:00:56,129 - INFO - auto_fusion - AutoFusion.py - Patient_ID: 12624887 || CaseName: Case 1
2026-06-24 12:00:56,133 - INFO - auto_fusion - AutoFusion.py - Current Windows User: NYUMC\WESTJ05
2026-06-24 12:00:56,207 - INFO - auto_fusion - main_auto_fusion.py - AutoFusion initialized...
2026-06-24 12:00:56,653 - INFO - auto_fusion - main_auto_fusion.py - Assigned target roi name to GTVp
2026-06-24 12:00:56,654 - INFO - auto_fusion - main_auto_fusion.py - Fusion popup window step skipped.
2026-06-24 12:00:56,806 - INFO - auto_fusion - main_auto_fusion.py - Target center of ROI target GTVp is: {'x': -1.7507064640018875, 'y': 2.7267315279389277, 'z': -5.462461966063973}
2026-06-24 12:00:56,838 - INFO - auto_fusion - main_auto_fusion.py - Creating fusion box...
2026-06-24 12:00:57,077 - INFO - auto_fusion - main_auto_fusion.py - Current moving image name: MR_for_CK
2026-06-24 12:00:57,166 - INFO - auto_fusion - main_auto_fusion.py - Fixed Bounding Box: [{'x': -32.563476550000004, 'y': -32.563476550000004, 'z': -28.15}, {'x': 32.43651064999999, 'y': 32.43651064999999, 'z': 18.35}]
2026-06-24 12:00:57,166 - INFO - auto_fusion - main_auto_fusion.py - Moving Bounding Box: [{'x': -12.769531643390442, 'y': -12.633153915404442, 'z': -9.3735466003418}, {'x': 12.830469691753398, 'y': 12.966847419739398, 'z': 5.326453399658199}]
2026-06-24 12:00:57,166 - INFO - auto_fusion - main_auto_fusion.py - Moving image transation: {'x': -1.8446584381833737, 'y': 2.4964018257714415, 'z': -8.33891536572217}
2026-06-24 12:00:57,166 - INFO - auto_fusion - main_auto_fusion.py - Creating registration for moving image named MR_for_CK...
2026-06-24 12:00:57,920 - INFO - auto_fusion - main_auto_fusion.py - Initial Alignment: {'YawDegrees': 0, 'PitchDegrees': 0, 'RollDegrees': 0, 'Translation': {'x': -1.8446584381833737, 'y': 2.4964018257714415, 'z': -8.33891536572217}, 'RotationCenter': {'x': 0, 'y': 0, 'z': 0}}
2026-06-24 12:01:28,330 - INFO - auto_fusion - AutoFusion.py - 

===== Finished AutoFusion =====


2026-06-24 12:51:43,036 - INFO - auto_fusion - AutoFusion.py - 

===== Running AutoFusion =====
2026-06-24 12:51:43,102 - INFO - auto_fusion - AutoFusion.py - Patient_ID: 17929839 || CaseName: Case 1
2026-06-24 12:51:43,106 - INFO - auto_fusion - AutoFusion.py - Current Windows User: NYUMC\MACMEW01
2026-06-24 12:51:43,175 - INFO - auto_fusion - main_auto_fusion.py - AutoFusion initialized...
2026-06-24 12:51:43,362 - INFO - auto_fusion - main_auto_fusion.py - Assigned target roi name to GTVp
2026-06-24 12:51:43,362 - INFO - auto_fusion - main_auto_fusion.py - Fusion popup window step skipped.
2026-06-24 12:51:43,496 - INFO - auto_fusion - main_auto_fusion.py - Target center of ROI target GTVp is: {'x': 0.9212904309082639, 'y': 2.713121218809746, 'z': -7.217465622868999}
2026-06-24 12:51:43,518 - INFO - auto_fusion - main_auto_fusion.py - Creating fusion box...
2026-06-24 12:51:43,613 - INFO - auto_fusion - main_auto_fusion.py - Current moving image name: MR 1
2026-06-24 12:51:43,648 - INFO - auto_fusion - main_auto_fusion.py - Fixed Bounding Box: [{'x': -32.563476550000004, 'y': -32.563476550000004, 'z': -28.475}, {'x': 32.43651064999999, 'y': 32.43651064999999, 'z': 19.9}]
2026-06-24 12:51:43,649 - INFO - auto_fusion - main_auto_fusion.py - Moving Bounding Box: [{'x': -9.846241000127074, 'y': -10.012421000000248, 'z': -2.336}, {'x': 16.153631000000246, 'y': 15.987451000127074, 'z': 9.363999999999999}]
2026-06-24 12:51:43,649 - INFO - auto_fusion - main_auto_fusion.py - Moving image transation: {'x': -2.295887519028329, 'y': -0.33787673125367457, 'z': -15.018965622869}
2026-06-24 12:51:43,649 - INFO - auto_fusion - main_auto_fusion.py - Creating registration for moving image named MR 1...
2026-06-24 12:51:44,536 - INFO - auto_fusion - main_auto_fusion.py - Initial Alignment: {'YawDegrees': 0, 'PitchDegrees': 0, 'RollDegrees': 0, 'Translation': {'x': -2.295887519028329, 'y': -0.33787673125367457, 'z': -15.018965622869}, 'RotationCenter': {'x': 0, 'y': 0, 'z': 0}}
2026-06-24 12:51:58,148 - INFO - auto_fusion - AutoFusion.py - 

===== Finished AutoFusion =====


2026-06-24 13:30:21,811 - INFO - auto_fusion - AutoFusion.py - 

===== Running AutoFusion =====
2026-06-24 13:30:21,878 - INFO - auto_fusion - AutoFusion.py - Patient_ID: 12492423 || CaseName: Case 1
2026-06-24 13:30:21,882 - INFO - auto_fusion - AutoFusion.py - Current Windows User: NYUMC\WESTJ05
2026-06-24 13:30:21,959 - INFO - auto_fusion - main_auto_fusion.py - AutoFusion initialized...
2026-06-24 13:30:22,347 - INFO - auto_fusion - main_auto_fusion.py - Assigned target roi name to GTVp
2026-06-24 13:30:22,347 - INFO - auto_fusion - main_auto_fusion.py - Fusion popup window step skipped.
2026-06-24 13:30:22,500 - INFO - auto_fusion - main_auto_fusion.py - Target center of ROI target GTVp is: {'x': -0.17913003255992657, 'y': 2.89419113740315, 'z': -1.5487678056302414}
2026-06-24 13:30:22,527 - INFO - auto_fusion - main_auto_fusion.py - Creating fusion box...
2026-06-24 13:30:22,730 - INFO - auto_fusion - main_auto_fusion.py - Current moving image name: MR_for_CK
2026-06-24 13:30:22,830 - INFO - auto_fusion - main_auto_fusion.py - Fixed Bounding Box: [{'x': -35.068359400000006, 'y': -35.068359400000006, 'z': -26.5}, {'x': 34.931666199999995, 'y': 34.931666199999995, 'z': 26.0}]
2026-06-24 13:30:22,831 - INFO - auto_fusion - main_auto_fusion.py - Moving Bounding Box: [{'x': -16.449981000127075, 'y': -10.932781000000249, 'z': 7.3924}, {'x': 9.549891000000247, 'y': 15.067091000127073, 'z': 19.092399999999998}]
2026-06-24 13:30:22,831 - INFO - auto_fusion - main_auto_fusion.py - Moving image transation: {'x': 3.2025683675034817, 'y': 0.7586895373397327, 'z': -15.041167805630241}
2026-06-24 13:30:22,831 - INFO - auto_fusion - main_auto_fusion.py - Creating registration for moving image named MR_for_CK...
2026-06-24 13:30:24,416 - INFO - auto_fusion - main_auto_fusion.py - Initial Alignment: {'YawDegrees': 180, 'PitchDegrees': 0, 'RollDegrees': 0, 'Translation': {'x': 3.2025683675034817, 'y': 0.7586895373397327, 'z': -15.041167805630241}, 'RotationCenter': {'x': 0, 'y': 0, 'z': 0}}
2026-06-24 14:08:07,477 - INFO - auto_fusion - AutoFusion.py - 

===== Running AutoFusion =====
2026-06-24 14:08:07,552 - INFO - auto_fusion - AutoFusion.py - Patient_ID: 13457907 || CaseName: Case 1
2026-06-24 14:08:07,556 - INFO - auto_fusion - AutoFusion.py - Current Windows User: NYUMC\MACMEW01
2026-06-24 14:08:07,636 - INFO - auto_fusion - main_auto_fusion.py - AutoFusion initialized...
2026-06-24 14:08:07,887 - INFO - auto_fusion - main_auto_fusion.py - Assigned target roi name to GTVp
2026-06-24 14:08:07,887 - INFO - auto_fusion - main_auto_fusion.py - Fusion popup window step skipped.
2026-06-24 14:08:08,056 - INFO - auto_fusion - main_auto_fusion.py - Target center of ROI target GTVp is: {'x': 0.08028174419180169, 'y': -3.9831351008450446, 'z': -6.025015746295437}
2026-06-24 14:08:08,100 - INFO - auto_fusion - main_auto_fusion.py - Creating fusion box...
2026-06-24 14:08:08,244 - INFO - auto_fusion - main_auto_fusion.py - Current moving image name: MR 1
2026-06-24 14:08:08,295 - INFO - auto_fusion - main_auto_fusion.py - Fixed Bounding Box: [{'x': -40.078125, 'y': -40.078125, 'z': -26.4805}, {'x': 39.921875, 'y': 39.921875, 'z': 28.0195}]
2026-06-24 14:08:08,296 - INFO - auto_fusion - main_auto_fusion.py - Moving Bounding Box: [{'x': -13.31061367988544, 'y': -13.895680427550442, 'z': 1.0873741149902298}, {'x': 12.2893876552584, 'y': 11.704320907593399, 'z': 15.7873748779297}]
2026-06-24 14:08:08,296 - INFO - auto_fusion - main_auto_fusion.py - Moving image transation: {'x': 0.5127697565053219, 'y': -2.9655803408665236, 'z': -13.6928902427554}
2026-06-24 14:08:08,296 - INFO - auto_fusion - main_auto_fusion.py - Creating registration for moving image named MR 1...
2026-06-24 14:08:09,609 - INFO - auto_fusion - main_auto_fusion.py - Initial Alignment: {'YawDegrees': 0, 'PitchDegrees': 0, 'RollDegrees': 0, 'Translation': {'x': 0.5127697565053219, 'y': -2.9655803408665236, 'z': -13.6928902427554}, 'RotationCenter': {'x': 0, 'y': 0, 'z': 0}}
2026-06-24 14:08:23,274 - INFO - auto_fusion - AutoFusion.py - 

===== Finished AutoFusion =====


2026-06-24 14:12:07,943 - INFO - auto_fusion - AutoFusion.py - 

===== Running AutoFusion =====
2026-06-24 14:12:08,008 - INFO - auto_fusion - AutoFusion.py - Patient_ID: 13457907 || CaseName: Case 1
2026-06-24 14:12:08,011 - INFO - auto_fusion - AutoFusion.py - Current Windows User: NYUMC\MACMEW01
2026-06-24 14:12:08,079 - INFO - auto_fusion - main_auto_fusion.py - AutoFusion initialized...
2026-06-24 14:12:08,271 - INFO - auto_fusion - main_auto_fusion.py - Assigned target roi name to GTVp
2026-06-24 14:12:08,271 - INFO - auto_fusion - main_auto_fusion.py - Fusion popup window step skipped.
2026-06-24 14:12:08,407 - INFO - auto_fusion - main_auto_fusion.py - Target center of ROI target GTVp is: {'x': 0.08028174419180169, 'y': -3.9831351008450446, 'z': -6.025015746295437}
2026-06-24 14:12:08,428 - INFO - auto_fusion - main_auto_fusion.py - Creating fusion box...
2026-06-24 14:12:08,553 - INFO - auto_fusion - main_auto_fusion.py - Current moving image name: MR 1
2026-06-24 14:12:08,585 - INFO - auto_fusion - main_auto_fusion.py - Fixed Bounding Box: [{'x': -40.078125, 'y': -40.078125, 'z': -26.4805}, {'x': 39.921875, 'y': 39.921875, 'z': 28.0195}]
2026-06-24 14:12:08,585 - INFO - auto_fusion - main_auto_fusion.py - Moving Bounding Box: [{'x': -13.31061367988544, 'y': -13.895680427550442, 'z': 1.0873741149902298}, {'x': 12.2893876552584, 'y': 11.704320907593399, 'z': 15.7873748779297}]
2026-06-24 14:12:08,585 - INFO - auto_fusion - main_auto_fusion.py - Moving image transation: {'x': 0.5127697565053219, 'y': -2.9655803408665236, 'z': -13.6928902427554}
2026-06-24 14:12:08,585 - INFO - auto_fusion - main_auto_fusion.py - Creating registration for moving image named MR 1...
2026-06-24 14:12:09,492 - INFO - auto_fusion - main_auto_fusion.py - Initial Alignment: {'YawDegrees': 0, 'PitchDegrees': 0, 'RollDegrees': 0, 'Translation': {'x': 0.5127697565053219, 'y': -2.9655803408665236, 'z': -13.6928902427554}, 'RotationCenter': {'x': 0, 'y': 0, 'z': 0}}
2026-06-24 14:12:24,014 - INFO - auto_fusion - AutoFusion.py - 

===== Finished AutoFusion =====


2026-06-25 14:53:36,959 - INFO - auto_fusion - AutoFusion.py - 

===== Running AutoFusion =====
2026-06-25 14:53:37,045 - INFO - auto_fusion - AutoFusion.py - Patient_ID: 9938682 || CaseName: Case 1
2026-06-25 14:53:37,049 - INFO - auto_fusion - AutoFusion.py - Current Windows User: NYUMC\CHANG05
2026-06-25 14:53:37,140 - INFO - auto_fusion - main_auto_fusion.py - AutoFusion initialized...
2026-06-25 14:53:37,313 - INFO - auto_fusion - main_auto_fusion.py - Assigned target roi name to GTVp
2026-06-25 14:53:37,313 - INFO - auto_fusion - main_auto_fusion.py - Fusion popup window step skipped.
2026-06-25 14:53:37,454 - INFO - auto_fusion - main_auto_fusion.py - Target center of ROI target GTVp is: {'x': -0.13198022811219867, 'y': 1.1980914294779192, 'z': 0.3125858477776908}
2026-06-25 14:53:37,483 - INFO - auto_fusion - main_auto_fusion.py - Creating fusion box...
2026-06-25 14:53:37,613 - INFO - auto_fusion - main_auto_fusion.py - Current moving image name: MRI_CK
2026-06-25 14:53:37,756 - INFO - auto_fusion - main_auto_fusion.py - Fixed Bounding Box: [{'x': -32.563476550000004, 'y': -32.563476550000004, 'z': -22.1}, {'x': 32.43651064999999, 'y': 32.43651064999999, 'z': 26.9}]
2026-06-25 14:53:37,757 - INFO - auto_fusion - main_auto_fusion.py - Moving Bounding Box: [{'x': -11.777546119689442, 'y': -12.723333805799442, 'z': -10.275352478027}, {'x': 13.822455215454399, 'y': 12.876667529344399, 'z': 4.424647903442381}]
2026-06-25 14:53:37,757 - INFO - auto_fusion - main_auto_fusion.py - Moving image transation: {'x': -1.2179177259946854, 'y': 1.0579416177054326, 'z': 5.637938135069998}
2026-06-25 14:53:37,757 - INFO - auto_fusion - main_auto_fusion.py - Creating registration for moving image named MRI_CK...
2026-06-25 14:53:38,937 - INFO - auto_fusion - main_auto_fusion.py - Initial Alignment: {'YawDegrees': 0, 'PitchDegrees': 0, 'RollDegrees': 0, 'Translation': {'x': -1.2179177259946854, 'y': 1.0579416177054326, 'z': 5.637938135069998}, 'RotationCenter': {'x': 0, 'y': 0, 'z': 0}}
2026-06-25 14:54:45,843 - INFO - auto_fusion - AutoFusion.py - 

===== Finished AutoFusion =====


2026-06-26 10:33:59,347 - INFO - auto_fusion - AutoFusion.py - 

===== Running AutoFusion =====
2026-06-26 10:33:59,416 - INFO - auto_fusion - AutoFusion.py - Patient_ID: 12315118 || CaseName: Case 3
2026-06-26 10:33:59,421 - INFO - auto_fusion - AutoFusion.py - Current Windows User: NYUMC\WESTJ05
2026-06-26 10:33:59,501 - INFO - auto_fusion - main_auto_fusion.py - AutoFusion initialized...
2026-06-26 10:33:59,820 - INFO - auto_fusion - main_auto_fusion.py - Assigned target roi name to Brain
2026-06-26 10:33:59,820 - INFO - auto_fusion - main_auto_fusion.py - Fusion popup window step skipped.
2026-06-26 10:34:00,020 - INFO - auto_fusion - main_auto_fusion.py - Target center of ROI target Brain is: {'x': -0.049294775243883704, 'y': 3.4504546070928956, 'z': -4.546637319970665}
2026-06-26 10:34:00,085 - INFO - auto_fusion - main_auto_fusion.py - Creating fusion box...
2026-06-26 10:34:00,367 - INFO - auto_fusion - main_auto_fusion.py - Current moving image name: MR_for_CK
2026-06-26 10:34:00,464 - INFO - auto_fusion - main_auto_fusion.py - Fixed Bounding Box: [{'x': -32.563476550000004, 'y': -32.563476550000004, 'z': -20.25}, {'x': 32.43651064999999, 'y': 32.43651064999999, 'z': 9.0}]
2026-06-26 10:34:00,465 - INFO - auto_fusion - main_auto_fusion.py - Moving Bounding Box: [{'x': -13.421713304519162, 'y': -13.932843589782163, 'z': -11.265145874023}, {'x': 12.578287076950438, 'y': 12.067156791687438, 'z': 8.634854125976558}]
2026-06-26 10:34:00,465 - INFO - auto_fusion - main_auto_fusion.py - Moving image transation: {'x': 0.3089353885404702, 'y': 4.31981505614025, 'z': -8.856491445947443}
2026-06-26 10:34:00,465 - INFO - auto_fusion - main_auto_fusion.py - Creating registration for moving image named MR_for_CK...
2026-06-26 10:34:01,244 - INFO - auto_fusion - main_auto_fusion.py - Initial Alignment: {'YawDegrees': 0, 'PitchDegrees': 0, 'RollDegrees': 0, 'Translation': {'x': 0.3089353885404702, 'y': 4.31981505614025, 'z': -8.856491445947443}, 'RotationCenter': {'x': 0, 'y': 0, 'z': 0}}
2026-06-26 10:34:46,820 - INFO - auto_fusion - AutoFusion.py - 

===== Finished AutoFusion =====


2026-06-26 12:12:06,451 - INFO - auto_fusion - AutoFusion.py - 

===== Running AutoFusion =====
2026-06-26 12:12:06,517 - INFO - auto_fusion - AutoFusion.py - Patient_ID: 0191029 || CaseName: Case 2
2026-06-26 12:12:06,520 - INFO - auto_fusion - AutoFusion.py - Current Windows User: NYUMC\WESTJ05
2026-06-26 12:12:06,591 - INFO - auto_fusion - main_auto_fusion.py - AutoFusion initialized...
2026-06-26 12:12:06,947 - INFO - auto_fusion - main_auto_fusion.py - Assigned target roi name to GTVp
2026-06-26 12:12:06,947 - INFO - auto_fusion - main_auto_fusion.py - Fusion popup window step skipped.
2026-06-26 12:12:07,086 - INFO - auto_fusion - main_auto_fusion.py - Target center of ROI target GTVp is: {'x': 2.105645980111084, 'y': -0.8484922451569974, 'z': 3.203621380368621}
2026-06-26 12:12:07,122 - INFO - auto_fusion - main_auto_fusion.py - Creating fusion box...
2026-06-26 12:12:07,328 - INFO - auto_fusion - main_auto_fusion.py - Current moving image name: MR_for_CK
2026-06-26 12:12:07,429 - INFO - auto_fusion - main_auto_fusion.py - Fixed Bounding Box: [{'x': -40.078125, 'y': -40.078125, 'z': -20.6055}, {'x': 39.921875, 'y': 39.921875, 'z': 34.2695}]
2026-06-26 12:12:07,429 - INFO - auto_fusion - main_auto_fusion.py - Moving Bounding Box: [{'x': -12.147010517184073, 'y': -10.725678443972248, 'z': -2.7873962402343997}, {'x': 13.852989482943249, 'y': 15.274321556155074, 'z': 8.912603759765599}]
2026-06-26 12:12:07,430 - INFO - auto_fusion - main_auto_fusion.py - Moving image transation: {'x': 1.174531497231496, 'y': -3.2009388012484106, 'z': 6.973017620603021}
2026-06-26 12:12:07,430 - INFO - auto_fusion - main_auto_fusion.py - Creating registration for moving image named MR_for_CK...
2026-06-26 12:12:08,212 - INFO - auto_fusion - main_auto_fusion.py - Initial Alignment: {'YawDegrees': 0, 'PitchDegrees': 0, 'RollDegrees': 0, 'Translation': {'x': 1.174531497231496, 'y': -3.2009388012484106, 'z': 6.973017620603021}, 'RotationCenter': {'x': 0, 'y': 0, 'z': 0}}
2026-06-26 12:14:14,659 - INFO - auto_fusion - AutoFusion.py - 

===== Finished AutoFusion =====


